Pagina;Extenso;Submit;Acessos;Data;Mes;Ano
/adversario;20230803;21;27;03/08/2023;8;2023
/adversario;20230804;28;29;04/08/2023;8;2023
/adversario;20230805;17;17;05/08/2023;8;2023
/adversario;20230806;22;24;06/08/2023;8;2023
/adversario;20230807;36;41;07/08/2023;8;2023
/adversario;20230808;26;30;08/08/2023;8;2023
/adversario;20230809;39;42;09/08/2023;8;2023
/adversario;20230810;56;62;10/08/2023;8;2023
/adversario;20230811;41;44;11/08/2023;8;2023
/adversario;20230812;21;26;12/08/2023;8;2023
/adversario;20230813;29;32;13/08/2023;8;2023
/adversario;20230814;1;2;14/08/2023;8;2023
/adversario;20230815;15;16;15/08/2023;8;2023
/adversario;20230816;6;8;16/08/2023;8;2023
/adversario;20230817;9;10;17/08/2023;8;2023
/adversario;20230818;14;18;18/08/2023;8;2023
/adversario;20230819;34;40;19/08/2023;8;2023
/adversario;20230820;11;12;20/08/2023;8;2023
/adversario;20230821;18;22;21/08/2023;8;2023
/adversario;20230822;26;33;22/08/2023;8;2023
/adversario;20230823;16;18;23/08/2023;8;2023
/adversario;20230824;38;40;24/08/2023;8;2023
/adversario;20230825;37;44;25/08/2023;8;2023
/adversario;20230826;68;75;26/08/2023;8;2023
/adversario;20230827;30;34;27/08/2023;8;2023
/adversario;20230828;24;26;28/08/2023;8;2023
/adversario;20230829;41;45;29/08/2023;8;2023
/adversario;20230830;27;29;30/08/2023;8;2023
/adversario;20230831;25;31;31/08/2023;8;2023
/adversario;20230901;45;49;01/09/2023;9;2023
/adversario;20230902;18;22;02/09/2023;9;2023
/adversario;20230903;28;35;03/09/2023;9;2023
/adversario;20230904;13;15;04/09/2023;9;2023
/adversario;20230905;32;37;05/09/2023;9;2023
/adversario;20230906;16;19;06/09/2023;9;2023
/adversario;20230907;20;22;07/09/2023;9;2023
/adversario;20230908;11;15;08/09/2023;9;2023
/adversario;20230909;24;28;09/09/2023;9;2023
/adversario;20230910;15;15;10/09/2023;9;2023
/adversario;20230911;31;33;11/09/2023;9;2023
/adversario;20230912;22;26;12/09/2023;9;2023
/adversario;20230913;49;51;13/09/2023;9;2023
/adversario;20230914;39;47;14/09/2023;9;2023
/adversario;20230915;40;51;15/09/2023;9;2023
/adversario;20230916;64;71;16/09/2023;9;2023
/adversario;20230917;10;11;17/09/2023;9;2023
/adversario;20230918;28;31;18/09/2023;9;2023
/adversario;20230919;58;66;19/09/2023;9;2023
/adversario;20230920;44;48;20/09/2023;9;2023
/adversario;20230921;51;54;21/09/2023;9;2023
/adversario;20230922;13;13;22/09/2023;9;2023
/adversario;20230923;18;20;23/09/2023;9;2023
/adversario;20230924;12;13;24/09/2023;9;2023
/adversario;20230925;25;34;25/09/2023;9;2023
/adversario;20230926;30;35;26/09/2023;9;2023
/adversario;20230927;33;37;27/09/2023;9;2023
/adversario;20230928;27;32;28/09/2023;9;2023
/adversario;20230929;23;29;29/09/2023;9;2023
/adversario;20230930;14;16;30/09/2023;9;2023
/adversario;20231001;10;11;01/10/2023;10;2023
/adversario;20231002;17;18;02/10/2023;10;2023
/adversario;20231003;17;18;03/10/2023;10;2023
/adversario;20231004;22;27;04/10/2023;10;2023
/adversario;20231005;58;61;05/10/2023;10;2023
/adversario;20231006;46;53;06/10/2023;10;2023
/adversario;20231007;15;21;07/10/2023;10;2023
/adversario;20231008;40;43;08/10/2023;10;2023
/adversario;20231009;26;28;09/10/2023;10;2023
/adversario;20231010;22;24;10/10/2023;10;2023
/adversario;20231011;11;15;11/10/2023;10;2023
/adversario;20231012;7;7;12/10/2023;10;2023
/adversario;20231013;3;4;13/10/2023;10;2023
/adversario;20231014;7;7;14/10/2023;10;2023
/adversario;20231015;6;6;15/10/2023;10;2023
/adversario;20231016;14;15;16/10/2023;10;2023
/adversario;20231017;13;18;17/10/2023;10;2023
/adversario;20231018;16;17;18/10/2023;10;2023
/adversario;20231019;19;21;19/10/2023;10;2023
/adversario;20231020;20;21;20/10/2023;10;2023
/adversario;20231021;18;21;21/10/2023;10;2023
/adversario;20231022;19;25;22/10/2023;10;2023
/adversario;20231023;16;19;23/10/2023;10;2023
/adversario;20231024;19;19;24/10/2023;10;2023
/adversario;20231025;44;51;25/10/2023;10;2023
/adversario;20231026;33;35;26/10/2023;10;2023
/adversario;20231027;60;64;27/10/2023;10;2023
/adversario;20231028;19;22;28/10/2023;10;2023
/adversario;20231029;11;14;29/10/2023;10;2023
/adversario;20231030;16;18;30/10/2023;10;2023
/adversario;20231031;22;25;31/10/2023;10;2023
/adversario;20231101;19;22;01/11/2023;11;2023
/adversario;20231102;6;8;02/11/2023;11;2023
/adversario;20231103;10;14;03/11/2023;11;2023
/adversario;20231104;20;24;04/11/2023;11;2023
/adversario;20231105;31;36;05/11/2023;11;2023
/adversario;20231106;25;29;06/11/2023;11;2023
/adversario;20231107;18;19;07/11/2023;11;2023
/adversario;20231108;44;51;08/11/2023;11;2023
/adversario;20231109;36;39;09/11/2023;11;2023
/adversario;20231110;20;25;10/11/2023;11;2023
/adversario;20231111;30;33;11/11/2023;11;2023
/adversario;20231112;12;12;12/11/2023;11;2023
/adversario;20231113;9;10;13/11/2023;11;2023
/adversario;20231114;9;10;14/11/2023;11;2023
/adversario;20231115;10;15;15/11/2023;11;2023
/adversario;20231116;7;8;16/11/2023;11;2023
/adversario;20231117;9;11;17/11/2023;11;2023
/adversario;20231118;13;17;18/11/2023;11;2023
/adversario;20231119;15;20;19/11/2023;11;2023
/adversario;20231120;10;10;20/11/2023;11;2023
/adversario;20231121;11;14;21/11/2023;11;2023
/adversario;20231122;28;34;22/11/2023;11;2023
/adversario;20231123;40;45;23/11/2023;11;2023
/adversario;20231124;28;32;24/11/2023;11;2023
/adversario;20231125;49;53;25/11/2023;11;2023
/adversario;20231126;27;28;26/11/2023;11;2023
/adversario;20231127;30;33;27/11/2023;11;2023
/adversario;20231128;22;24;28/11/2023;11;2023
/adversario;20231129;65;72;29/11/2023;11;2023
/adversario;20231130;44;47;30/11/2023;11;2023
/adversario;20231201;28;35;01/12/2023;12;2023
/adversario;20231202;13;16;02/12/2023;12;2023
/adversario;20231203;19;24;03/12/2023;12;2023
/adversario;20231204;10;10;04/12/2023;12;2023
/adversario;20231205;21;23;05/12/2023;12;2023
/adversario;20231206;44;49;06/12/2023;12;2023
/adversario;20231207;26;29;07/12/2023;12;2023
/adversario;20231208;31;34;08/12/2023;12;2023
/adversario;20231209;13;16;09/12/2023;12;2023
/adversario;20231210;10;12;10/12/2023;12;2023
/adversario;20231211;4;6;11/12/2023;12;2023
/adversario;20231212;6;6;12/12/2023;12;2023
/adversario;20231213;18;20;13/12/2023;12;2023
/adversario;20231214;23;27;14/12/2023;12;2023
/adversario;20231215;51;56;15/12/2023;12;2023
/adversario;20231216;12;15;16/12/2023;12;2023
/adversario;20231217;24;29;17/12/2023;12;2023
/adversario;20231218;41;48;18/12/2023;12;2023
/adversario;20231219;48;53;19/12/2023;12;2023
/adversario;20231220;25;28;20/12/2023;12;2023
/adversario;20231221;17;21;21/12/2023;12;2023
/adversario;20231222;16;19;22/12/2023;12;2023
/adversario;20231223;11;12;23/12/2023;12;2023
/adversario;20231224;2;2;24/12/2023;12;2023
/adversario;20231225;8;8;25/12/2023;12;2023
/adversario;20231226;4;4;26/12/2023;12;2023
/adversario;20231227;7;9;27/12/2023;12;2023
/adversario;20231228;5;5;28/12/2023;12;2023
/adversario;20231229;4;4;29/12/2023;12;2023
/adversario;20231230;2;4;30/12/2023;12;2023
/adversario;20231231;1;7;31/12/2023;12;2023
/adversario;20240101;4;4;01/01/2024;1;2024
/adversario;20240102;9;12;02/01/2024;1;2024
/adversario;20240103;2;3;03/01/2024;1;2024
/adversario;20240104;12;15;04/01/2024;1;2024
/adversario;20240105;3;5;05/01/2024;1;2024
/adversario;20240106;8;10;06/01/2024;1;2024
/adversario;20240107;11;17;07/01/2024;1;2024
/adversario;20240108;12;14;08/01/2024;1;2024
/adversario;20240109;14;15;09/01/2024;1;2024
/adversario;20240110;9;10;10/01/2024;1;2024
/adversario;20240111;16;19;11/01/2024;1;2024
/adversario;20240112;6;7;12/01/2024;1;2024
/adversario;20240113;17;20;13/01/2024;1;2024
/adversario;20240114;5;5;14/01/2024;1;2024
/adversario;20240115;15;18;15/01/2024;1;2024
/adversario;20240116;20;23;16/01/2024;1;2024
/adversario;20240117;30;40;17/01/2024;1;2024
/adversario;20240118;23;27;18/01/2024;1;2024
/adversario;20240119;9;12;19/01/2024;1;2024
/adversario;20240120;13;14;20/01/2024;1;2024
/adversario;20240121;37;42;21/01/2024;1;2024
/adversario;20240122;17;18;22/01/2024;1;2024
/adversario;20240123;8;8;23/01/2024;1;2024
/adversario;20240124;13;17;24/01/2024;1;2024
/adversario;20240125;19;24;25/01/2024;1;2024
/adversario;20240126;21;24;26/01/2024;1;2024
/adversario;20240127;6;6;27/01/2024;1;2024
/adversario;20240128;6;7;28/01/2024;1;2024
/adversario;20240129;3;2;29/01/2024;1;2024
/adversario;20240130;20;25;30/01/2024;1;2024
/adversario;20240131;19;21;31/01/2024;1;2024
/adversario;20240201;22;30;01/02/2024;2;2024
/adversario;20240202;27;29;02/02/2024;2;2024
/adversario;20240203;7;11;03/02/2024;2;2024
/adversario;20240204;22;27;04/02/2024;2;2024
/adversario;20240205;38;48;05/02/2024;2;2024
/adversario;20240206;19;27;06/02/2024;2;2024
/adversario;20240207;13;18;07/02/2024;2;2024
/adversario;20240208;25;32;08/02/2024;2;2024
/adversario;20240209;29;40;09/02/2024;2;2024
/adversario;20240210;25;36;10/02/2024;2;2024
/adversario;20240211;4;18;11/02/2024;2;2024
/adversario;20240212;2;10;12/02/2024;2;2024
/adversario;20240213;12;20;13/02/2024;2;2024
/adversario;20240214;12;15;14/02/2024;2;2024
/adversario;20240215;14;18;15/02/2024;2;2024
/adversario;20240216;34;35;16/02/2024;2;2024
/adversario;20240217;18;19;17/02/2024;2;2024
/adversario;20240218;8;12;18/02/2024;2;2024
/adversario;20240219;18;20;19/02/2024;2;2024
/adversario;20240220;11;16;20/02/2024;2;2024
/adversario;20240221;19;28;21/02/2024;2;2024
/adversario;20240222;31;59;22/02/2024;2;2024
/adversario;20240223;18;41;23/02/2024;2;2024
/adversario;20240224;10;10;24/02/2024;2;2024
/adversario;20240225;21;22;25/02/2024;2;2024
/adversario;20240226;13;18;26/02/2024;2;2024
/adversario;20240227;26;35;27/02/2024;2;2024
/adversario;20240228;22;26;28/02/2024;2;2024
/adversario;20240229;13;16;29/02/2024;2;2024
/adversario;20240301;27;35;01/03/2024;3;2024
/adversario;20240302;20;23;02/03/2024;3;2024
/adversario;20240303;25;27;03/03/2024;3;2024
/adversario;20240304;32;36;04/03/2024;3;2024
/adversario;20240305;8;8;05/03/2024;3;2024
/adversario;20240306;19;21;06/03/2024;3;2024
/adversario;20240307;8;9;07/03/2024;3;2024
/adversario;20240308;13;14;08/03/2024;3;2024
/adversario;20240309;16;17;09/03/2024;3;2024
/adversario;20240310;15;19;10/03/2024;3;2024
/adversario;20240311;6;7;11/03/2024;3;2024
/adversario;20240312;8;11;12/03/2024;3;2024
/adversario;20240313;9;11;13/03/2024;3;2024
/adversario;20240314;9;13;14/03/2024;3;2024
/adversario;20240315;5;7;15/03/2024;3;2024
/adversario;20240316;5;5;16/03/2024;3;2024
/adversario;20240317;16;16;17/03/2024;3;2024
/adversario;20240318;80;89;18/03/2024;3;2024
/adversario;20240319;91;98;19/03/2024;3;2024
/adversario;20240320;43;46;20/03/2024;3;2024
/adversario;20240321;6;6;21/03/2024;3;2024
/adversario;20240322;7;11;22/03/2024;3;2024
/adversario;20240323;4;4;23/03/2024;3;2024
/adversario;20240324;6;6;24/03/2024;3;2024
/arbitro;20230803;11;11;03/08/2023;8;2023
/arbitro;20230804;4;6;04/08/2023;8;2023
/arbitro;20230805;10;13;05/08/2023;8;2023
/arbitro;20230806;2;3;06/08/2023;8;2023
/arbitro;20230807;5;6;07/08/2023;8;2023
/arbitro;20230808;3;4;08/08/2023;8;2023
/arbitro;20230809;1;1;09/08/2023;8;2023
/arbitro;20230810;5;6;10/08/2023;8;2023
/arbitro;20230811;4;4;11/08/2023;8;2023
/arbitro;20230812;0;1;12/08/2023;8;2023
/arbitro;20230813;6;7;13/08/2023;8;2023
/arbitro;20230814;2;3;14/08/2023;8;2023
/arbitro;20230815;2;3;15/08/2023;8;2023
/arbitro;20230817;3;3;17/08/2023;8;2023
/arbitro;20230818;6;8;18/08/2023;8;2023
/arbitro;20230819;2;4;19/08/2023;8;2023
/arbitro;20230820;3;4;20/08/2023;8;2023
/arbitro;20230821;2;4;21/08/2023;8;2023
/arbitro;20230822;0;1;22/08/2023;8;2023
/arbitro;20230823;2;3;23/08/2023;8;2023
/arbitro;20230824;4;7;24/08/2023;8;2023
/arbitro;20230825;3;5;25/08/2023;8;2023
/arbitro;20230826;10;31;26/08/2023;8;2023
/arbitro;20230827;10;12;27/08/2023;8;2023
/arbitro;20230828;4;7;28/08/2023;8;2023
/arbitro;20230829;1;2;29/08/2023;8;2023
/arbitro;20230830;5;5;30/08/2023;8;2023
/arbitro;20230831;5;13;31/08/2023;8;2023
/arbitro;20230901;2;4;01/09/2023;9;2023
/arbitro;20230902;3;3;02/09/2023;9;2023
/arbitro;20230903;4;9;03/09/2023;9;2023
/arbitro;20230905;6;8;05/09/2023;9;2023
/arbitro;20230906;10;10;06/09/2023;9;2023
/arbitro;20230907;0;1;07/09/2023;9;2023
/arbitro;20230908;0;3;08/09/2023;9;2023
/arbitro;20230909;3;4;09/09/2023;9;2023
/arbitro;20230910;1;2;10/09/2023;9;2023
/arbitro;20230911;1;2;11/09/2023;9;2023
/arbitro;20230912;3;3;12/09/2023;9;2023
/arbitro;20230913;0;1;13/09/2023;9;2023
/arbitro;20230914;0;3;14/09/2023;9;2023
/arbitro;20230915;5;6;15/09/2023;9;2023
/arbitro;20230916;17;23;16/09/2023;9;2023
/arbitro;20230917;12;13;17/09/2023;9;2023
/arbitro;20230918;9;16;18/09/2023;9;2023
/arbitro;20230919;10;13;19/09/2023;9;2023
/arbitro;20230920;1;6;20/09/2023;9;2023
/arbitro;20230921;4;5;21/09/2023;9;2023
/arbitro;20230922;19;20;22/09/2023;9;2023
/arbitro;20230923;2;4;23/09/2023;9;2023
/arbitro;20230924;1;2;24/09/2023;9;2023
/arbitro;20230925;1;3;25/09/2023;9;2023
/arbitro;20230926;4;5;26/09/2023;9;2023
/arbitro;20230927;4;5;27/09/2023;9;2023
/arbitro;20230928;2;4;28/09/2023;9;2023
/arbitro;20230929;15;19;29/09/2023;9;2023
/arbitro;20230930;4;4;30/09/2023;9;2023
/arbitro;20231002;2;3;02/10/2023;10;2023
/arbitro;20231003;2;6;03/10/2023;10;2023
/arbitro;20231004;6;7;04/10/2023;10;2023
/arbitro;20231005;3;4;05/10/2023;10;2023
/arbitro;20231006;3;5;06/10/2023;10;2023
/arbitro;20231007;6;6;07/10/2023;10;2023
/arbitro;20231008;3;3;08/10/2023;10;2023
/arbitro;20231009;1;2;09/10/2023;10;2023
/arbitro;20231010;5;6;10/10/2023;10;2023
/arbitro;20231011;1;2;11/10/2023;10;2023
/arbitro;20231012;2;3;12/10/2023;10;2023
/arbitro;20231014;4;4;14/10/2023;10;2023
/arbitro;20231017;16;19;17/10/2023;10;2023
/arbitro;20231018;13;13;18/10/2023;10;2023
/arbitro;20231019;14;16;19/10/2023;10;2023
/arbitro;20231020;24;27;20/10/2023;10;2023
/arbitro;20231021;7;9;21/10/2023;10;2023
/arbitro;20231022;6;8;22/10/2023;10;2023
/arbitro;20231023;13;13;23/10/2023;10;2023
/arbitro;20231024;8;9;24/10/2023;10;2023
/arbitro;20231025;83;92;25/10/2023;10;2023
/arbitro;20231026;8;10;26/10/2023;10;2023
/arbitro;20231027;10;12;27/10/2023;10;2023
/arbitro;20231028;14;15;28/10/2023;10;2023
/arbitro;20231029;5;6;29/10/2023;10;2023
/arbitro;20231030;2;4;30/10/2023;10;2023
/arbitro;20231031;5;7;31/10/2023;10;2023
/arbitro;20231101;3;3;01/11/2023;11;2023
/arbitro;20231102;1;2;02/11/2023;11;2023
/arbitro;20231104;3;4;04/11/2023;11;2023
/arbitro;20231105;2;3;05/11/2023;11;2023
/arbitro;20231106;1;2;06/11/2023;11;2023
/arbitro;20231107;3;5;07/11/2023;11;2023
/arbitro;20231108;4;6;08/11/2023;11;2023
/arbitro;20231109;1;2;09/11/2023;11;2023
/arbitro;20231110;9;11;10/11/2023;11;2023
/arbitro;20231111;10;15;11/11/2023;11;2023
/arbitro;20231112;0;1;12/11/2023;11;2023
/arbitro;20231113;5;5;13/11/2023;11;2023
/arbitro;20231115;0;1;15/11/2023;11;2023
/arbitro;20231116;2;3;16/11/2023;11;2023
/arbitro;20231118;1;1;18/11/2023;11;2023
/arbitro;20231120;1;1;20/11/2023;11;2023
/arbitro;20231121;3;3;21/11/2023;11;2023
/arbitro;20231122;7;12;22/11/2023;11;2023
/arbitro;20231123;1;1;23/11/2023;11;2023
/arbitro;20231124;7;8;24/11/2023;11;2023
/arbitro;20231125;3;4;25/11/2023;11;2023
/arbitro;20231126;2;3;26/11/2023;11;2023
/arbitro;20231127;5;8;27/11/2023;11;2023
/arbitro;20231128;2;2;28/11/2023;11;2023
/arbitro;20231129;3;4;29/11/2023;11;2023
/arbitro;20231130;0;3;30/11/2023;11;2023
/arbitro;20231201;1;1;01/12/2023;12;2023
/arbitro;20231202;1;1;02/12/2023;12;2023
/arbitro;20231203;2;2;03/12/2023;12;2023
/arbitro;20231204;4;5;04/12/2023;12;2023
/arbitro;20231205;2;2;05/12/2023;12;2023
/arbitro;20231206;10;12;06/12/2023;12;2023
/arbitro;20231207;7;12;07/12/2023;12;2023
/arbitro;20231208;4;5;08/12/2023;12;2023
/arbitro;20231209;2;2;09/12/2023;12;2023
/arbitro;20231210;4;6;10/12/2023;12;2023
/arbitro;20231211;1;2;11/12/2023;12;2023
/arbitro;20231213;1;1;13/12/2023;12;2023
/arbitro;20231214;1;1;14/12/2023;12;2023
/arbitro;20231215;1;2;15/12/2023;12;2023
/arbitro;20231217;1;3;17/12/2023;12;2023
/arbitro;20231218;0;3;18/12/2023;12;2023
/arbitro;20231219;3;4;19/12/2023;12;2023
/arbitro;20231220;1;2;20/12/2023;12;2023
/arbitro;20231221;2;4;21/12/2023;12;2023
/arbitro;20231222;1;1;22/12/2023;12;2023
/arbitro;20231223;1;1;23/12/2023;12;2023
/arbitro;20231225;0;1;25/12/2023;12;2023
/arbitro;20231226;1;3;26/12/2023;12;2023
/arbitro;20231227;2;2;27/12/2023;12;2023
/arbitro;20231228;0;2;28/12/2023;12;2023
/arbitro;20231230;0;1;30/12/2023;12;2023
/arbitro;20231231;1;1;31/12/2023;12;2023
/arbitro;20240101;0;1;01/01/2024;1;2024
/arbitro;20240102;0;1;02/01/2024;1;2024
/arbitro;20240104;0;1;04/01/2024;1;2024
/arbitro;20240105;0;1;05/01/2024;1;2024
/arbitro;20240107;0;1;07/01/2024;1;2024
/arbitro;20240108;1;2;08/01/2024;1;2024
/arbitro;20240110;1;1;10/01/2024;1;2024
/arbitro;20240111;0;1;11/01/2024;1;2024
/arbitro;20240112;0;1;12/01/2024;1;2024
/arbitro;20240113;1;1;13/01/2024;1;2024
/arbitro;20240114;1;2;14/01/2024;1;2024
/arbitro;20240116;4;4;16/01/2024;1;2024
/arbitro;20240117;3;4;17/01/2024;1;2024
/arbitro;20240118;1;2;18/01/2024;1;2024
/arbitro;20240119;2;3;19/01/2024;1;2024
/arbitro;20240120;3;3;20/01/2024;1;2024
/arbitro;20240121;6;9;21/01/2024;1;2024
/arbitro;20240122;3;4;22/01/2024;1;2024
/arbitro;20240123;0;4;23/01/2024;1;2024
/arbitro;20240124;2;3;24/01/2024;1;2024
/arbitro;20240125;3;4;25/01/2024;1;2024
/arbitro;20240126;0;1;26/01/2024;1;2024
/arbitro;20240127;1;2;27/01/2024;1;2024
/arbitro;20240128;2;3;28/01/2024;1;2024
/arbitro;20240130;0;2;30/01/2024;1;2024
/arbitro;20240131;3;4;31/01/2024;1;2024
/arbitro;20240201;2;4;01/02/2024;2;2024
/arbitro;20240202;1;1;02/02/2024;2;2024
/arbitro;20240204;2;5;04/02/2024;2;2024
/arbitro;20240206;8;11;06/02/2024;2;2024
/arbitro;20240207;4;4;07/02/2024;2;2024
/arbitro;20240208;1;1;08/02/2024;2;2024
/arbitro;20240209;2;4;09/02/2024;2;2024
/arbitro;20240210;1;1;10/02/2024;2;2024
/arbitro;20240212;2;2;12/02/2024;2;2024
/arbitro;20240213;1;1;13/02/2024;2;2024
/arbitro;20240214;6;6;14/02/2024;2;2024
/arbitro;20240215;10;24;15/02/2024;2;2024
/arbitro;20240216;7;39;16/02/2024;2;2024
/arbitro;20240217;2;3;17/02/2024;2;2024
/arbitro;20240219;2;3;19/02/2024;2;2024
/arbitro;20240220;0;1;20/02/2024;2;2024
/arbitro;20240221;10;108;21/02/2024;2;2024
/arbitro;20240222;3;10;22/02/2024;2;2024
/arbitro;20240223;32;56;23/02/2024;2;2024
/arbitro;20240224;15;21;24/02/2024;2;2024
/arbitro;20240225;3;5;25/02/2024;2;2024
/arbitro;20240226;4;9;26/02/2024;2;2024
/arbitro;20240227;1;8;27/02/2024;2;2024
/arbitro;20240228;2;9;28/02/2024;2;2024
/arbitro;20240229;10;10;29/02/2024;2;2024
/arbitro;20240301;3;8;01/03/2024;3;2024
/arbitro;20240302;0;1;02/03/2024;3;2024
/arbitro;20240303;5;8;03/03/2024;3;2024
/arbitro;20240304;3;4;04/03/2024;3;2024
/arbitro;20240305;0;1;05/03/2024;3;2024
/arbitro;20240306;0;1;06/03/2024;3;2024
/arbitro;20240307;3;3;07/03/2024;3;2024
/arbitro;20240308;4;4;08/03/2024;3;2024
/arbitro;20240309;9;11;09/03/2024;3;2024
/arbitro;20240310;1;1;10/03/2024;3;2024
/arbitro;20240311;0;1;11/03/2024;3;2024
/arbitro;20240312;0;4;12/03/2024;3;2024
/arbitro;20240313;3;3;13/03/2024;3;2024
/arbitro;20240314;8;8;14/03/2024;3;2024
/arbitro;20240315;7;8;15/03/2024;3;2024
/arbitro;20240316;3;3;16/03/2024;3;2024
/arbitro;20240318;0;3;18/03/2024;3;2024
/arbitro;20240319;3;6;19/03/2024;3;2024
/arbitro;20240320;4;5;20/03/2024;3;2024
/arbitro;20240323;1;1;23/03/2024;3;2024
/campeonato;20230803;14;19;03/08/2023;8;2023
/campeonato;20230804;5;6;04/08/2023;8;2023
/campeonato;20230805;2;2;05/08/2023;8;2023
/campeonato;20230806;33;37;06/08/2023;8;2023
/campeonato;20230807;19;22;07/08/2023;8;2023
/campeonato;20230808;8;12;08/08/2023;8;2023
/campeonato;20230809;17;18;09/08/2023;8;2023
/campeonato;20230810;13;16;10/08/2023;8;2023
/campeonato;20230811;6;6;11/08/2023;8;2023
/campeonato;20230812;11;12;12/08/2023;8;2023
/campeonato;20230813;4;5;13/08/2023;8;2023
/campeonato;20230814;17;22;14/08/2023;8;2023
/campeonato;20230815;8;9;15/08/2023;8;2023
/campeonato;20230816;6;9;16/08/2023;8;2023
/campeonato;20230817;7;8;17/08/2023;8;2023
/campeonato;20230818;2;2;18/08/2023;8;2023
/campeonato;20230820;8;11;20/08/2023;8;2023
/campeonato;20230821;21;22;21/08/2023;8;2023
/campeonato;20230822;7;7;22/08/2023;8;2023
/campeonato;20230823;12;12;23/08/2023;8;2023
/campeonato;20230824;14;18;24/08/2023;8;2023
/campeonato;20230825;34;36;25/08/2023;8;2023
/campeonato;20230826;28;33;26/08/2023;8;2023
/campeonato;20230827;15;21;27/08/2023;8;2023
/campeonato;20230828;5;11;28/08/2023;8;2023
/campeonato;20230829;11;14;29/08/2023;8;2023
/campeonato;20230830;19;21;30/08/2023;8;2023
/campeonato;20230831;17;17;31/08/2023;8;2023
/campeonato;20230901;19;22;01/09/2023;9;2023
/campeonato;20230902;5;6;02/09/2023;9;2023
/campeonato;20230903;3;8;03/09/2023;9;2023
/campeonato;20230904;7;10;04/09/2023;9;2023
/campeonato;20230905;9;13;05/09/2023;9;2023
/campeonato;20230906;16;19;06/09/2023;9;2023
/campeonato;20230907;7;9;07/09/2023;9;2023
/campeonato;20230908;5;7;08/09/2023;9;2023
/campeonato;20230909;8;8;09/09/2023;9;2023
/campeonato;20230910;1;1;10/09/2023;9;2023
/campeonato;20230911;13;16;11/09/2023;9;2023
/campeonato;20230912;3;5;12/09/2023;9;2023
/campeonato;20230913;1;2;13/09/2023;9;2023
/campeonato;20230914;6;9;14/09/2023;9;2023
/campeonato;20230915;3;5;15/09/2023;9;2023
/campeonato;20230916;7;9;16/09/2023;9;2023
/campeonato;20230917;3;3;17/09/2023;9;2023
/campeonato;20230918;5;6;18/09/2023;9;2023
/campeonato;20230919;5;5;19/09/2023;9;2023
/campeonato;20230920;5;6;20/09/2023;9;2023
/campeonato;20230921;3;4;21/09/2023;9;2023
/campeonato;20230922;3;4;22/09/2023;9;2023
/campeonato;20230923;10;11;23/09/2023;9;2023
/campeonato;20230924;11;15;24/09/2023;9;2023
/campeonato;20230925;11;15;25/09/2023;9;2023
/campeonato;20230926;12;14;26/09/2023;9;2023
/campeonato;20230927;7;13;27/09/2023;9;2023
/campeonato;20230928;16;18;28/09/2023;9;2023
/campeonato;20230929;12;18;29/09/2023;9;2023
/campeonato;20230930;16;17;30/09/2023;9;2023
/campeonato;20231001;22;22;01/10/2023;10;2023
/campeonato;20231002;4;4;02/10/2023;10;2023
/campeonato;20231003;13;16;03/10/2023;10;2023
/campeonato;20231004;14;15;04/10/2023;10;2023
/campeonato;20231005;15;18;05/10/2023;10;2023
/campeonato;20231006;16;22;06/10/2023;10;2023
/campeonato;20231007;7;10;07/10/2023;10;2023
/campeonato;20231008;6;9;08/10/2023;10;2023
/campeonato;20231009;0;4;09/10/2023;10;2023
/campeonato;20231010;5;6;10/10/2023;10;2023
/campeonato;20231011;3;6;11/10/2023;10;2023
/campeonato;20231012;8;8;12/10/2023;10;2023
/campeonato;20231013;8;11;13/10/2023;10;2023
/campeonato;20231014;10;13;14/10/2023;10;2023
/campeonato;20231015;2;3;15/10/2023;10;2023
/campeonato;20231016;2;4;16/10/2023;10;2023
/campeonato;20231017;3;6;17/10/2023;10;2023
/campeonato;20231018;6;7;18/10/2023;10;2023
/campeonato;20231019;12;15;19/10/2023;10;2023
/campeonato;20231020;1;2;20/10/2023;10;2023
/campeonato;20231021;2;2;21/10/2023;10;2023
/campeonato;20231022;3;7;22/10/2023;10;2023
/campeonato;20231023;11;11;23/10/2023;10;2023
/campeonato;20231024;1;1;24/10/2023;10;2023
/campeonato;20231025;5;6;25/10/2023;10;2023
/campeonato;20231026;7;13;26/10/2023;10;2023
/campeonato;20231027;3;3;27/10/2023;10;2023
/campeonato;20231028;9;11;28/10/2023;10;2023
/campeonato;20231029;15;17;29/10/2023;10;2023
/campeonato;20231030;7;7;30/10/2023;10;2023
/campeonato;20231031;3;6;31/10/2023;10;2023
/campeonato;20231101;7;8;01/11/2023;11;2023
/campeonato;20231102;9;9;02/11/2023;11;2023
/campeonato;20231103;10;10;03/11/2023;11;2023
/campeonato;20231104;22;24;04/11/2023;11;2023
/campeonato;20231105;21;26;05/11/2023;11;2023
/campeonato;20231106;8;13;06/11/2023;11;2023
/campeonato;20231107;25;32;07/11/2023;11;2023
/campeonato;20231108;8;14;08/11/2023;11;2023
/campeonato;20231109;11;15;09/11/2023;11;2023
/campeonato;20231110;20;25;10/11/2023;11;2023
/campeonato;20231111;8;10;11/11/2023;11;2023
/campeonato;20231112;6;8;12/11/2023;11;2023
/campeonato;20231113;14;17;13/11/2023;11;2023
/campeonato;20231114;6;10;14/11/2023;11;2023
/campeonato;20231115;14;22;15/11/2023;11;2023
/campeonato;20231116;10;10;16/11/2023;11;2023
/campeonato;20231117;15;19;17/11/2023;11;2023
/campeonato;20231118;9;11;18/11/2023;11;2023
/campeonato;20231119;5;8;19/11/2023;11;2023
/campeonato;20231120;12;14;20/11/2023;11;2023
/campeonato;20231121;10;13;21/11/2023;11;2023
/campeonato;20231122;5;8;22/11/2023;11;2023
/campeonato;20231123;11;13;23/11/2023;11;2023
/campeonato;20231124;6;12;24/11/2023;11;2023
/campeonato;20231125;12;13;25/11/2023;11;2023
/campeonato;20231126;7;11;26/11/2023;11;2023
/campeonato;20231127;14;16;27/11/2023;11;2023
/campeonato;20231128;8;9;28/11/2023;11;2023
/campeonato;20231129;5;14;29/11/2023;11;2023
/campeonato;20231130;11;12;30/11/2023;11;2023
/campeonato;20231201;6;8;01/12/2023;12;2023
/campeonato;20231202;10;11;02/12/2023;12;2023
/campeonato;20231203;6;7;03/12/2023;12;2023
/campeonato;20231204;7;9;04/12/2023;12;2023
/campeonato;20231205;19;24;05/12/2023;12;2023
/campeonato;20231206;7;10;06/12/2023;12;2023
/campeonato;20231207;13;24;07/12/2023;12;2023
/campeonato;20231208;12;12;08/12/2023;12;2023
/campeonato;20231209;6;8;09/12/2023;12;2023
/campeonato;20231210;19;20;10/12/2023;12;2023
/campeonato;20231211;7;9;11/12/2023;12;2023
/campeonato;20231212;4;4;12/12/2023;12;2023
/campeonato;20231213;9;9;13/12/2023;12;2023
/campeonato;20231214;3;3;14/12/2023;12;2023
/campeonato;20231215;10;12;15/12/2023;12;2023
/campeonato;20231216;5;5;16/12/2023;12;2023
/campeonato;20231217;20;23;17/12/2023;12;2023
/campeonato;20231218;15;19;18/12/2023;12;2023
/campeonato;20231219;17;20;19/12/2023;12;2023
/campeonato;20231220;7;8;20/12/2023;12;2023
/campeonato;20231221;5;5;21/12/2023;12;2023
/campeonato;20231222;11;16;22/12/2023;12;2023
/campeonato;20231223;28;32;23/12/2023;12;2023
/campeonato;20231224;7;7;24/12/2023;12;2023
/campeonato;20231225;5;6;25/12/2023;12;2023
/campeonato;20231226;7;11;26/12/2023;12;2023
/campeonato;20231227;4;6;27/12/2023;12;2023
/campeonato;20231228;2;3;28/12/2023;12;2023
/campeonato;20231229;2;2;29/12/2023;12;2023
/campeonato;20231230;2;3;30/12/2023;12;2023
/campeonato;20231231;1;1;31/12/2023;12;2023
/campeonato;20240101;2;3;01/01/2024;1;2024
/campeonato;20240102;0;1;02/01/2024;1;2024
/campeonato;20240103;12;15;03/01/2024;1;2024
/campeonato;20240104;4;8;04/01/2024;1;2024
/campeonato;20240105;9;10;05/01/2024;1;2024
/campeonato;20240106;3;4;06/01/2024;1;2024
/campeonato;20240107;3;3;07/01/2024;1;2024
/campeonato;20240108;5;9;08/01/2024;1;2024
/campeonato;20240109;5;7;09/01/2024;1;2024
/campeonato;20240110;2;2;10/01/2024;1;2024
/campeonato;20240111;4;5;11/01/2024;1;2024
/campeonato;20240112;9;9;12/01/2024;1;2024
/campeonato;20240113;9;12;13/01/2024;1;2024
/campeonato;20240114;7;8;14/01/2024;1;2024
/campeonato;20240115;3;4;15/01/2024;1;2024
/campeonato;20240116;7;9;16/01/2024;1;2024
/campeonato;20240117;11;12;17/01/2024;1;2024
/campeonato;20240118;14;15;18/01/2024;1;2024
/campeonato;20240119;10;14;19/01/2024;1;2024
/campeonato;20240120;9;10;20/01/2024;1;2024
/campeonato;20240121;16;19;21/01/2024;1;2024
/campeonato;20240122;17;20;22/01/2024;1;2024
/campeonato;20240123;12;14;23/01/2024;1;2024
/campeonato;20240124;9;9;24/01/2024;1;2024
/campeonato;20240125;19;21;25/01/2024;1;2024
/campeonato;20240126;10;12;26/01/2024;1;2024
/campeonato;20240127;3;3;27/01/2024;1;2024
/campeonato;20240128;1;1;28/01/2024;1;2024
/campeonato;20240129;1;1;29/01/2024;1;2024
/campeonato;20240130;9;9;30/01/2024;1;2024
/campeonato;20240131;6;7;31/01/2024;1;2024
/campeonato;20240201;5;8;01/02/2024;2;2024
/campeonato;20240202;11;13;02/02/2024;2;2024
/campeonato;20240203;9;10;03/02/2024;2;2024
/campeonato;20240204;6;11;04/02/2024;2;2024
/campeonato;20240205;8;9;05/02/2024;2;2024
/campeonato;20240206;6;6;06/02/2024;2;2024
/campeonato;20240207;3;6;07/02/2024;2;2024
/campeonato;20240208;6;8;08/02/2024;2;2024
/campeonato;20240209;7;8;09/02/2024;2;2024
/campeonato;20240210;4;4;10/02/2024;2;2024
/campeonato;20240211;1;2;11/02/2024;2;2024
/campeonato;20240212;2;3;12/02/2024;2;2024
/campeonato;20240213;5;5;13/02/2024;2;2024
/campeonato;20240214;0;2;14/02/2024;2;2024
/campeonato;20240215;7;10;15/02/2024;2;2024
/campeonato;20240216;5;6;16/02/2024;2;2024
/campeonato;20240217;2;2;17/02/2024;2;2024
/campeonato;20240218;8;9;18/02/2024;2;2024
/campeonato;20240219;6;7;19/02/2024;2;2024
/campeonato;20240220;5;9;20/02/2024;2;2024
/campeonato;20240221;9;13;21/02/2024;2;2024
/campeonato;20240222;9;24;22/02/2024;2;2024
/campeonato;20240223;7;14;23/02/2024;2;2024
/campeonato;20240224;7;10;24/02/2024;2;2024
/campeonato;20240225;4;4;25/02/2024;2;2024
/campeonato;20240226;3;4;26/02/2024;2;2024
/campeonato;20240227;2;6;27/02/2024;2;2024
/campeonato;20240228;6;7;28/02/2024;2;2024
/campeonato;20240229;5;9;29/02/2024;2;2024
/campeonato;20240301;9;15;01/03/2024;3;2024
/campeonato;20240302;9;10;02/03/2024;3;2024
/campeonato;20240303;21;26;03/03/2024;3;2024
/campeonato;20240304;5;8;04/03/2024;3;2024
/campeonato;20240305;4;5;05/03/2024;3;2024
/campeonato;20240306;5;7;06/03/2024;3;2024
/campeonato;20240307;4;4;07/03/2024;3;2024
/campeonato;20240308;15;15;08/03/2024;3;2024
/campeonato;20240309;8;8;09/03/2024;3;2024
/campeonato;20240310;2;2;10/03/2024;3;2024
/campeonato;20240311;7;7;11/03/2024;3;2024
/campeonato;20240312;3;4;12/03/2024;3;2024
/campeonato;20240313;5;7;13/03/2024;3;2024
/campeonato;20240314;9;9;14/03/2024;3;2024
/campeonato;20240315;3;4;15/03/2024;3;2024
/campeonato;20240316;5;8;16/03/2024;3;2024
/campeonato;20240317;2;2;17/03/2024;3;2024
/campeonato;20240318;13;14;18/03/2024;3;2024
/campeonato;20240319;17;19;19/03/2024;3;2024
/campeonato;20240320;12;13;20/03/2024;3;2024
/campeonato;20240321;3;4;21/03/2024;3;2024
/campeonato;20240322;3;3;22/03/2024;3;2024
/campeonato;20240323;5;5;23/03/2024;3;2024
/campeonato;20240324;4;6;24/03/2024;3;2024
/estadio;20230803;4;5;03/08/2023;8;2023
/estadio;20230804;2;4;04/08/2023;8;2023
/estadio;20230806;3;6;06/08/2023;8;2023
/estadio;20230807;2;5;07/08/2023;8;2023
/estadio;20230808;2;3;08/08/2023;8;2023
/estadio;20230809;6;8;09/08/2023;8;2023
/estadio;20230810;2;4;10/08/2023;8;2023
/estadio;20230811;9;10;11/08/2023;8;2023
/estadio;20230812;2;2;12/08/2023;8;2023
/estadio;20230813;9;9;13/08/2023;8;2023
/estadio;20230814;1;2;14/08/2023;8;2023
/estadio;20230815;1;1;15/08/2023;8;2023
/estadio;20230816;6;6;16/08/2023;8;2023
/estadio;20230817;2;2;17/08/2023;8;2023
/estadio;20230818;2;3;18/08/2023;8;2023
/estadio;20230819;3;5;19/08/2023;8;2023
/estadio;20230820;1;1;20/08/2023;8;2023
/estadio;20230821;8;9;21/08/2023;8;2023
/estadio;20230822;3;3;22/08/2023;8;2023
/estadio;20230823;8;8;23/08/2023;8;2023
/estadio;20230824;4;5;24/08/2023;8;2023
/estadio;20230825;8;8;25/08/2023;8;2023
/estadio;20230826;3;5;26/08/2023;8;2023
/estadio;20230827;8;10;27/08/2023;8;2023
/estadio;20230828;1;3;28/08/2023;8;2023
/estadio;20230829;4;5;29/08/2023;8;2023
/estadio;20230830;3;4;30/08/2023;8;2023
/estadio;20230831;13;15;31/08/2023;8;2023
/estadio;20230901;6;7;01/09/2023;9;2023
/estadio;20230902;5;7;02/09/2023;9;2023
/estadio;20230903;4;4;03/09/2023;9;2023
/estadio;20230904;4;5;04/09/2023;9;2023
/estadio;20230905;9;10;05/09/2023;9;2023
/estadio;20230906;4;7;06/09/2023;9;2023
/estadio;20230908;2;3;08/09/2023;9;2023
/estadio;20230909;8;10;09/09/2023;9;2023
/estadio;20230910;3;8;10/09/2023;9;2023
/estadio;20230911;7;10;11/09/2023;9;2023
/estadio;20230912;3;4;12/09/2023;9;2023
/estadio;20230913;5;8;13/09/2023;9;2023
/estadio;20230914;5;7;14/09/2023;9;2023
/estadio;20230915;8;11;15/09/2023;9;2023
/estadio;20230916;4;6;16/09/2023;9;2023
/estadio;20230917;1;1;17/09/2023;9;2023
/estadio;20230918;2;5;18/09/2023;9;2023
/estadio;20230919;6;13;19/09/2023;9;2023
/estadio;20230920;1;2;20/09/2023;9;2023
/estadio;20230921;3;4;21/09/2023;9;2023
/estadio;20230922;1;1;22/09/2023;9;2023
/estadio;20230924;1;1;24/09/2023;9;2023
/estadio;20230925;2;2;25/09/2023;9;2023
/estadio;20230926;2;2;26/09/2023;9;2023
/estadio;20230927;3;5;27/09/2023;9;2023
/estadio;20230928;7;8;28/09/2023;9;2023
/estadio;20230929;5;6;29/09/2023;9;2023
/estadio;20230930;1;1;30/09/2023;9;2023
/estadio;20231001;2;3;01/10/2023;10;2023
/estadio;20231002;5;7;02/10/2023;10;2023
/estadio;20231003;2;2;03/10/2023;10;2023
/estadio;20231004;5;9;04/10/2023;10;2023
/estadio;20231005;4;4;05/10/2023;10;2023
/estadio;20231006;5;10;06/10/2023;10;2023
/estadio;20231007;1;1;07/10/2023;10;2023
/estadio;20231008;3;4;08/10/2023;10;2023
/estadio;20231009;2;3;09/10/2023;10;2023
/estadio;20231010;1;3;10/10/2023;10;2023
/estadio;20231011;7;7;11/10/2023;10;2023
/estadio;20231014;1;1;14/10/2023;10;2023
/estadio;20231015;1;1;15/10/2023;10;2023
/estadio;20231016;3;3;16/10/2023;10;2023
/estadio;20231017;2;3;17/10/2023;10;2023
/estadio;20231018;1;1;18/10/2023;10;2023
/estadio;20231019;3;3;19/10/2023;10;2023
/estadio;20231020;2;2;20/10/2023;10;2023
/estadio;20231021;2;4;21/10/2023;10;2023
/estadio;20231022;3;3;22/10/2023;10;2023
/estadio;20231024;3;6;24/10/2023;10;2023
/estadio;20231025;7;8;25/10/2023;10;2023
/estadio;20231026;3;3;26/10/2023;10;2023
/estadio;20231027;4;4;27/10/2023;10;2023
/estadio;20231028;5;5;28/10/2023;10;2023
/estadio;20231029;3;6;29/10/2023;10;2023
/estadio;20231030;1;1;30/10/2023;10;2023
/estadio;20231031;1;3;31/10/2023;10;2023
/estadio;20231102;1;2;02/11/2023;11;2023
/estadio;20231103;12;12;03/11/2023;11;2023
/estadio;20231104;1;2;04/11/2023;11;2023
/estadio;20231105;40;42;05/11/2023;11;2023
/estadio;20231106;32;35;06/11/2023;11;2023
/estadio;20231107;12;14;07/11/2023;11;2023
/estadio;20231108;5;6;08/11/2023;11;2023
/estadio;20231109;28;28;09/11/2023;11;2023
/estadio;20231110;16;16;10/11/2023;11;2023
/estadio;20231111;4;4;11/11/2023;11;2023
/estadio;20231112;20;20;12/11/2023;11;2023
/estadio;20231113;7;8;13/11/2023;11;2023
/estadio;20231115;12;16;15/11/2023;11;2023
/estadio;20231116;1;5;16/11/2023;11;2023
/estadio;20231117;1;2;17/11/2023;11;2023
/estadio;20231118;1;1;18/11/2023;11;2023
/estadio;20231119;24;28;19/11/2023;11;2023
/estadio;20231120;22;23;20/11/2023;11;2023
/estadio;20231121;8;9;21/11/2023;11;2023
/estadio;20231122;14;16;22/11/2023;11;2023
/estadio;20231123;3;4;23/11/2023;11;2023
/estadio;20231124;7;12;24/11/2023;11;2023
/estadio;20231125;1;3;25/11/2023;11;2023
/estadio;20231126;6;7;26/11/2023;11;2023
/estadio;20231127;7;9;27/11/2023;11;2023
/estadio;20231128;11;13;28/11/2023;11;2023
/estadio;20231129;10;11;29/11/2023;11;2023
/estadio;20231130;19;21;30/11/2023;11;2023
/estadio;20231201;10;10;01/12/2023;12;2023
/estadio;20231202;4;4;02/12/2023;12;2023
/estadio;20231203;7;7;03/12/2023;12;2023
/estadio;20231204;3;3;04/12/2023;12;2023
/estadio;20231205;1;3;05/12/2023;12;2023
/estadio;20231206;1;2;06/12/2023;12;2023
/estadio;20231207;3;4;07/12/2023;12;2023
/estadio;20231208;4;5;08/12/2023;12;2023
/estadio;20231209;1;1;09/12/2023;12;2023
/estadio;20231210;12;15;10/12/2023;12;2023
/estadio;20231211;0;1;11/12/2023;12;2023
/estadio;20231212;2;3;12/12/2023;12;2023
/estadio;20231213;2;4;13/12/2023;12;2023
/estadio;20231214;7;10;14/12/2023;12;2023
/estadio;20231215;3;3;15/12/2023;12;2023
/estadio;20231216;1;2;16/12/2023;12;2023
/estadio;20231217;0;1;17/12/2023;12;2023
/estadio;20231218;1;2;18/12/2023;12;2023
/estadio;20231219;1;2;19/12/2023;12;2023
/estadio;20231220;4;4;20/12/2023;12;2023
/estadio;20231221;28;29;21/12/2023;12;2023
/estadio;20231222;3;3;22/12/2023;12;2023
/estadio;20231223;1;1;23/12/2023;12;2023
/estadio;20231224;20;21;24/12/2023;12;2023
/estadio;20231225;0;1;25/12/2023;12;2023
/estadio;20231226;0;1;26/12/2023;12;2023
/estadio;20231227;1;4;27/12/2023;12;2023
/estadio;20231228;3;3;28/12/2023;12;2023
/estadio;20231229;2;2;29/12/2023;12;2023
/estadio;20240101;1;3;01/01/2024;1;2024
/estadio;20240103;1;2;03/01/2024;1;2024
/estadio;20240104;1;2;04/01/2024;1;2024
/estadio;20240106;0;2;06/01/2024;1;2024
/estadio;20240107;0;2;07/01/2024;1;2024
/estadio;20240108;2;2;08/01/2024;1;2024
/estadio;20240110;3;4;10/01/2024;1;2024
/estadio;20240111;4;7;11/01/2024;1;2024
/estadio;20240112;1;1;12/01/2024;1;2024
/estadio;20240113;2;3;13/01/2024;1;2024
/estadio;20240114;11;11;14/01/2024;1;2024
/estadio;20240115;4;5;15/01/2024;1;2024
/estadio;20240116;1;1;16/01/2024;1;2024
/estadio;20240117;6;8;17/01/2024;1;2024
/estadio;20240118;10;11;18/01/2024;1;2024
/estadio;20240119;3;3;19/01/2024;1;2024
/estadio;20240120;8;8;20/01/2024;1;2024
/estadio;20240121;24;29;21/01/2024;1;2024
/estadio;20240122;3;4;22/01/2024;1;2024
/estadio;20240123;1;1;23/01/2024;1;2024
/estadio;20240124;6;7;24/01/2024;1;2024
/estadio;20240125;6;6;25/01/2024;1;2024
/estadio;20240126;2;5;26/01/2024;1;2024
/estadio;20240127;1;1;27/01/2024;1;2024
/estadio;20240128;0;2;28/01/2024;1;2024
/estadio;20240129;1;1;29/01/2024;1;2024
/estadio;20240130;3;5;30/01/2024;1;2024
/estadio;20240131;2;2;31/01/2024;1;2024
/estadio;20240201;4;8;01/02/2024;2;2024
/estadio;20240202;8;10;02/02/2024;2;2024
/estadio;20240203;6;8;03/02/2024;2;2024
/estadio;20240204;13;18;04/02/2024;2;2024
/estadio;20240205;2;2;05/02/2024;2;2024
/estadio;20240206;3;3;06/02/2024;2;2024
/estadio;20240207;2;4;07/02/2024;2;2024
/estadio;20240208;9;10;08/02/2024;2;2024
/estadio;20240209;4;4;09/02/2024;2;2024
/estadio;20240210;2;2;10/02/2024;2;2024
/estadio;20240211;3;6;11/02/2024;2;2024
/estadio;20240213;1;1;13/02/2024;2;2024
/estadio;20240214;2;2;14/02/2024;2;2024
/estadio;20240215;2;5;15/02/2024;2;2024
/estadio;20240216;4;5;16/02/2024;2;2024
/estadio;20240217;4;5;17/02/2024;2;2024
/estadio;20240218;2;2;18/02/2024;2;2024
/estadio;20240219;2;2;19/02/2024;2;2024
/estadio;20240220;3;4;20/02/2024;2;2024
/estadio;20240221;11;16;21/02/2024;2;2024
/estadio;20240222;3;43;22/02/2024;2;2024
/estadio;20240223;5;17;23/02/2024;2;2024
/estadio;20240224;0;3;24/02/2024;2;2024
/estadio;20240226;1;1;26/02/2024;2;2024
/estadio;20240227;0;1;27/02/2024;2;2024
/estadio;20240301;2;7;01/03/2024;3;2024
/estadio;20240302;2;2;02/03/2024;3;2024
/estadio;20240303;5;6;03/03/2024;3;2024
/estadio;20240304;2;2;04/03/2024;3;2024
/estadio;20240305;1;1;05/03/2024;3;2024
/estadio;20240306;1;1;06/03/2024;3;2024
/estadio;20240307;2;3;07/03/2024;3;2024
/estadio;20240309;1;2;09/03/2024;3;2024
/estadio;20240310;1;1;10/03/2024;3;2024
/estadio;20240311;2;3;11/03/2024;3;2024
/estadio;20240312;0;2;12/03/2024;3;2024
/estadio;20240313;0;1;13/03/2024;3;2024
/estadio;20240314;1;5;14/03/2024;3;2024
/estadio;20240315;4;4;15/03/2024;3;2024
/estadio;20240316;2;2;16/03/2024;3;2024
/estadio;20240317;1;1;17/03/2024;3;2024
/estadio;20240318;0;1;18/03/2024;3;2024
/estadio;20240319;5;7;19/03/2024;3;2024
/estadio;20240320;4;6;20/03/2024;3;2024
/estadio;20240323;3;3;23/03/2024;3;2024
/estadio;20240324;1;1;24/03/2024;3;2024
/jogador;20230803;30;40;03/08/2023;8;2023
/jogador;20230804;27;29;04/08/2023;8;2023
/jogador;20230805;23;25;05/08/2023;8;2023
/jogador;20230806;29;31;06/08/2023;8;2023
/jogador;20230807;34;40;07/08/2023;8;2023
/jogador;20230808;33;44;08/08/2023;8;2023
/jogador;20230809;44;50;09/08/2023;8;2023
/jogador;20230810;21;30;10/08/2023;8;2023
/jogador;20230811;16;23;11/08/2023;8;2023
/jogador;20230812;13;17;12/08/2023;8;2023
/jogador;20230813;26;32;13/08/2023;8;2023
/jogador;20230814;19;24;14/08/2023;8;2023
/jogador;20230815;16;20;15/08/2023;8;2023
/jogador;20230816;12;13;16/08/2023;8;2023
/jogador;20230817;28;30;17/08/2023;8;2023
/jogador;20230818;17;23;18/08/2023;8;2023
/jogador;20230819;24;35;19/08/2023;8;2023
/jogador;20230820;28;41;20/08/2023;8;2023
/jogador;20230821;38;43;21/08/2023;8;2023
/jogador;20230822;15;18;22/08/2023;8;2023
/jogador;20230823;25;28;23/08/2023;8;2023
/jogador;20230824;27;32;24/08/2023;8;2023
/jogador;20230825;33;46;25/08/2023;8;2023
/jogador;20230826;26;36;26/08/2023;8;2023
/jogador;20230827;46;53;27/08/2023;8;2023
/jogador;20230828;19;23;28/08/2023;8;2023
/jogador;20230829;23;26;29/08/2023;8;2023
/jogador;20230830;33;39;30/08/2023;8;2023
/jogador;20230831;80;93;31/08/2023;8;2023
/jogador;20230901;49;56;01/09/2023;9;2023
/jogador;20230902;21;33;02/09/2023;9;2023
/jogador;20230903;26;32;03/09/2023;9;2023
/jogador;20230904;15;17;04/09/2023;9;2023
/jogador;20230905;17;29;05/09/2023;9;2023
/jogador;20230906;23;30;06/09/2023;9;2023
/jogador;20230907;21;27;07/09/2023;9;2023
/jogador;20230908;25;31;08/09/2023;9;2023
/jogador;20230909;25;27;09/09/2023;9;2023
/jogador;20230910;13;17;10/09/2023;9;2023
/jogador;20230911;32;41;11/09/2023;9;2023
/jogador;20230912;23;28;12/09/2023;9;2023
/jogador;20230913;33;38;13/09/2023;9;2023
/jogador;20230914;54;64;14/09/2023;9;2023
/jogador;20230915;48;64;15/09/2023;9;2023
/jogador;20230916;39;48;16/09/2023;9;2023
/jogador;20230917;13;17;17/09/2023;9;2023
/jogador;20230918;11;14;18/09/2023;9;2023
/jogador;20230919;17;20;19/09/2023;9;2023
/jogador;20230920;29;34;20/09/2023;9;2023
/jogador;20230921;50;57;21/09/2023;9;2023
/jogador;20230922;14;18;22/09/2023;9;2023
/jogador;20230923;21;29;23/09/2023;9;2023
/jogador;20230924;6;8;24/09/2023;9;2023
/jogador;20230925;21;29;25/09/2023;9;2023
/jogador;20230926;36;43;26/09/2023;9;2023
/jogador;20230927;39;50;27/09/2023;9;2023
/jogador;20230928;34;48;28/09/2023;9;2023
/jogador;20230929;31;37;29/09/2023;9;2023
/jogador;20230930;32;36;30/09/2023;9;2023
/jogador;20231001;7;9;01/10/2023;10;2023
/jogador;20231002;9;10;02/10/2023;10;2023
/jogador;20231003;19;20;03/10/2023;10;2023
/jogador;20231004;29;36;04/10/2023;10;2023
/jogador;20231005;60;74;05/10/2023;10;2023
/jogador;20231006;20;31;06/10/2023;10;2023
/jogador;20231007;11;15;07/10/2023;10;2023
/jogador;20231008;19;29;08/10/2023;10;2023
/jogador;20231009;10;19;09/10/2023;10;2023
/jogador;20231010;11;12;10/10/2023;10;2023
/jogador;20231011;11;19;11/10/2023;10;2023
/jogador;20231012;17;17;12/10/2023;10;2023
/jogador;20231013;34;40;13/10/2023;10;2023
/jogador;20231014;21;26;14/10/2023;10;2023
/jogador;20231015;10;14;15/10/2023;10;2023
/jogador;20231016;16;21;16/10/2023;10;2023
/jogador;20231017;10;16;17/10/2023;10;2023
/jogador;20231018;16;18;18/10/2023;10;2023
/jogador;20231019;23;34;19/10/2023;10;2023
/jogador;20231020;12;12;20/10/2023;10;2023
/jogador;20231021;13;15;21/10/2023;10;2023
/jogador;20231022;23;28;22/10/2023;10;2023
/jogador;20231023;18;19;23/10/2023;10;2023
/jogador;20231024;11;12;24/10/2023;10;2023
/jogador;20231025;36;44;25/10/2023;10;2023
/jogador;20231026;28;32;26/10/2023;10;2023
/jogador;20231027;17;18;27/10/2023;10;2023
/jogador;20231028;16;21;28/10/2023;10;2023
/jogador;20231029;27;28;29/10/2023;10;2023
/jogador;20231030;11;14;30/10/2023;10;2023
/jogador;20231031;14;22;31/10/2023;10;2023
/jogador;20231101;13;15;01/11/2023;11;2023
/jogador;20231102;18;19;02/11/2023;11;2023
/jogador;20231103;22;25;03/11/2023;11;2023
/jogador;20231104;21;31;04/11/2023;11;2023
/jogador;20231105;82;97;05/11/2023;11;2023
/jogador;20231106;28;39;06/11/2023;11;2023
/jogador;20231107;25;33;07/11/2023;11;2023
/jogador;20231108;32;36;08/11/2023;11;2023
/jogador;20231109;19;30;09/11/2023;11;2023
/jogador;20231110;20;27;10/11/2023;11;2023
/jogador;20231111;17;29;11/11/2023;11;2023
/jogador;20231112;21;27;12/11/2023;11;2023
/jogador;20231113;53;56;13/11/2023;11;2023
/jogador;20231114;20;24;14/11/2023;11;2023
/jogador;20231115;27;36;15/11/2023;11;2023
/jogador;20231116;22;26;16/11/2023;11;2023
/jogador;20231117;22;27;17/11/2023;11;2023
/jogador;20231118;12;16;18/11/2023;11;2023
/jogador;20231119;34;38;19/11/2023;11;2023
/jogador;20231120;42;51;20/11/2023;11;2023
/jogador;20231121;35;40;21/11/2023;11;2023
/jogador;20231122;19;23;22/11/2023;11;2023
/jogador;20231123;39;48;23/11/2023;11;2023
/jogador;20231124;14;19;24/11/2023;11;2023
/jogador;20231125;33;43;25/11/2023;11;2023
/jogador;20231126;44;54;26/11/2023;11;2023
/jogador;20231127;41;50;27/11/2023;11;2023
/jogador;20231128;20;29;28/11/2023;11;2023
/jogador;20231129;15;23;29/11/2023;11;2023
/jogador;20231130;22;32;30/11/2023;11;2023
/jogador;20231201;10;21;01/12/2023;12;2023
/jogador;20231202;18;21;02/12/2023;12;2023
/jogador;20231203;18;30;03/12/2023;12;2023
/jogador;20231204;15;16;04/12/2023;12;2023
/jogador;20231205;26;35;05/12/2023;12;2023
/jogador;20231206;25;27;06/12/2023;12;2023
/jogador;20231207;10;15;07/12/2023;12;2023
/jogador;20231208;20;25;08/12/2023;12;2023
/jogador;20231209;11;13;09/12/2023;12;2023
/jogador;20231210;21;24;10/12/2023;12;2023
/jogador;20231211;32;36;11/12/2023;12;2023
/jogador;20231212;43;52;12/12/2023;12;2023
/jogador;20231213;35;42;13/12/2023;12;2023
/jogador;20231214;8;13;14/12/2023;12;2023
/jogador;20231215;7;14;15/12/2023;12;2023
/jogador;20231216;12;14;16/12/2023;12;2023
/jogador;20231217;14;26;17/12/2023;12;2023
/jogador;20231218;25;32;18/12/2023;12;2023
/jogador;20231219;18;26;19/12/2023;12;2023
/jogador;20231220;12;16;20/12/2023;12;2023
/jogador;20231221;8;12;21/12/2023;12;2023
/jogador;20231222;32;57;22/12/2023;12;2023
/jogador;20231223;36;43;23/12/2023;12;2023
/jogador;20231224;12;20;24/12/2023;12;2023
/jogador;20231225;13;17;25/12/2023;12;2023
/jogador;20231226;21;28;26/12/2023;12;2023
/jogador;20231227;19;21;27/12/2023;12;2023
/jogador;20231228;22;24;28/12/2023;12;2023
/jogador;20231229;58;58;29/12/2023;12;2023
/jogador;20231230;17;23;30/12/2023;12;2023
/jogador;20231231;20;22;31/12/2023;12;2023
/jogador;20240101;17;24;01/01/2024;1;2024
/jogador;20240102;25;36;02/01/2024;1;2024
/jogador;20240103;16;26;03/01/2024;1;2024
/jogador;20240104;35;47;04/01/2024;1;2024
/jogador;20240105;19;31;05/01/2024;1;2024
/jogador;20240106;25;32;06/01/2024;1;2024
/jogador;20240107;19;30;07/01/2024;1;2024
/jogador;20240108;18;32;08/01/2024;1;2024
/jogador;20240109;25;32;09/01/2024;1;2024
/jogador;20240110;27;33;10/01/2024;1;2024
/jogador;20240111;36;46;11/01/2024;1;2024
/jogador;20240112;21;26;12/01/2024;1;2024
/jogador;20240113;25;30;13/01/2024;1;2024
/jogador;20240114;32;38;14/01/2024;1;2024
/jogador;20240115;15;20;15/01/2024;1;2024
/jogador;20240116;22;24;16/01/2024;1;2024
/jogador;20240117;12;17;17/01/2024;1;2024
/jogador;20240118;32;39;18/01/2024;1;2024
/jogador;20240119;29;37;19/01/2024;1;2024
/jogador;20240120;40;55;20/01/2024;1;2024
/jogador;20240121;45;54;21/01/2024;1;2024
/jogador;20240122;18;23;22/01/2024;1;2024
/jogador;20240123;28;33;23/01/2024;1;2024
/jogador;20240124;31;36;24/01/2024;1;2024
/jogador;20240125;31;42;25/01/2024;1;2024
/jogador;20240126;34;43;26/01/2024;1;2024
/jogador;20240127;22;29;27/01/2024;1;2024
/jogador;20240128;18;21;28/01/2024;1;2024
/jogador;20240129;4;6;29/01/2024;1;2024
/jogador;20240130;51;62;30/01/2024;1;2024
/jogador;20240131;17;22;31/01/2024;1;2024
/jogador;20240201;47;58;01/02/2024;2;2024
/jogador;20240202;46;58;02/02/2024;2;2024
/jogador;20240203;27;34;03/02/2024;2;2024
/jogador;20240204;26;31;04/02/2024;2;2024
/jogador;20240205;20;25;05/02/2024;2;2024
/jogador;20240206;39;46;06/02/2024;2;2024
/jogador;20240207;27;34;07/02/2024;2;2024
/jogador;20240208;28;34;08/02/2024;2;2024
/jogador;20240209;31;35;09/02/2024;2;2024
/jogador;20240210;17;20;10/02/2024;2;2024
/jogador;20240211;11;14;11/02/2024;2;2024
/jogador;20240212;13;16;12/02/2024;2;2024
/jogador;20240213;10;13;13/02/2024;2;2024
/jogador;20240214;9;11;14/02/2024;2;2024
/jogador;20240215;26;29;15/02/2024;2;2024
/jogador;20240216;17;21;16/02/2024;2;2024
/jogador;20240217;13;20;17/02/2024;2;2024
/jogador;20240218;16;24;18/02/2024;2;2024
/jogador;20240219;130;138;19/02/2024;2;2024
/jogador;20240220;13;24;20/02/2024;2;2024
/jogador;20240221;8;12;21/02/2024;2;2024
/jogador;20240222;28;70;22/02/2024;2;2024
/jogador;20240223;12;22;23/02/2024;2;2024
/jogador;20240224;9;16;24/02/2024;2;2024
/jogador;20240225;16;23;25/02/2024;2;2024
/jogador;20240226;15;19;26/02/2024;2;2024
/jogador;20240227;24;32;27/02/2024;2;2024
/jogador;20240228;3;8;28/02/2024;2;2024
/jogador;20240229;21;24;29/02/2024;2;2024
/jogador;20240301;33;46;01/03/2024;3;2024
/jogador;20240302;42;50;02/03/2024;3;2024
/jogador;20240303;23;27;03/03/2024;3;2024
/jogador;20240304;14;22;04/03/2024;3;2024
/jogador;20240305;15;19;05/03/2024;3;2024
/jogador;20240306;13;19;06/03/2024;3;2024
/jogador;20240307;13;16;07/03/2024;3;2024
/jogador;20240308;4;6;08/03/2024;3;2024
/jogador;20240309;11;19;09/03/2024;3;2024
/jogador;20240310;11;16;10/03/2024;3;2024
/jogador;20240311;18;19;11/03/2024;3;2024
/jogador;20240312;10;14;12/03/2024;3;2024
/jogador;20240313;13;14;13/03/2024;3;2024
/jogador;20240314;7;12;14/03/2024;3;2024
/jogador;20240315;15;17;15/03/2024;3;2024
/jogador;20240316;8;9;16/03/2024;3;2024
/jogador;20240317;6;7;17/03/2024;3;2024
/jogador;20240318;9;12;18/03/2024;3;2024
/jogador;20240319;24;32;19/03/2024;3;2024
/jogador;20240320;51;57;20/03/2024;3;2024
/jogador;20240321;33;38;21/03/2024;3;2024
/jogador;20240322;11;15;22/03/2024;3;2024
/jogador;20240323;17;19;23/03/2024;3;2024
/jogador;20240324;25;32;24/03/2024;3;2024
/tecnico;20230803;9;12;03/08/2023;8;2023
/tecnico;20230804;1;1;04/08/2023;8;2023
/tecnico;20230805;2;2;05/08/2023;8;2023
/tecnico;20230807;25;25;07/08/2023;8;2023
/tecnico;20230808;3;4;08/08/2023;8;2023
/tecnico;20230809;4;4;09/08/2023;8;2023
/tecnico;20230810;3;5;10/08/2023;8;2023
/tecnico;20230811;2;4;11/08/2023;8;2023
/tecnico;20230812;3;4;12/08/2023;8;2023
/tecnico;20230813;8;11;13/08/2023;8;2023
/tecnico;20230814;5;7;14/08/2023;8;2023
/tecnico;20230815;13;15;15/08/2023;8;2023
/tecnico;20230817;4;4;17/08/2023;8;2023
/tecnico;20230819;4;7;19/08/2023;8;2023
/tecnico;20230820;2;4;20/08/2023;8;2023
/tecnico;20230821;4;9;21/08/2023;8;2023
/tecnico;20230822;6;6;22/08/2023;8;2023
/tecnico;20230823;2;4;23/08/2023;8;2023
/tecnico;20230824;2;4;24/08/2023;8;2023
/tecnico;20230825;5;5;25/08/2023;8;2023
/tecnico;20230826;2;2;26/08/2023;8;2023
/tecnico;20230827;2;4;27/08/2023;8;2023
/tecnico;20230828;5;5;28/08/2023;8;2023
/tecnico;20230829;0;1;29/08/2023;8;2023
/tecnico;20230830;5;9;30/08/2023;8;2023
/tecnico;20230831;10;12;31/08/2023;8;2023
/tecnico;20230901;6;10;01/09/2023;9;2023
/tecnico;20230902;5;6;02/09/2023;9;2023
/tecnico;20230903;2;3;03/09/2023;9;2023
/tecnico;20230904;3;3;04/09/2023;9;2023
/tecnico;20230905;2;2;05/09/2023;9;2023
/tecnico;20230906;3;4;06/09/2023;9;2023
/tecnico;20230907;1;2;07/09/2023;9;2023
/tecnico;20230908;1;2;08/09/2023;9;2023
/tecnico;20230909;2;2;09/09/2023;9;2023
/tecnico;20230910;3;3;10/09/2023;9;2023
/tecnico;20230911;4;5;11/09/2023;9;2023
/tecnico;20230912;3;3;12/09/2023;9;2023
/tecnico;20230913;2;2;13/09/2023;9;2023
/tecnico;20230914;1;3;14/09/2023;9;2023
/tecnico;20230915;3;6;15/09/2023;9;2023
/tecnico;20230916;4;7;16/09/2023;9;2023
/tecnico;20230917;3;3;17/09/2023;9;2023
/tecnico;20230918;2;2;18/09/2023;9;2023
/tecnico;20230919;1;1;19/09/2023;9;2023
/tecnico;20230920;3;3;20/09/2023;9;2023
/tecnico;20230921;3;3;21/09/2023;9;2023
/tecnico;20230922;2;3;22/09/2023;9;2023
/tecnico;20230923;1;1;23/09/2023;9;2023
/tecnico;20230925;3;6;25/09/2023;9;2023
/tecnico;20230926;7;8;26/09/2023;9;2023
/tecnico;20230928;2;4;28/09/2023;9;2023
/tecnico;20230929;3;3;29/09/2023;9;2023
/tecnico;20230930;2;2;30/09/2023;9;2023
/tecnico;20231002;2;3;02/10/2023;10;2023
/tecnico;20231003;31;32;03/10/2023;10;2023
/tecnico;20231004;3;5;04/10/2023;10;2023
/tecnico;20231005;8;10;05/10/2023;10;2023
/tecnico;20231006;1;3;06/10/2023;10;2023
/tecnico;20231007;3;6;07/10/2023;10;2023
/tecnico;20231008;3;7;08/10/2023;10;2023
/tecnico;20231009;3;4;09/10/2023;10;2023
/tecnico;20231010;2;4;10/10/2023;10;2023
/tecnico;20231011;0;1;11/10/2023;10;2023
/tecnico;20231012;1;1;12/10/2023;10;2023
/tecnico;20231013;1;3;13/10/2023;10;2023
/tecnico;20231014;1;1;14/10/2023;10;2023
/tecnico;20231016;1;1;16/10/2023;10;2023
/tecnico;20231017;3;3;17/10/2023;10;2023
/tecnico;20231018;1;3;18/10/2023;10;2023
/tecnico;20231019;3;4;19/10/2023;10;2023
/tecnico;20231020;2;2;20/10/2023;10;2023
/tecnico;20231021;0;1;21/10/2023;10;2023
/tecnico;20231022;1;1;22/10/2023;10;2023
/tecnico;20231023;2;2;23/10/2023;10;2023
/tecnico;20231025;2;4;25/10/2023;10;2023
/tecnico;20231026;2;3;26/10/2023;10;2023
/tecnico;20231027;4;4;27/10/2023;10;2023
/tecnico;20231028;1;3;28/10/2023;10;2023
/tecnico;20231029;3;4;29/10/2023;10;2023
/tecnico;20231030;0;1;30/10/2023;10;2023
/tecnico;20231031;4;4;31/10/2023;10;2023
/tecnico;20231101;2;2;01/11/2023;11;2023
/tecnico;20231102;2;3;02/11/2023;11;2023
/tecnico;20231103;2;3;03/11/2023;11;2023
/tecnico;20231104;2;2;04/11/2023;11;2023
/tecnico;20231105;6;7;05/11/2023;11;2023
/tecnico;20231106;3;4;06/11/2023;11;2023
/tecnico;20231107;14;17;07/11/2023;11;2023
/tecnico;20231108;2;3;08/11/2023;11;2023
/tecnico;20231109;5;7;09/11/2023;11;2023
/tecnico;20231110;5;7;10/11/2023;11;2023
/tecnico;20231111;2;6;11/11/2023;11;2023
/tecnico;20231112;3;3;12/11/2023;11;2023
/tecnico;20231113;40;43;13/11/2023;11;2023
/tecnico;20231114;2;3;14/11/2023;11;2023
/tecnico;20231115;1;4;15/11/2023;11;2023
/tecnico;20231117;2;4;17/11/2023;11;2023
/tecnico;20231118;4;5;18/11/2023;11;2023
/tecnico;20231119;2;4;19/11/2023;11;2023
/tecnico;20231120;4;4;20/11/2023;11;2023
/tecnico;20231121;2;2;21/11/2023;11;2023
/tecnico;20231122;1;1;22/11/2023;11;2023
/tecnico;20231123;6;11;23/11/2023;11;2023
/tecnico;20231124;1;1;24/11/2023;11;2023
/tecnico;20231125;2;2;25/11/2023;11;2023
/tecnico;20231126;3;3;26/11/2023;11;2023
/tecnico;20231127;2;2;27/11/2023;11;2023
/tecnico;20231129;6;7;29/11/2023;11;2023
/tecnico;20231130;6;10;30/11/2023;11;2023
/tecnico;20231201;6;7;01/12/2023;12;2023
/tecnico;20231202;2;2;02/12/2023;12;2023
/tecnico;20231204;1;2;04/12/2023;12;2023
/tecnico;20231205;3;4;05/12/2023;12;2023
/tecnico;20231206;2;2;06/12/2023;12;2023
/tecnico;20231207;3;4;07/12/2023;12;2023
/tecnico;20231208;2;3;08/12/2023;12;2023
/tecnico;20231209;3;3;09/12/2023;12;2023
/tecnico;20231210;1;2;10/12/2023;12;2023
/tecnico;20231211;1;2;11/12/2023;12;2023
/tecnico;20231212;2;4;12/12/2023;12;2023
/tecnico;20231213;3;3;13/12/2023;12;2023
/tecnico;20231214;1;1;14/12/2023;12;2023
/tecnico;20231215;0;1;15/12/2023;12;2023
/tecnico;20231216;1;1;16/12/2023;12;2023
/tecnico;20231217;2;2;17/12/2023;12;2023
/tecnico;20231218;2;4;18/12/2023;12;2023
/tecnico;20231219;1;3;19/12/2023;12;2023
/tecnico;20231220;1;1;20/12/2023;12;2023
/tecnico;20231221;6;11;21/12/2023;12;2023
/tecnico;20231222;6;8;22/12/2023;12;2023
/tecnico;20231223;3;6;23/12/2023;12;2023
/tecnico;20231226;19;20;26/12/2023;12;2023
/tecnico;20231227;3;4;27/12/2023;12;2023
/tecnico;20231229;0;1;29/12/2023;12;2023
/tecnico;20240101;1;3;01/01/2024;1;2024
/tecnico;20240102;0;2;02/01/2024;1;2024
/tecnico;20240103;1;1;03/01/2024;1;2024
/tecnico;20240104;5;5;04/01/2024;1;2024
/tecnico;20240105;3;3;05/01/2024;1;2024
/tecnico;20240106;10;11;06/01/2024;1;2024
/tecnico;20240107;8;10;07/01/2024;1;2024
/tecnico;20240108;0;3;08/01/2024;1;2024
/tecnico;20240109;1;1;09/01/2024;1;2024
/tecnico;20240110;3;3;10/01/2024;1;2024
/tecnico;20240111;2;2;11/01/2024;1;2024
/tecnico;20240112;2;2;12/01/2024;1;2024
/tecnico;20240113;4;5;13/01/2024;1;2024
/tecnico;20240114;4;4;14/01/2024;1;2024
/tecnico;20240115;1;1;15/01/2024;1;2024
/tecnico;20240116;2;2;16/01/2024;1;2024
/tecnico;20240117;3;5;17/01/2024;1;2024
/tecnico;20240118;5;5;18/01/2024;1;2024
/tecnico;20240119;7;8;19/01/2024;1;2024
/tecnico;20240120;1;2;20/01/2024;1;2024
/tecnico;20240121;8;9;21/01/2024;1;2024
/tecnico;20240122;3;3;22/01/2024;1;2024
/tecnico;20240123;9;10;23/01/2024;1;2024
/tecnico;20240124;1;1;24/01/2024;1;2024
/tecnico;20240125;4;6;25/01/2024;1;2024
/tecnico;20240126;9;9;26/01/2024;1;2024
/tecnico;20240127;3;5;27/01/2024;1;2024
/tecnico;20240128;1;2;28/01/2024;1;2024
/tecnico;20240130;2;3;30/01/2024;1;2024
/tecnico;20240131;8;12;31/01/2024;1;2024
/tecnico;20240201;1;3;01/02/2024;2;2024
/tecnico;20240202;4;7;02/02/2024;2;2024
/tecnico;20240203;1;2;03/02/2024;2;2024
/tecnico;20240204;1;2;04/02/2024;2;2024
/tecnico;20240205;3;4;05/02/2024;2;2024
/tecnico;20240206;3;5;06/02/2024;2;2024
/tecnico;20240207;3;4;07/02/2024;2;2024
/tecnico;20240208;1;4;08/02/2024;2;2024
/tecnico;20240209;3;5;09/02/2024;2;2024
/tecnico;20240210;1;1;10/02/2024;2;2024
/tecnico;20240212;1;1;12/02/2024;2;2024
/tecnico;20240214;2;2;14/02/2024;2;2024
/tecnico;20240215;2;3;15/02/2024;2;2024
/tecnico;20240217;2;3;17/02/2024;2;2024
/tecnico;20240218;2;3;18/02/2024;2;2024
/tecnico;20240219;7;9;19/02/2024;2;2024
/tecnico;20240220;17;18;20/02/2024;2;2024
/tecnico;20240221;1;2;21/02/2024;2;2024
/tecnico;20240222;5;14;22/02/2024;2;2024
/tecnico;20240223;10;15;23/02/2024;2;2024
/tecnico;20240224;0;1;24/02/2024;2;2024
/tecnico;20240225;1;1;25/02/2024;2;2024
/tecnico;20240226;0;3;26/02/2024;2;2024
/tecnico;20240227;3;7;27/02/2024;2;2024
/tecnico;20240229;2;5;29/02/2024;2;2024
/tecnico;20240301;13;14;01/03/2024;3;2024
/tecnico;20240302;6;9;02/03/2024;3;2024
/tecnico;20240303;1;4;03/03/2024;3;2024
/tecnico;20240304;2;4;04/03/2024;3;2024
/tecnico;20240305;0;1;05/03/2024;3;2024
/tecnico;20240306;4;4;06/03/2024;3;2024
/tecnico;20240307;4;6;07/03/2024;3;2024
/tecnico;20240308;6;7;08/03/2024;3;2024
/tecnico;20240309;13;13;09/03/2024;3;2024
/tecnico;20240310;3;4;10/03/2024;3;2024
/tecnico;20240311;2;2;11/03/2024;3;2024
/tecnico;20240313;0;1;13/03/2024;3;2024
/tecnico;20240316;2;2;16/03/2024;3;2024
/tecnico;20240318;2;4;18/03/2024;3;2024
/tecnico;20240319;2;2;19/03/2024;3;2024
/tecnico;20240320;3;4;20/03/2024;3;2024
/tecnico;20240322;1;1;22/03/2024;3;2024
/tecnico;20240323;1;1;23/03/2024;3;2024
/jogador;20240325;144;30;25/03/2024;3;2024
/jogador;20240326;82;13;26/03/2024;3;2024
/jogador;20240327;200;25;27/03/2024;3;2024
/jogador;20240328;103;26;28/03/2024;3;2024
/jogador;20240329;429;48;29/03/2024;3;2024
/jogador;20240330;192;30;30/03/2024;3;2024
/jogador;20240331;160;27;31/03/2024;3;2024
/adversario;20240325;27;6;25/03/2024;3;2024
/adversario;20240326;70;20;26/03/2024;3;2024
/adversario;20240327;66;17;27/03/2024;3;2024
/adversario;20240328;64;17;28/03/2024;3;2024
/adversario;20240329;25;6;29/03/2024;3;2024
/adversario;20240330;64;16;30/03/2024;3;2024
/adversario;20240331;37;11;31/03/2024;3;2024
/arbitro;20240326;20;5;26/03/2024;3;2024
/arbitro;20240327;9;2;27/03/2024;3;2024
/arbitro;20240328;7;2;28/03/2024;3;2024
/arbitro;20240329;4;1;29/03/2024;3;2024
/arbitro;20240330;18;4;30/03/2024;3;2024
/arbitro;20240331;6;2;31/03/2024;3;2024
/campeonato;20240325;15;4;25/03/2024;3;2024
/campeonato;20240326;17;5;26/03/2024;3;2024
/campeonato;20240327;35;8;27/03/2024;3;2024
/campeonato;20240328;25;7;28/03/2024;3;2024
/campeonato;20240329;7;2;29/03/2024;3;2024
/campeonato;20240330;106;25;30/03/2024;3;2024
/campeonato;20240331;20;5;31/03/2024;3;2024
/estadio;20240325;12;3;25/03/2024;3;2024
/estadio;20240326;4;1;26/03/2024;3;2024
/estadio;20240327;17;4;27/03/2024;3;2024
/estadio;20240328;11;3;28/03/2024;3;2024
/estadio;20240329;6;2;29/03/2024;3;2024
/estadio;20240330;3;1;30/03/2024;3;2024
/tecnico;20240325;4;1;25/03/2024;3;2024
/tecnico;20240326;15;1;26/03/2024;3;2024
/tecnico;20240327;26;6;27/03/2024;3;2024
/tecnico;20240328;44;11;28/03/2024;3;2024
/tecnico;20240329;26;6;29/03/2024;3;2024
/tecnico;20240330;3;1;30/03/2024;3;2024
/tecnico;20240331;8;1;31/03/2024;3;2024
/adversario;20240407;62;14;07/04/2024;4;2024
/adversario;20240406;21;6;06/04/2024;4;2024
/adversario;20240405;48;11;05/04/2024;4;2024
/adversario;20240404;29;6;04/04/2024;4;2024
/adversario;20240403;83;22;03/04/2024;4;2024
/adversario;20240402;65;17;02/04/2024;4;2024
/adversario;20240401;31;6;01/04/2024;4;2024
/arbitro;20240407;11;2;07/04/2024;4;2024
/arbitro;20240406;47;12;06/04/2024;4;2024
/arbitro;20240405;3;1;05/04/2024;4;2024
/arbitro;20240403;11;3;03/04/2024;4;2024
/arbitro;20240402;22;6;02/04/2024;4;2024
/campeonato;20240407;52;10;07/04/2024;4;2024
/campeonato;20240406;13;3;06/04/2024;4;2024
/campeonato;20240405;76;18;05/04/2024;4;2024
/campeonato;20240404;43;9;04/04/2024;4;2024
/campeonato;20240403;56;14;03/04/2024;4;2024
/campeonato;20240402;49;14;02/04/2024;4;2024
/campeonato;20240401;21;5;01/04/2024;4;2024
/estadio;20240407;4;1;07/04/2024;4;2024
/estadio;20240405;8;2;05/04/2024;4;2024
/estadio;20240404;9;2;04/04/2024;4;2024
/estadio;20240403;21;4;03/04/2024;4;2024
/estadio;20240402;9;3;02/04/2024;4;2024
/estadio;20240401;17;2;01/04/2024;4;2024
/jogador;20240407;146;32;07/04/2024;4;2024
/jogador;20240406;218;39;06/04/2024;4;2024
/jogador;20240405;86;21;05/04/2024;4;2024
/jogador;20240404;93;21;04/04/2024;4;2024
/jogador;20240403;147;31;03/04/2024;4;2024
/jogador;20240402;143;28;02/04/2024;4;2024
/jogador;20240401;44;12;01/04/2024;4;2024
/tecnico;20240407;4;1;07/04/2024;4;2024
/tecnico;20240406;13;4;06/04/2024;4;2024
/tecnico;20240405;11;3;05/04/2024;4;2024
/tecnico;20240404;4;1;04/04/2024;4;2024
/tecnico;20240403;11;3;03/04/2024;4;2024
/tecnico;20240402;22;6;02/04/2024;4;2024
/tecnico;20240401;4;1;01/04/2024;4;2024
/adversario;20240408;59;9;08/04/2024;4;2024
/adversario;20240409;49;13;09/04/2024;4;2024
/adversario;20240410;89;17;10/04/2024;4;2024
/adversario;20240411;35;8;11/04/2024;4;2024
/adversario;20240412;52;11;12/04/2024;4;2024
/adversario;20240413;24;6;13/04/2024;4;2024
/adversario;20240414;64;13;14/04/2024;4;2024
/arbitro;20240408;47;9;08/04/2024;4;2024
/arbitro;20240409;19;5;09/04/2024;4;2024
/arbitro;20240410;35;10;10/04/2024;4;2024
/arbitro;20240411;20;8;11/04/2024;4;2024
/arbitro;20240412;5;1;12/04/2024;4;2024
/arbitro;20240413;32;8;13/04/2024;4;2024
/arbitro;20240414;17;4;14/04/2024;4;2024
/campeonato;20240408;54;12;08/04/2024;4;2024
/campeonato;20240409;38;10;09/04/2024;4;2024
/campeonato;20240410;67;17;10/04/2024;4;2024
/campeonato;20240411;41;8;11/04/2024;4;2024
/campeonato;20240412;110;25;12/04/2024;4;2024
/campeonato;20240413;23;5;13/04/2024;4;2024
/campeonato;20240414;4;1;14/04/2024;4;2024
/estadio;20240408;17;5;08/04/2024;4;2024
/estadio;20240409;8;3;09/04/2024;4;2024
/estadio;20240410;8;3;10/04/2024;4;2024
/estadio;20240411;20;5;11/04/2024;4;2024
/estadio;20240413;3;1;13/04/2024;4;2024
/jogador;20240408;179;35;08/04/2024;4;2024
/jogador;20240409;199;45;09/04/2024;4;2024
/jogador;20240410;180;41;10/04/2024;4;2024
/jogador;20240411;227;56;11/04/2024;4;2024
/jogador;20240412;110;28;12/04/2024;4;2024
/jogador;20240413;243;40;13/04/2024;4;2024
/jogador;20240414;337;42;14/04/2024;4;2024
/tecnico;20240408;3;1;08/04/2024;4;2024
/tecnico;20240409;4;1;09/04/2024;4;2024
/tecnico;20240410;28;7;10/04/2024;4;2024
/tecnico;20240411;11;3;11/04/2024;4;2024
/tecnico;20240412;20;5;12/04/2024;4;2024
/tecnico;20240413;6;2;13/04/2024;4;2024
/tecnico;20240414;24;6;14/04/2024;4;2024
/adversario;20240415;59;15;15/04/2024;4;2024
/adversario;20240416;73;16;16/04/2024;4;2024
/adversario;20240417;200;45;17/04/2024;4;2024
/adversario;20240418;85;19;18/04/2024;4;2024
/adversario;20240419;55;14;19/04/2024;4;2024
/adversario;20240420;102;28;20/04/2024;4;2024
/adversario;20240421;117;29;21/04/2024;4;2024
/arbitro;20240415;39;10;15/04/2024;4;2024
/arbitro;20240416;26;6;16/04/2024;4;2024
/arbitro;20240417;8;2;17/04/2024;4;2024
/arbitro;20240418;15;4;18/04/2024;4;2024
/arbitro;20240419;18;4;19/04/2024;4;2024
/arbitro;20240420;6;2;20/04/2024;4;2024
/arbitro;20240421;6;2;21/04/2024;4;2024
/campeonato;20240415;48;11;15/04/2024;4;2024
/campeonato;20240416;18;5;16/04/2024;4;2024
/campeonato;20240417;34;9;17/04/2024;4;2024
/campeonato;20240418;23;6;18/04/2024;4;2024
/campeonato;20240419;17;5;19/04/2024;4;2024
/campeonato;20240420;50;8;20/04/2024;4;2024
/campeonato;20240421;65;18;21/04/2024;4;2024
/estadio;20240416;13;3;16/04/2024;4;2024
/estadio;20240417;7;3;17/04/2024;4;2024
/estadio;20240418;6;2;18/04/2024;4;2024
/estadio;20240419;12;3;19/04/2024;4;2024
/estadio;20240420;20;5;20/04/2024;4;2024
/estadio;20240421;4;1;21/04/2024;4;2024
/jogador;20240415;122;22;15/04/2024;4;2024
/jogador;20240416;170;39;16/04/2024;4;2024
/jogador;20240417;37;9;17/04/2024;4;2024
/jogador;20240418;111;24;18/04/2024;4;2024
/jogador;20240419;108;26;19/04/2024;4;2024
/jogador;20240420;150;38;20/04/2024;4;2024
/jogador;20240421;385;93;21/04/2024;4;2024
/tecnico;20240415;4;1;15/04/2024;4;2024
/tecnico;20240416;22;6;16/04/2024;4;2024
/tecnico;20240417;4;1;17/04/2024;4;2024
/tecnico;20240419;15;3;19/04/2024;4;2024
/tecnico;20240420;7;2;20/04/2024;4;2024
/tecnico;20240421;20;5;21/04/2024;4;2024
/adversario;20240422;59;14;22/04/2024;4;2024
/adversario;20240423;67;19;23/04/2024;4;2024
/adversario;20240424;41;11;24/04/2024;4;2024
/adversario;20240425;157;35;25/04/2024;4;2024
/adversario;20240426;132;30;26/04/2024;4;2024
/adversario;20240427;60;17;27/04/2024;4;2024
/adversario;20240428;68;19;28/04/2024;4;2024
/arbitro;20240422;48;14;22/04/2024;4;2024
/arbitro;20240423;51;9;23/04/2024;4;2024
/arbitro;20240424;26;7;24/04/2024;4;2024
/arbitro;20240425;40;11;25/04/2024;4;2024
/arbitro;20240426;19;4;26/04/2024;4;2024
/arbitro;20240427;26;6;27/04/2024;4;2024
/arbitro;20240428;37;10;28/04/2024;4;2024
/campeonato;20240422;19;5;22/04/2024;4;2024
/campeonato;20240423;35;10;23/04/2024;4;2024
/campeonato;20240424;20;5;24/04/2024;4;2024
/campeonato;20240425;27;7;25/04/2024;4;2024
/campeonato;20240426;44;10;26/04/2024;4;2024
/campeonato;20240427;26;6;27/04/2024;4;2024
/campeonato;20240428;31;9;28/04/2024;4;2024
/estadio;20240422;3;1;22/04/2024;4;2024
/estadio;20240423;27;6;23/04/2024;4;2024
/estadio;20240424;14;3;24/04/2024;4;2024
/estadio;20240425;42;9;25/04/2024;4;2024
/estadio;20240426;12;3;26/04/2024;4;2024
/estadio;20240427;31;7;27/04/2024;4;2024
/estadio;20240428;114;33;28/04/2024;4;2024
/jogador;20240422;135;29;22/04/2024;4;2024
/jogador;20240423;145;35;23/04/2024;4;2024
/jogador;20240424;259;60;24/04/2024;4;2024
/jogador;20240425;138;32;25/04/2024;4;2024
/jogador;20240426;157;30;26/04/2024;4;2024
/jogador;20240427;148;24;27/04/2024;4;2024
/jogador;20240428;81;21;28/04/2024;4;2024
/tecnico;20240422;5;1;22/04/2024;4;2024
/tecnico;20240423;15;3;23/04/2024;4;2024
/tecnico;20240424;62;6;24/04/2024;4;2024
/tecnico;20240425;12;3;25/04/2024;4;2024
/tecnico;20240426;30;4;26/04/2024;4;2024
/tecnico;20240427;14;3;27/04/2024;4;2024
/tecnico;20240428;24;6;28/04/2024;4;2024
/adversario;20240430;60;63;30/04/2024;4;2024
/arbitro;20240504;53;60;04/05/2024;5;2024
/adversario;20240429;39;43;29/04/2024;4;2024
/jogador;20240501;29;37;01/05/2024;5;2024
/jogador;20240504;29;51;04/05/2024;5;2024
/adversario;20240504;26;31;04/05/2024;5;2024
/arbitro;20240501;22;22;01/05/2024;5;2024
/adversario;20240501;21;24;01/05/2024;5;2024
/estadio;20240501;18;18;01/05/2024;5;2024
/jogador;20240502;18;25;02/05/2024;5;2024
/adversario;20240503;17;22;03/05/2024;5;2024
/jogador;20240503;17;26;03/05/2024;5;2024
/jogador;20240429;16;27;29/04/2024;4;2024
/adversario;20240502;14;18;02/05/2024;5;2024
/jogador;20240430;14;17;30/04/2024;4;2024
/estadio;20240502;12;13;02/05/2024;5;2024
/arbitro;20240430;10;12;30/04/2024;4;2024
/adversario;20240505;9;11;05/05/2024;5;2024
/arbitro;20240503;9;13;03/05/2024;5;2024
/campeonato;20240503;8;12;03/05/2024;5;2024
/estadio;20240503;7;7;03/05/2024;5;2024
/estadio;20240504;7;11;04/05/2024;5;2024
/jogador;20240505;7;13;05/05/2024;5;2024
/tecnico;20240430;7;9;30/04/2024;4;2024
/campeonato;20240501;6;8;01/05/2024;5;2024
/campeonato;20240504;5;10;04/05/2024;5;2024
/campeonato;20240430;4;4;30/04/2024;4;2024
/estadio;20240430;4;5;30/04/2024;4;2024
/campeonato;20240429;3;7;29/04/2024;4;2024
/estadio;20240505;3;4;05/05/2024;5;2024
/tecnico;20240429;3;4;29/04/2024;4;2024
/arbitro;20240429;2;2;29/04/2024;4;2024
/arbitro;20240505;2;3;05/05/2024;5;2024
/campeonato;20240502;2;3;02/05/2024;5;2024
/campeonato;20240505;2;2;05/05/2024;5;2024
/estadio;20240429;2;3;29/04/2024;4;2024
/tecnico;20240501;2;7;01/05/2024;5;2024
/tecnico;20240502;2;3;02/05/2024;5;2024
/tecnico;20240503;2;3;03/05/2024;5;2024
/tecnico;20240504;2;7;04/05/2024;5;2024
/arbitro;20240502;1;1;02/05/2024;5;2024
/tecnico;20240505;0;1;05/05/2024;5;2024
/jogador;20240510;61;69;10/05/2024;5;2024
/jogador;20240509;36;54;09/05/2024;5;2024
/jogador;20240507;33;40;07/05/2024;5;2024
/jogador;20240511;32;39;11/05/2024;5;2024
/jogador;20240512;27;32;12/05/2024;5;2024
/adversario;20240510;24;27;10/05/2024;5;2024
/adversario;20240509;23;26;09/05/2024;5;2024
/adversario;20240512;23;28;12/05/2024;5;2024
/campeonato;20240510;21;25;10/05/2024;5;2024
/adversario;20240506;17;24;06/05/2024;5;2024
/jogador;20240506;14;18;06/05/2024;5;2024
/campeonato;20240506;13;14;06/05/2024;5;2024
/jogador;20240508;12;15;08/05/2024;5;2024
/arbitro;20240512;11;13;12/05/2024;5;2024
/campeonato;20240508;10;12;08/05/2024;5;2024
/campeonato;20240507;9;12;07/05/2024;5;2024
/campeonato;20240509;9;10;09/05/2024;5;2024
/adversario;20240508;8;8;08/05/2024;5;2024
/arbitro;20240509;8;10;09/05/2024;5;2024
/campeonato;20240511;8;8;11/05/2024;5;2024
/estadio;20240512;5;5;12/05/2024;5;2024
/tecnico;20240509;4;5;09/05/2024;5;2024
/tecnico;20240510;4;6;10/05/2024;5;2024
/tecnico;20240511;4;4;11/05/2024;5;2024
/adversario;20240511;3;5;11/05/2024;5;2024
/arbitro;20240507;3;4;07/05/2024;5;2024
/arbitro;20240508;3;4;08/05/2024;5;2024
/arbitro;20240510;3;6;10/05/2024;5;2024
/arbitro;20240511;3;3;11/05/2024;5;2024
/campeonato;20240512;3;6;12/05/2024;5;2024
/estadio;20240510;3;4;10/05/2024;5;2024
/tecnico;20240507;3;5;07/05/2024;5;2024
/adversario;20240507;2;4;07/05/2024;5;2024
/arbitro;20240506;1;3;06/05/2024;5;2024
/estadio;20240506;1;1;06/05/2024;5;2024
/estadio;20240507;1;2;07/05/2024;5;2024
/estadio;20240511;1;1;11/05/2024;5;2024
/tecnico;20240508;1;1;08/05/2024;5;2024
/tecnico;20240512;1;1;12/05/2024;5;2024
/estadio;20240508;0;2;08/05/2024;5;2024
/estadio;20240509;0;1;09/05/2024;5;2024
/jogador;20240514;43;55;14/05/2024;5;2024
/jogador;20240516;40;55;16/05/2024;5;2024
/jogador;20240517;30;38;17/05/2024;5;2024
/adversario;20240516;26;32;16/05/2024;5;2024
/adversario;20240513;25;27;13/05/2024;5;2024
/campeonato;20240516;25;26;16/05/2024;5;2024
/jogador;20240513;25;36;13/05/2024;5;2024
/jogador;20240515;23;30;15/05/2024;5;2024
/jogador;20240519;23;32;19/05/2024;5;2024
/adversario;20240515;20;21;15/05/2024;5;2024
/campeonato;20240517;19;21;17/05/2024;5;2024
/adversario;20240514;17;25;14/05/2024;5;2024
/jogador;20240518;16;25;18/05/2024;5;2024
/adversario;20240517;15;17;17/05/2024;5;2024
/adversario;20240519;14;17;19/05/2024;5;2024
/arbitro;20240513;14;18;13/05/2024;5;2024
/campeonato;20240515;14;17;15/05/2024;5;2024
/campeonato;20240518;13;17;18/05/2024;5;2024
/tecnico;20240513;10;12;13/05/2024;5;2024
/campeonato;20240513;9;11;13/05/2024;5;2024
/arbitro;20240514;7;12;14/05/2024;5;2024
/campeonato;20240514;7;8;14/05/2024;5;2024
/adversario;20240518;6;9;18/05/2024;5;2024
/arbitro;20240516;6;7;16/05/2024;5;2024
/campeonato;20240519;6;7;19/05/2024;5;2024
/estadio;20240514;4;7;14/05/2024;5;2024
/tecnico;20240514;4;6;14/05/2024;5;2024
/tecnico;20240516;4;6;16/05/2024;5;2024
/tecnico;20240519;4;6;19/05/2024;5;2024
/arbitro;20240517;3;4;17/05/2024;5;2024
/estadio;20240513;2;2;13/05/2024;5;2024
/tecnico;20240515;2;3;15/05/2024;5;2024
/arbitro;20240515;1;4;15/05/2024;5;2024
/estadio;20240515;1;2;15/05/2024;5;2024
/estadio;20240516;1;2;16/05/2024;5;2024
/estadio;20240517;1;4;17/05/2024;5;2024
/estadio;20240518;1;1;18/05/2024;5;2024
/tecnico;20240518;1;2;18/05/2024;5;2024
/estadio;20240519;0;1;19/05/2024;5;2024
/jogador;20240524;55;66;24/05/2024;5;2024
/jogador;20240523;45;60;23/05/2024;5;2024
/jogador;20240521;34;48;21/05/2024;5;2024
/jogador;20240522;32;40;22/05/2024;5;2024
/adversario;20240526;18;17;26/05/2024;5;2024
/jogador;20240520;17;25;20/05/2024;5;2024
/jogador;20240526;17;31;26/05/2024;5;2024
/jogador;20240525;16;26;25/05/2024;5;2024
/adversario;20240522;13;14;22/05/2024;5;2024
/campeonato;20240524;12;14;24/05/2024;5;2024
/adversario;20240524;11;16;24/05/2024;5;2024
/adversario;20240525;11;11;25/05/2024;5;2024
/adversario;20240520;10;12;20/05/2024;5;2024
/campeonato;20240522;10;14;22/05/2024;5;2024
/campeonato;20240523;10;12;23/05/2024;5;2024
/tecnico;20240523;10;17;23/05/2024;5;2024
/tecnico;20240522;9;10;22/05/2024;5;2024
/adversario;20240523;8;10;23/05/2024;5;2024
/arbitro;20240522;7;6;22/05/2024;5;2024
/campeonato;20240520;7;9;20/05/2024;5;2024
/arbitro;20240521;6;9;21/05/2024;5;2024
/arbitro;20240525;5;6;25/05/2024;5;2024
/campeonato;20240525;5;6;25/05/2024;5;2024
/estadio;20240520;5;5;20/05/2024;5;2024
/tecnico;20240524;5;6;24/05/2024;5;2024
/estadio;20240521;4;5;21/05/2024;5;2024
/arbitro;20240520;3;5;20/05/2024;5;2024
/campeonato;20240526;3;4;26/05/2024;5;2024
/adversario;20240521;2;5;21/05/2024;5;2024
/arbitro;20240524;2;2;24/05/2024;5;2024
/estadio;20240522;2;2;22/05/2024;5;2024
/arbitro;20240523;1;1;23/05/2024;5;2024
/campeonato;20240521;1;6;21/05/2024;5;2024
/estadio;20240523;1;2;23/05/2024;5;2024
/estadio;20240524;1;2;24/05/2024;5;2024
/estadio;20240525;1;1;25/05/2024;5;2024
/tecnico;20240520;1;1;20/05/2024;5;2024
/tecnico;20240526;1;4;26/05/2024;5;2024
/tecnico;20240525;0;3;25/05/2024;5;2024
/campeonato;20240531;63;63;31/05/2024;5;2024
/jogador;20240601;33;39;01/06/2024;6;2024
/adversario;20240531;24;29;31/05/2024;5;2024
/jogador;20240530;23;34;30/05/2024;5;2024
/jogador;20240527;22;38;27/05/2024;5;2024
/jogador;20240531;19;40;31/05/2024;5;2024
/jogador;20240528;16;31;28/05/2024;5;2024
/adversario;20240601;15;17;01/06/2024;6;2024
/campeonato;20240528;14;18;28/05/2024;5;2024
/adversario;20240602;13;19;02/06/2024;6;2024
/jogador;20240529;13;25;29/05/2024;5;2024
/jogador;20240602;13;20;02/06/2024;6;2024
/campeonato;20240529;12;14;29/05/2024;5;2024
/adversario;20240529;11;13;29/05/2024;5;2024
/adversario;20240527;10;13;27/05/2024;5;2024
/arbitro;20240529;10;11;29/05/2024;5;2024
/campeonato;20240527;10;12;27/05/2024;5;2024
/tecnico;20240529;10;10;29/05/2024;5;2024
/adversario;20240528;9;11;28/05/2024;5;2024
/adversario;20240530;9;10;30/05/2024;5;2024
/tecnico;20240527;9;11;27/05/2024;5;2024
/campeonato;20240530;8;10;30/05/2024;5;2024
/tecnico;20240601;7;9;01/06/2024;6;2024
/campeonato;20240602;6;8;02/06/2024;6;2024
/estadio;20240529;6;8;29/05/2024;5;2024
/tecnico;20240530;5;6;30/05/2024;5;2024
/arbitro;20240601;4;7;01/06/2024;6;2024
/arbitro;20240530;3;6;30/05/2024;5;2024
/arbitro;20240531;3;3;31/05/2024;5;2024
/campeonato;20240601;3;6;01/06/2024;6;2024
/tecnico;20240531;3;3;31/05/2024;5;2024
/arbitro;20240527;2;2;27/05/2024;5;2024
/arbitro;20240528;2;2;28/05/2024;5;2024
/estadio;20240530;2;3;30/05/2024;5;2024
/tecnico;20240528;2;3;28/05/2024;5;2024
/tecnico;20240602;2;5;02/06/2024;6;2024
/estadio;20240527;1;2;27/05/2024;5;2024
/estadio;20240528;1;2;28/05/2024;5;2024
/estadio;20240531;1;2;31/05/2024;5;2024
/jogador;20240606;62;77;06/06/2024;6;2024
/jogador;20240608;58;65;08/06/2024;6;2024
/jogador;20240607;48;54;07/06/2024;6;2024
/jogador;20240609;39;41;09/06/2024;6;2024
/jogador;20240604;30;41;04/06/2024;6;2024
/adversario;20240603;28;31;03/06/2024;6;2024
/adversario;20240604;25;28;04/06/2024;6;2024
/jogador;20240605;22;27;05/06/2024;6;2024
/adversario;20240608;19;22;08/06/2024;6;2024
/adversario;20240609;16;18;09/06/2024;6;2024
/adversario;20240605;15;17;05/06/2024;6;2024
/jogador;20240603;13;25;03/06/2024;6;2024
/campeonato;20240605;10;10;05/06/2024;6;2024
/tecnico;20240604;10;13;04/06/2024;6;2024
/tecnico;20240606;10;12;06/06/2024;6;2024
/campeonato;20240604;8;11;04/06/2024;6;2024
/campeonato;20240609;8;10;09/06/2024;6;2024
/estadio;20240604;7;9;04/06/2024;6;2024
/estadio;20240605;7;8;05/06/2024;6;2024
/adversario;20240606;6;14;06/06/2024;6;2024
/adversario;20240607;6;9;07/06/2024;6;2024
/campeonato;20240603;6;8;03/06/2024;6;2024
/campeonato;20240606;6;10;06/06/2024;6;2024
/arbitro;20240604;5;7;04/06/2024;6;2024
/campeonato;20240607;4;9;07/06/2024;6;2024
/tecnico;20240603;4;5;03/06/2024;6;2024
/arbitro;20240605;3;3;05/06/2024;6;2024
/arbitro;20240606;3;3;06/06/2024;6;2024
/arbitro;20240609;3;4;09/06/2024;6;2024
/tecnico;20240607;3;4;07/06/2024;6;2024
/arbitro;20240608;2;2;08/06/2024;6;2024
/campeonato;20240608;2;6;08/06/2024;6;2024
/estadio;20240606;2;3;06/06/2024;6;2024
/estadio;20240608;2;3;08/06/2024;6;2024
/tecnico;20240605;2;2;05/06/2024;6;2024
/tecnico;20240609;2;3;09/06/2024;6;2024
/arbitro;20240603;1;1;03/06/2024;6;2024
/estadio;20240603;1;3;03/06/2024;6;2024
/estadio;20240607;1;2;07/06/2024;6;2024
/estadio;20240609;1;2;09/06/2024;6;2024
/arbitro;20240607;0;1;07/06/2024;6;2024
/adversario;20240611;50;55;11/06/2024;6;2024
/jogador;20240615;32;38;15/06/2024;6;2024
/adversario;20240610;31;32;10/06/2024;6;2024
/jogador;20240614;28;32;14/06/2024;6;2024
/jogador;20240611;24;33;11/06/2024;6;2024
/jogador;20240613;24;33;13/06/2024;6;2024
/adversario;20240612;23;24;12/06/2024;6;2024
/adversario;20240613;16;17;13/06/2024;6;2024
/adversario;20240614;15;18;14/06/2024;6;2024
/jogador;20240612;15;30;12/06/2024;6;2024
/jogador;20240616;12;13;16/06/2024;6;2024
/jogador;20240610;11;21;10/06/2024;6;2024
/campeonato;20240612;9;10;12/06/2024;6;2024
/adversario;20240615;8;9;15/06/2024;6;2024
/estadio;20240614;8;8;14/06/2024;6;2024
/arbitro;20240611;7;7;11/06/2024;6;2024
/campeonato;20240610;6;10;10/06/2024;6;2024
/campeonato;20240615;6;8;15/06/2024;6;2024
/adversario;20240616;5;6;16/06/2024;6;2024
/arbitro;20240610;5;7;10/06/2024;6;2024
/campeonato;20240616;5;4;16/06/2024;6;2024
/tecnico;20240614;5;5;14/06/2024;6;2024
/campeonato;20240614;4;6;14/06/2024;6;2024
/arbitro;20240614;3;6;14/06/2024;6;2024
/campeonato;20240611;3;5;11/06/2024;6;2024
/estadio;20240612;3;3;12/06/2024;6;2024
/estadio;20240611;2;3;11/06/2024;6;2024
/tecnico;20240611;2;4;11/06/2024;6;2024
/arbitro;20240615;1;4;15/06/2024;6;2024
/campeonato;20240613;1;1;13/06/2024;6;2024
/estadio;20240615;1;2;15/06/2024;6;2024
/estadio;20240616;1;1;16/06/2024;6;2024
/tecnico;20240612;1;3;12/06/2024;6;2024
/tecnico;20240613;1;3;13/06/2024;6;2024
/arbitro;20240613;0;2;13/06/2024;6;2024
/tecnico;20240615;0;1;15/06/2024;6;2024
/jogador;20240619;20;28;19/06/2024;6;2024
/jogador;20240622;19;22;22/06/2024;6;2024
/jogador;20240620;18;28;20/06/2024;6;2024
/jogador;20240621;17;21;21/06/2024;6;2024
/jogador;20240623;16;22;23/06/2024;6;2024
/campeonato;20240620;13;15;20/06/2024;6;2024
/adversario;20240617;12;13;17/06/2024;6;2024
/adversario;20240618;12;16;18/06/2024;6;2024
/adversario;20240619;11;12;19/06/2024;6;2024
/adversario;20240620;9;12;20/06/2024;6;2024
/adversario;20240622;9;10;22/06/2024;6;2024
/jogador;20240617;9;15;17/06/2024;6;2024
/campeonato;20240621;7;7;21/06/2024;6;2024
/estadio;20240618;7;7;18/06/2024;6;2024
/jogador;20240618;7;11;18/06/2024;6;2024
/campeonato;20240619;6;8;19/06/2024;6;2024
/campeonato;20240622;6;7;22/06/2024;6;2024
/arbitro;20240619;5;5;19/06/2024;6;2024
/estadio;20240621;5;9;21/06/2024;6;2024
/tecnico;20240620;5;6;20/06/2024;6;2024
/tecnico;20240621;5;15;21/06/2024;6;2024
/adversario;20240621;4;8;21/06/2024;6;2024
/adversario;20240623;4;5;23/06/2024;6;2024
/arbitro;20240623;4;6;23/06/2024;6;2024
/tecnico;20240619;4;5;19/06/2024;6;2024
/tecnico;20240623;4;5;23/06/2024;6;2024
/campeonato;20240617;3;4;17/06/2024;6;2024
/campeonato;20240623;3;4;23/06/2024;6;2024
/tecnico;20240622;3;5;22/06/2024;6;2024
/arbitro;20240617;2;4;17/06/2024;6;2024
/arbitro;20240618;2;5;18/06/2024;6;2024
/arbitro;20240621;2;6;21/06/2024;6;2024
/arbitro;20240622;2;8;22/06/2024;6;2024
/campeonato;20240618;2;2;18/06/2024;6;2024
/estadio;20240617;2;3;17/06/2024;6;2024
/estadio;20240623;2;2;23/06/2024;6;2024
/estadio;20240619;1;1;19/06/2024;6;2024
/tecnico;20240617;1;1;17/06/2024;6;2024
/tecnico;20240618;1;2;18/06/2024;6;2024
/arbitro;20240620;0;1;20/06/2024;6;2024
/tecnico;20240624;43;52;24/06/2024;6;2024
/tecnico;20240626;30;34;26/06/2024;6;2024
/jogador;20240630;22;32;30/06/2024;6;2024
/jogador;20240625;20;27;25/06/2024;6;2024
/adversario;20240627;19;21;27/06/2024;6;2024
/adversario;20240624;17;21;24/06/2024;6;2024
/tecnico;20240627;17;22;27/06/2024;6;2024
/campeonato;20240625;16;20;25/06/2024;6;2024
/tecnico;20240625;16;18;25/06/2024;6;2024
/jogador;20240629;15;23;29/06/2024;6;2024
/jogador;20240626;14;19;26/06/2024;6;2024
/jogador;20240627;14;18;27/06/2024;6;2024
/campeonato;20240624;13;17;24/06/2024;6;2024
/jogador;20240624;12;17;24/06/2024;6;2024
/adversario;20240630;10;11;30/06/2024;6;2024
/jogador;20240628;10;17;28/06/2024;6;2024
/adversario;20240625;9;11;25/06/2024;6;2024
/adversario;20240628;9;10;28/06/2024;6;2024
/adversario;20240626;8;11;26/06/2024;6;2024
/adversario;20240629;8;9;29/06/2024;6;2024
/campeonato;20240629;7;7;29/06/2024;6;2024
/campeonato;20240630;7;13;30/06/2024;6;2024
/campeonato;20240628;6;7;28/06/2024;6;2024
/tecnico;20240630;6;8;30/06/2024;6;2024
/arbitro;20240627;5;5;27/06/2024;6;2024
/campeonato;20240627;5;7;27/06/2024;6;2024
/estadio;20240628;5;5;28/06/2024;6;2024
/arbitro;20240630;4;4;30/06/2024;6;2024
/estadio;20240629;4;4;29/06/2024;6;2024
/estadio;20240630;4;6;30/06/2024;6;2024
/arbitro;20240624;3;3;24/06/2024;6;2024
/arbitro;20240625;3;5;25/06/2024;6;2024
/campeonato;20240626;3;4;26/06/2024;6;2024
/estadio;20240625;3;3;25/06/2024;6;2024
/tecnico;20240629;3;3;29/06/2024;6;2024
/arbitro;20240629;2;8;29/06/2024;6;2024
/estadio;20240627;2;3;27/06/2024;6;2024
/tecnico;20240628;2;2;28/06/2024;6;2024
/arbitro;20240626;1;3;26/06/2024;6;2024
/arbitro;20240628;1;2;28/06/2024;6;2024
/estadio;20240626;1;1;26/06/2024;6;2024
/estadio;20240624;0;1;24/06/2024;6;2024
/jogador;20240702;19;24;02/07/2024;7;2024
/jogador;20240705;18;27;05/07/2024;7;2024
/jogador;20240706;17;19;06/07/2024;7;2024
/jogador;20240701;15;19;01/07/2024;7;2024
/jogador;20240703;15;17;03/07/2024;7;2024
/adversario;20240704;14;15;04/07/2024;7;2024
/jogador;20240704;13;19;04/07/2024;7;2024
/adversario;20240706;11;14;06/07/2024;7;2024
/jogador;20240707;11;23;07/07/2024;7;2024
/adversario;20240703;10;11;03/07/2024;7;2024
/adversario;20240701;9;10;01/07/2024;7;2024
/arbitro;20240704;9;10;04/07/2024;7;2024
/adversario;20240705;7;7;05/07/2024;7;2024
/adversario;20240702;6;10;02/07/2024;7;2024
/campeonato;20240703;6;9;03/07/2024;7;2024
/campeonato;20240704;6;7;04/07/2024;7;2024
/campeonato;20240706;6;6;06/07/2024;7;2024
/adversario;20240707;4;4;07/07/2024;7;2024
/arbitro;20240703;4;5;03/07/2024;7;2024
/campeonato;20240705;4;4;05/07/2024;7;2024
/tecnico;20240702;3;6;02/07/2024;7;2024
/tecnico;20240705;3;3;05/07/2024;7;2024
/arbitro;20240706;2;3;06/07/2024;7;2024
/arbitro;20240707;2;4;07/07/2024;7;2024
/campeonato;20240707;2;3;07/07/2024;7;2024
/estadio;20240704;2;3;04/07/2024;7;2024
/tecnico;20240701;2;4;01/07/2024;7;2024
/tecnico;20240704;2;3;04/07/2024;7;2024
/arbitro;20240701;1;2;01/07/2024;7;2024
/arbitro;20240702;1;2;02/07/2024;7;2024
/campeonato;20240701;1;2;01/07/2024;7;2024
/campeonato;20240702;1;1;02/07/2024;7;2024
/estadio;20240701;1;1;01/07/2024;7;2024
/estadio;20240702;1;1;02/07/2024;7;2024
/estadio;20240703;1;2;03/07/2024;7;2024
/estadio;20240707;1;1;07/07/2024;7;2024
/tecnico;20240706;1;2;06/07/2024;7;2024
/tecnico;20240707;1;2;07/07/2024;7;2024
/arbitro;20240705;0;2;05/07/2024;7;2024
/estadio;20240706;0;1;06/07/2024;7;2024
/jogador;20240714;45;49;14/07/2024;7;2024
/jogador;20240711;35;44;11/07/2024;7;2024
/jogador;20240712;34;44;12/07/2024;7;2024
/jogador;20240709;22;29;09/07/2024;7;2024
/jogador;20240710;22;25;10/07/2024;7;2024
/jogador;20240708;16;30;08/07/2024;7;2024
/jogador;20240713;13;22;13/07/2024;7;2024
/adversario;20240708;9;10;08/07/2024;7;2024
/arbitro;20240709;9;9;09/07/2024;7;2024
/campeonato;20240708;8;9;08/07/2024;7;2024
/campeonato;20240710;8;12;10/07/2024;7;2024
/adversario;20240714;7;7;14/07/2024;7;2024
/campeonato;20240709;6;8;09/07/2024;7;2024
/estadio;20240709;6;8;09/07/2024;7;2024
/tecnico;20240712;6;6;12/07/2024;7;2024
/adversario;20240709;5;5;09/07/2024;7;2024
/adversario;20240710;5;10;10/07/2024;7;2024
/adversario;20240711;4;8;11/07/2024;7;2024
/estadio;20240711;4;5;11/07/2024;7;2024
/adversario;20240712;3;6;12/07/2024;7;2024
/adversario;20240713;3;3;13/07/2024;7;2024
/campeonato;20240711;3;8;11/07/2024;7;2024
/tecnico;20240708;3;4;08/07/2024;7;2024
/arbitro;20240708;2;2;08/07/2024;7;2024
/arbitro;20240710;2;8;10/07/2024;7;2024
/arbitro;20240711;2;3;11/07/2024;7;2024
/arbitro;20240712;2;2;12/07/2024;7;2024
/arbitro;20240714;2;2;14/07/2024;7;2024
/campeonato;20240713;2;3;13/07/2024;7;2024
/estadio;20240708;2;2;08/07/2024;7;2024
/arbitro;20240713;1;1;13/07/2024;7;2024
/campeonato;20240714;1;1;14/07/2024;7;2024
/estadio;20240710;1;1;10/07/2024;7;2024
/estadio;20240714;1;1;14/07/2024;7;2024
/tecnico;20240709;1;3;09/07/2024;7;2024
/tecnico;20240714;1;1;14/07/2024;7;2024
/tecnico;20240710;0;1;10/07/2024;7;2024
/tecnico;20240711;0;1;11/07/2024;7;2024
/tecnico;20240716;49;50;16/07/2024;7;2024
/adversario;20240718;29;35;18/07/2024;7;2024
/jogador;20240721;27;46;21/07/2024;7;2024
/jogador;20240718;20;28;18/07/2024;7;2024
/jogador;20240720;18;22;20/07/2024;7;2024
/jogador;20240716;16;21;16/07/2024;7;2024
/jogador;20240715;13;16;15/07/2024;7;2024
/jogador;20240717;13;15;17/07/2024;7;2024
/arbitro;20240719;11;11;19/07/2024;7;2024
/tecnico;20240720;10;10;20/07/2024;7;2024
/adversario;20240721;9;10;21/07/2024;7;2024
/jogador;20240719;9;15;19/07/2024;7;2024
/arbitro;20240717;8;10;17/07/2024;7;2024
/adversario;20240715;7;10;15/07/2024;7;2024
/arbitro;20240718;7;9;18/07/2024;7;2024
/campeonato;20240718;7;12;18/07/2024;7;2024
/adversario;20240719;6;7;19/07/2024;7;2024
/arbitro;20240721;6;7;21/07/2024;7;2024
/estadio;20240719;6;7;19/07/2024;7;2024
/adversario;20240717;5;7;17/07/2024;7;2024
/adversario;20240720;4;4;20/07/2024;7;2024
/campeonato;20240717;4;6;17/07/2024;7;2024
/campeonato;20240721;4;5;21/07/2024;7;2024
/tecnico;20240717;4;4;17/07/2024;7;2024
/tecnico;20240718;4;6;18/07/2024;7;2024
/arbitro;20240716;3;4;16/07/2024;7;2024
/campeonato;20240719;3;4;19/07/2024;7;2024
/campeonato;20240720;3;5;20/07/2024;7;2024
/adversario;20240716;2;3;16/07/2024;7;2024
/arbitro;20240715;2;2;15/07/2024;7;2024
/arbitro;20240720;2;4;20/07/2024;7;2024
/campeonato;20240715;2;5;15/07/2024;7;2024
/campeonato;20240716;2;3;16/07/2024;7;2024
/estadio;20240718;2;4;18/07/2024;7;2024
/tecnico;20240719;2;2;19/07/2024;7;2024
/estadio;20240716;1;3;16/07/2024;7;2024
/estadio;20240717;1;1;17/07/2024;7;2024
/estadio;20240720;1;1;20/07/2024;7;2024
/tecnico;20240715;1;2;15/07/2024;7;2024
/estadio;20240715;0;1;15/07/2024;7;2024
/adversario;20240725;34;36;25/07/2024;7;2024
/jogador;20240725;32;46;25/07/2024;7;2024
/jogador;20240722;28;42;22/07/2024;7;2024
/jogador;20240724;26;35;24/07/2024;7;2024
/jogador;20240723;25;29;23/07/2024;7;2024
/adversario;20240724;17;18;24/07/2024;7;2024
/jogador;20240727;17;21;27/07/2024;7;2024
/adversario;20240722;16;19;22/07/2024;7;2024
/campeonato;20240724;15;17;24/07/2024;7;2024
/adversario;20240727;13;15;27/07/2024;7;2024
/campeonato;20240723;13;14;23/07/2024;7;2024
/campeonato;20240725;12;17;25/07/2024;7;2024
/jogador;20240726;11;16;26/07/2024;7;2024
/adversario;20240728;10;14;28/07/2024;7;2024
/arbitro;20240722;10;12;22/07/2024;7;2024
/campeonato;20240722;10;10;22/07/2024;7;2024
/campeonato;20240728;9;11;28/07/2024;7;2024
/jogador;20240728;9;20;28/07/2024;7;2024
/tecnico;20240724;9;10;24/07/2024;7;2024
/arbitro;20240724;8;8;24/07/2024;7;2024
/tecnico;20240725;8;11;25/07/2024;7;2024
/arbitro;20240723;7;9;23/07/2024;7;2024
/adversario;20240723;6;8;23/07/2024;7;2024
/adversario;20240726;5;7;26/07/2024;7;2024
/campeonato;20240726;5;6;26/07/2024;7;2024
/arbitro;20240728;3;4;28/07/2024;7;2024
/campeonato;20240727;3;4;27/07/2024;7;2024
/tecnico;20240722;3;3;22/07/2024;7;2024
/arbitro;20240726;2;9;26/07/2024;7;2024
/arbitro;20240725;1;2;25/07/2024;7;2024
/arbitro;20240727;1;4;27/07/2024;7;2024
/estadio;20240723;1;2;23/07/2024;7;2024
/estadio;20240724;1;3;24/07/2024;7;2024
/estadio;20240726;1;1;26/07/2024;7;2024
/estadio;20240727;1;2;27/07/2024;7;2024
/estadio;20240728;1;1;28/07/2024;7;2024
/tecnico;20240723;1;1;23/07/2024;7;2024
/estadio;20240725;0;1;25/07/2024;7;2024
/jogador;20240804;25;35;04/08/2024;08;2024
/adversario;20240804;24;25;04/08/2024;08;2024
/jogador;20240729;24;29;29/07/2024;07;2024
/adversario;20240801;23;28;01/08/2024;08;2024
/arbitro;20240802;21;22;02/08/2024;08;2024
/adversario;20240729;20;20;29/07/2024;07;2024
/jogador;20240801;19;23;01/08/2024;08;2024
/jogador;20240731;18;26;31/07/2024;07;2024
/jogador;20240803;16;21;03/08/2024;08;2024
/jogador;20240730;14;26;30/07/2024;07;2024
/adversario;20240802;13;14;02/08/2024;08;2024
/campeonato;20240801;12;14;01/08/2024;08;2024
/jogador;20240802;12;17;02/08/2024;08;2024
/adversario;20240803;11;13;03/08/2024;08;2024
/arbitro;20240801;10;12;01/08/2024;08;2024
/campeonato;20240803;10;11;03/08/2024;08;2024
/adversario;20240730;8;11;30/07/2024;07;2024
/adversario;20240731;7;8;31/07/2024;07;2024
/campeonato;20240731;7;8;31/07/2024;07;2024
/arbitro;20240729;6;6;29/07/2024;07;2024
/campeonato;20240729;6;9;29/07/2024;07;2024
/campeonato;20240804;6;9;04/08/2024;08;2024
/tecnico;20240729;5;5;29/07/2024;07;2024
/campeonato;20240730;4;5;30/07/2024;07;2024
/arbitro;20240803;3;4;03/08/2024;08;2024
/arbitro;20240804;3;4;04/08/2024;08;2024
/tecnico;20240804;3;4;04/08/2024;08;2024
/estadio;20240730;2;2;30/07/2024;07;2024
/estadio;20240801;2;2;01/08/2024;08;2024
/estadio;20240802;2;2;02/08/2024;08;2024
/tecnico;20240802;2;4;02/08/2024;08;2024
/tecnico;20240803;2;3;03/08/2024;08;2024
/arbitro;20240731;1;2;31/07/2024;07;2024
/campeonato;20240802;1;1;02/08/2024;08;2024
/estadio;20240729;1;1;29/07/2024;07;2024
/estadio;20240731;1;1;31/07/2024;07;2024
/estadio;20240803;1;1;03/08/2024;08;2024
/tecnico;20240730;1;2;30/07/2024;07;2024
/tecnico;20240801;1;2;01/08/2024;08;2024
/tecnico;20240731;0;3;31/07/2024;07;2024
