url;Extenso;Sessoes;Usuarios;Novos;Tempo;Data;Tipo
/estadio;20230803;4;4;0;9;03/08/2023;
/estadio;20230804;4;4;0;6;04/08/2023;
/estadio;20230806;3;3;0;13;06/08/2023;
/estadio;20230807;4;4;0;22;07/08/2023;
/estadio;20230808;3;3;0;4;08/08/2023;
/estadio;20230809;7;5;0;8;09/08/2023;
/estadio;20230810;3;3;0;8;10/08/2023;
/estadio;20230811;10;10;0;8;11/08/2023;
/estadio;20230812;2;2;0;8;12/08/2023;
/estadio;20230813;5;5;0;33;13/08/2023;
/estadio;20230814;2;2;0;10;14/08/2023;
/estadio;20230815;1;1;0;8;15/08/2023;
/estadio;20230816;5;5;0;10;16/08/2023;
/estadio;20230817;2;2;0;13;17/08/2023;
/estadio;20230818;2;2;0;5;18/08/2023;
/estadio;20230819;3;3;0;13;19/08/2023;
/estadio;20230820;1;1;0;16;20/08/2023;
/estadio;20230821;7;6;0;13;21/08/2023;
/estadio;20230822;3;3;0;21;22/08/2023;
/estadio;20230823;6;6;0;20;23/08/2023;
/estadio;20230824;5;5;0;9;24/08/2023;
/estadio;20230825;8;8;0;9;25/08/2023;
/estadio;20230826;5;4;0;5;26/08/2023;
/estadio;20230827;9;8;0;15;27/08/2023;
/estadio;20230828;3;3;0;5;28/08/2023;
/estadio;20230829;4;4;0;15;29/08/2023;
/estadio;20230830;4;4;0;10;30/08/2023;
/estadio;20230831;11;11;0;49;31/08/2023;
/estadio;20230901;7;7;0;16;01/09/2023;
/estadio;20230902;7;7;0;9;02/09/2023;
/estadio;20230903;4;4;0;14;03/09/2023;
/estadio;20230904;4;4;0;8;04/09/2023;
/estadio;20230905;9;9;0;9;05/09/2023;
/estadio;20230906;5;5;0;27;06/09/2023;
/estadio;20230908;2;2;0;8;08/09/2023;
/estadio;20230909;4;4;0;35;09/09/2023;
/estadio;20230910;7;5;0;7;10/09/2023;
/estadio;20230911;8;7;0;15;11/09/2023;
/estadio;20230912;4;3;0;16;12/09/2023;
/estadio;20230913;7;5;0;10;13/09/2023;
/estadio;20230914;6;6;0;9;14/09/2023;
/estadio;20230915;9;9;0;16;15/09/2023;
/estadio;20230916;4;4;0;15;16/09/2023;
/estadio;20230917;1;1;0;15;17/09/2023;
/estadio;20230918;5;4;0;6;18/09/2023;
/estadio;20230919;11;11;0;21;19/09/2023;
/estadio;20230920;2;2;0;27;20/09/2023;
/estadio;20230921;3;3;0;12;21/09/2023;
/estadio;20230922;1;1;0;3;22/09/2023;
/estadio;20230924;1;1;0;22;24/09/2023;
/estadio;20230925;2;2;0;12;25/09/2023;
/estadio;20230926;2;2;0;8;26/09/2023;
/estadio;20230927;5;5;0;11;27/09/2023;
/estadio;20230928;6;5;0;7;28/09/2023;
/estadio;20230929;5;5;0;8;29/09/2023;
/estadio;20230930;1;1;0;28;30/09/2023;
/estadio;20231001;1;1;0;17;01/10/2023;
/estadio;20231002;6;6;0;12;02/10/2023;
/estadio;20231003;2;2;0;13;03/10/2023;
/estadio;20231004;6;6;0;10;04/10/2023;
/estadio;20231005;4;4;0;11;05/10/2023;
/estadio;20231006;8;8;0;6;06/10/2023;
/estadio;20231007;1;1;0;28;07/10/2023;
/estadio;20231008;4;4;0;9;08/10/2023;
/estadio;20231009;3;3;1;7;09/10/2023;
/estadio;20231010;2;2;0;8;10/10/2023;
/estadio;20231011;2;2;0;36;11/10/2023;
/estadio;20231014;1;1;0;7;14/10/2023;
/estadio;20231015;1;1;0;11;15/10/2023;
/estadio;20231016;3;3;0;25;16/10/2023;
/estadio;20231017;3;3;0;11;17/10/2023;
/estadio;20231018;1;1;0;91;18/10/2023;
/estadio;20231019;3;3;0;12;19/10/2023;
/estadio;20231020;2;2;0;5;20/10/2023;
/estadio;20231021;3;3;0;6;21/10/2023;
/estadio;20231022;3;2;0;7;22/10/2023;
/estadio;20231024;4;4;0;10;24/10/2023;
/estadio;20231025;8;8;0;10;25/10/2023;
/estadio;20231026;3;3;0;18;26/10/2023;
/estadio;20231027;3;3;0;63;27/10/2023;
/estadio;20231028;4;4;0;11;28/10/2023;
/estadio;20231029;6;4;0;5;29/10/2023;
/estadio;20231030;1;1;0;4;30/10/2023;
/estadio;20231031;3;3;0;23;31/10/2023;
/estadio;20231102;2;2;0;6;02/11/2023;
/estadio;20231103;3;3;0;16;03/11/2023;
/estadio;20231104;2;2;0;11;04/11/2023;
/estadio;20231105;6;6;0;94;05/11/2023;
/estadio;20231106;6;5;0;63;06/11/2023;
/estadio;20231107;7;7;0;65;07/11/2023;
/estadio;20231108;4;3;0;42;08/11/2023;
/estadio;20231109;5;5;0;34;09/11/2023;
/estadio;20231110;4;3;0;48;10/11/2023;
/estadio;20231111;2;2;0;57;11/11/2023;
/estadio;20231112;3;2;0;28;12/11/2023;
/estadio;20231113;4;3;0;24;13/11/2023;
/estadio;20231115;7;6;1;48;15/11/2023;
/estadio;20231116;3;3;1;8;16/11/2023;
/estadio;20231117;2;2;0;6;17/11/2023;
/estadio;20231118;1;1;0;13;18/11/2023;
/estadio;20231119;8;7;0;26;19/11/2023;
/estadio;20231120;2;2;0;39;20/11/2023;
/estadio;20231121;4;2;0;55;21/11/2023;
/estadio;20231122;4;4;0;20;22/11/2023;
/estadio;20231123;3;3;0;44;23/11/2023;
/estadio;20231124;5;5;0;22;24/11/2023;
/estadio;20231125;3;3;0;4;25/11/2023;
/estadio;20231126;4;3;0;7;26/11/2023;
/estadio;20231127;7;7;0;15;27/11/2023;
/estadio;20231128;7;5;0;33;28/11/2023;
/estadio;20231129;9;9;0;18;29/11/2023;
/estadio;20231130;9;9;0;21;30/11/2023;
/estadio;20231201;10;10;0;16;01/12/2023;
/estadio;20231202;4;4;0;22;02/12/2023;
/estadio;20231203;7;7;0;21;03/12/2023;
/estadio;20231204;3;3;0;18;04/12/2023;
/estadio;20231205;3;3;0;6;05/12/2023;
/estadio;20231206;2;2;0;18;06/12/2023;
/estadio;20231207;3;3;0;17;07/12/2023;
/estadio;20231208;4;4;0;71;08/12/2023;
/estadio;20231209;1;1;0;2;09/12/2023;
/estadio;20231210;5;5;0;14;10/12/2023;
/estadio;20231211;1;1;0;10;11/12/2023;
/estadio;20231212;3;3;0;24;12/12/2023;
/estadio;20231213;4;4;0;18;13/12/2023;
/estadio;20231214;3;3;0;53;14/12/2023;
/estadio;20231215;3;3;0;29;15/12/2023;
/estadio;20231216;3;2;1;4;16/12/2023;
/estadio;20231217;1;1;0;8;17/12/2023;
/estadio;20231218;2;2;0;6;18/12/2023;
/estadio;20231219;2;2;0;15;19/12/2023;
/estadio;20231220;4;4;0;19;20/12/2023;
/estadio;20231221;2;2;0;67;21/12/2023;
/estadio;20231222;3;2;0;47;22/12/2023;
/estadio;20231223;1;1;0;7;23/12/2023;
/estadio;20231224;1;1;0;107;24/12/2023;
/estadio;20231225;1;1;0;1;25/12/2023;
/estadio;20231226;1;1;0;0;26/12/2023;
/estadio;20231227;3;3;0;3;27/12/2023;
/estadio;20231228;3;3;0;14;28/12/2023;
/estadio;20231229;1;1;0;28;29/12/2023;
/estadio;20240101;2;1;0;5;01/01/2024;
/estadio;20240103;2;2;0;11;03/01/2024;
/estadio;20240104;2;2;0;7;04/01/2024;
/estadio;20240106;2;2;0;10;06/01/2024;
/estadio;20240107;2;2;0;0;07/01/2024;
/estadio;20240108;3;2;0;8;08/01/2024;
/estadio;20240110;3;3;0;16;10/01/2024;
/estadio;20240111;5;4;0;9;11/01/2024;
/estadio;20240112;1;1;0;22;12/01/2024;
/estadio;20240113;3;3;0;9;13/01/2024;
/estadio;20240114;2;2;0;26;14/01/2024;
/estadio;20240115;3;3;0;37;15/01/2024;
/estadio;20240116;1;1;0;3;16/01/2024;
/estadio;20240117;7;4;0;22;17/01/2024;
/estadio;20240118;6;6;0;28;18/01/2024;
/estadio;20240119;3;3;0;12;19/01/2024;
/estadio;20240120;7;6;2;7;20/01/2024;
/estadio;20240121;22;21;0;18;21/01/2024;
/estadio;20240122;3;3;0;10;22/01/2024;
/estadio;20240123;1;1;0;3;23/01/2024;
/estadio;20240124;7;7;0;13;24/01/2024;
/estadio;20240125;6;6;0;12;25/01/2024;
/estadio;20240126;4;4;0;10;26/01/2024;
/estadio;20240127;1;1;0;6;27/01/2024;
/estadio;20240128;2;2;0;3;28/01/2024;
/estadio;20240129;1;1;0;17;29/01/2024;
/estadio;20240130;5;5;0;5;30/01/2024;
/estadio;20240131;2;2;0;6;31/01/2024;
/estadio;20240201;6;6;0;10;01/02/2024;
/estadio;20240202;8;8;0;14;02/02/2024;
/estadio;20240203;4;4;0;28;03/02/2024;
/estadio;20240204;9;9;0;28;04/02/2024;
/estadio;20240205;2;2;0;64;05/02/2024;
/estadio;20240206;3;3;0;10;06/02/2024;
/estadio;20240207;3;3;0;11;07/02/2024;
/estadio;20240208;10;9;0;7;08/02/2024;
/estadio;20240209;2;2;0;25;09/02/2024;
/estadio;20240210;2;2;0;21;10/02/2024;
/estadio;20240211;4;4;1;10;11/02/2024;
/estadio;20240213;1;1;0;7;13/02/2024;
/estadio;20240214;2;2;0;43;14/02/2024;
/estadio;20240215;4;4;0;30;15/02/2024;
/estadio;20240216;4;4;1;13;16/02/2024;
/estadio;20240217;4;4;0;24;17/02/2024;
/estadio;20240218;2;2;0;10;18/02/2024;
/estadio;20240219;2;2;0;285;19/02/2024;
/estadio;20240220;4;4;0;8;20/02/2024;
/estadio;20240221;5;4;0;103;21/02/2024;
/estadio;20240222;6;5;0;192;22/02/2024;
/estadio;20240223;4;2;0;37;23/02/2024;
/estadio;20240224;3;3;0;7;24/02/2024;
/estadio;20240226;1;1;0;56;26/02/2024;
/estadio;20240227;1;1;0;10;27/02/2024;
/estadio;20240301;6;5;0;6;01/03/2024;
/estadio;20240302;2;2;0;6;02/03/2024;
/estadio;20240303;4;4;0;34;03/03/2024;
/estadio;20240304;2;2;0;29;04/03/2024;
/estadio;20240305;1;1;0;36;05/03/2024;
/estadio;20240306;1;1;0;41;06/03/2024;
/estadio;20240307;3;3;0;7;07/03/2024;
/estadio;20240309;2;2;0;27;09/03/2024;
/estadio;20240310;1;1;0;34;10/03/2024;
/estadio;20240311;4;3;0;10;11/03/2024;
/estadio;20240312;2;1;0;3;12/03/2024;
/estadio;20240313;1;1;0;9;13/03/2024;
/estadio;20240314;4;4;0;22;14/03/2024;
/tecnico;20230803;7;7;1;12;03/08/2023;
/tecnico;20230804;1;1;0;17;04/08/2023;
/tecnico;20230805;2;1;0;4;05/08/2023;
/tecnico;20230807;3;3;0;47;07/08/2023;
/tecnico;20230808;3;2;0;5;08/08/2023;
/tecnico;20230809;4;4;0;8;09/08/2023;
/tecnico;20230810;4;4;0;23;10/08/2023;
/tecnico;20230811;4;4;0;8;11/08/2023;
/tecnico;20230812;4;4;0;6;12/08/2023;
/tecnico;20230813;7;6;0;16;13/08/2023;
/tecnico;20230814;8;7;0;5;14/08/2023;
/tecnico;20230815;9;8;0;30;15/08/2023;
/tecnico;20230817;4;4;0;7;17/08/2023;
/tecnico;20230819;6;6;0;6;19/08/2023;
/tecnico;20230820;3;3;0;5;20/08/2023;
/tecnico;20230821;4;4;0;19;21/08/2023;
/tecnico;20230822;3;3;0;10;22/08/2023;
/tecnico;20230823;4;4;0;7;23/08/2023;
/tecnico;20230824;4;4;0;8;24/08/2023;
/tecnico;20230825;5;5;0;11;25/08/2023;
/tecnico;20230826;2;2;0;6;26/08/2023;
/tecnico;20230827;3;3;0;6;27/08/2023;
/tecnico;20230828;5;5;0;7;28/08/2023;
/tecnico;20230829;1;1;0;3;29/08/2023;
/tecnico;20230830;4;4;0;15;30/08/2023;
/tecnico;20230831;12;12;0;12;31/08/2023;
/tecnico;20230901;9;9;0;5;01/09/2023;
/tecnico;20230902;4;3;0;135;02/09/2023;
/tecnico;20230903;3;3;0;2;03/09/2023;
/tecnico;20230904;3;3;0;11;04/09/2023;
/tecnico;20230905;2;2;0;30;05/09/2023;
/tecnico;20230906;4;4;0;10;06/09/2023;
/tecnico;20230907;2;2;0;6;07/09/2023;
/tecnico;20230908;2;2;0;8;08/09/2023;
/tecnico;20230909;2;2;0;7;09/09/2023;
/tecnico;20230910;2;2;0;271;10/09/2023;
/tecnico;20230911;3;3;0;48;11/09/2023;
/tecnico;20230912;2;2;0;9;12/09/2023;
/tecnico;20230913;2;2;0;21;13/09/2023;
/tecnico;20230914;2;2;0;6;14/09/2023;
/tecnico;20230915;5;5;1;10;15/09/2023;
/tecnico;20230916;6;4;0;14;16/09/2023;
/tecnico;20230917;3;3;0;4;17/09/2023;
/tecnico;20230918;1;1;0;16;18/09/2023;
/tecnico;20230919;1;1;0;5;19/09/2023;
/tecnico;20230920;2;2;0;53;20/09/2023;
/tecnico;20230921;3;3;0;3;21/09/2023;
/tecnico;20230922;2;2;0;4;22/09/2023;
/tecnico;20230923;1;1;0;4;23/09/2023;
/tecnico;20230925;6;6;0;4;25/09/2023;
/tecnico;20230926;5;5;0;51;26/09/2023;
/tecnico;20230928;4;4;0;4;28/09/2023;
/tecnico;20230929;3;3;0;7;29/09/2023;
/tecnico;20230930;2;2;0;9;30/09/2023;
/tecnico;20231002;3;3;0;6;02/10/2023;
/tecnico;20231003;9;9;0;26;03/10/2023;
/tecnico;20231004;3;3;0;3;04/10/2023;
/tecnico;20231005;7;7;0;10;05/10/2023;
/tecnico;20231006;3;3;0;2;06/10/2023;
/tecnico;20231007;4;4;0;42;07/10/2023;
/tecnico;20231008;2;2;0;48;08/10/2023;
/tecnico;20231009;4;3;0;15;09/10/2023;
/tecnico;20231010;2;2;0;37;10/10/2023;
/tecnico;20231011;1;1;0;1;11/10/2023;
/tecnico;20231012;1;1;0;20;12/10/2023;
/tecnico;20231013;2;2;0;5;13/10/2023;
/tecnico;20231014;1;1;0;9;14/10/2023;
/tecnico;20231016;1;1;0;4;16/10/2023;
/tecnico;20231017;2;2;0;16;17/10/2023;
/tecnico;20231018;2;2;0;4;18/10/2023;
/tecnico;20231019;3;3;0;4;19/10/2023;
/tecnico;20231020;2;2;0;4;20/10/2023;
/tecnico;20231021;1;1;0;7;21/10/2023;
/tecnico;20231022;1;1;0;6;22/10/2023;
/tecnico;20231023;1;1;0;39;23/10/2023;
/tecnico;20231025;2;2;0;19;25/10/2023;
/tecnico;20231026;3;2;0;1;26/10/2023;
/tecnico;20231027;4;4;0;11;27/10/2023;
/tecnico;20231028;3;3;0;2;28/10/2023;
/tecnico;20231029;3;3;0;24;29/10/2023;
/tecnico;20231030;1;1;0;6;30/10/2023;
/tecnico;20231031;4;4;0;6;31/10/2023;
/tecnico;20231101;2;2;0;11;01/11/2023;
/tecnico;20231102;3;3;0;13;02/11/2023;
/tecnico;20231103;1;1;0;49;03/11/2023;
/tecnico;20231104;2;1;0;7;04/11/2023;
/tecnico;20231105;7;7;0;14;05/11/2023;
/tecnico;20231106;3;3;0;27;06/11/2023;
/tecnico;20231107;6;6;0;15;07/11/2023;
/tecnico;20231108;3;3;0;8;08/11/2023;
/tecnico;20231109;3;3;0;71;09/11/2023;
/tecnico;20231110;7;7;0;13;10/11/2023;
/tecnico;20231111;5;5;0;6;11/11/2023;
/tecnico;20231112;3;3;0;8;12/11/2023;
/tecnico;20231113;7;6;0;152;13/11/2023;
/tecnico;20231114;3;3;0;8;14/11/2023;
/tecnico;20231115;4;3;0;14;15/11/2023;
/tecnico;20231117;4;4;0;2;17/11/2023;
/tecnico;20231118;2;2;0;22;18/11/2023;
/tecnico;20231119;4;3;0;5;19/11/2023;
/tecnico;20231120;4;4;0;7;20/11/2023;
/tecnico;20231121;2;2;0;29;21/11/2023;
/tecnico;20231122;1;1;0;3;22/11/2023;
/tecnico;20231123;8;8;0;7;23/11/2023;
/tecnico;20231124;1;1;0;4;24/11/2023;
/tecnico;20231125;2;2;0;6;25/11/2023;
/tecnico;20231126;2;2;0;11;26/11/2023;
/tecnico;20231127;2;1;0;8;27/11/2023;
/tecnico;20231129;7;5;0;22;29/11/2023;
/tecnico;20231130;6;6;0;11;30/11/2023;
/tecnico;20231201;6;6;0;8;01/12/2023;
/tecnico;20231202;2;2;0;7;02/12/2023;
/tecnico;20231204;2;2;0;4;04/12/2023;
/tecnico;20231205;4;4;0;6;05/12/2023;
/tecnico;20231206;2;2;0;7;06/12/2023;
/tecnico;20231207;3;3;0;36;07/12/2023;
/tecnico;20231208;3;3;0;8;08/12/2023;
/tecnico;20231209;2;2;0;42;09/12/2023;
/tecnico;20231210;2;2;0;10;10/12/2023;
/tecnico;20231211;2;2;0;3;11/12/2023;
/tecnico;20231212;3;3;0;8;12/12/2023;
/tecnico;20231213;3;3;0;6;13/12/2023;
/tecnico;20231214;1;1;0;25;14/12/2023;
/tecnico;20231215;1;1;0;2;15/12/2023;
/tecnico;20231216;1;1;0;21;16/12/2023;
/tecnico;20231217;2;2;0;3;17/12/2023;
/tecnico;20231218;3;2;0;24;18/12/2023;
/tecnico;20231219;3;3;0;11;19/12/2023;
/tecnico;20231220;1;1;0;4;20/12/2023;
/tecnico;20231221;5;3;0;11;21/12/2023;
/tecnico;20231222;7;6;0;37;22/12/2023;
/tecnico;20231223;3;1;0;6;23/12/2023;
/tecnico;20231226;5;5;0;47;26/12/2023;
/tecnico;20231227;3;3;0;11;27/12/2023;
/tecnico;20231229;1;1;0;0;29/12/2023;
/tecnico;20240101;2;2;0;12;01/01/2024;
/tecnico;20240102;2;2;0;8;02/01/2024;
/tecnico;20240103;1;1;0;5;03/01/2024;
/tecnico;20240104;4;4;0;17;04/01/2024;
/tecnico;20240105;2;2;0;32;05/01/2024;
/tecnico;20240106;10;10;0;11;06/01/2024;
/tecnico;20240107;8;7;0;81;07/01/2024;
/tecnico;20240108;4;3;0;18;08/01/2024;
/tecnico;20240109;1;1;0;3;09/01/2024;
/tecnico;20240110;3;3;0;4;10/01/2024;
/tecnico;20240111;2;2;0;10;11/01/2024;
/tecnico;20240112;2;2;0;6;12/01/2024;
/tecnico;20240113;4;3;0;8;13/01/2024;
/tecnico;20240114;4;4;0;46;14/01/2024;
/tecnico;20240115;1;1;0;8;15/01/2024;
/tecnico;20240116;1;1;0;32;16/01/2024;
/tecnico;20240117;5;5;0;4;17/01/2024;
/tecnico;20240118;5;5;0;9;18/01/2024;
/tecnico;20240119;6;5;0;7;19/01/2024;
/tecnico;20240120;2;2;0;2;20/01/2024;
/tecnico;20240121;8;8;0;23;21/01/2024;
/tecnico;20240122;3;3;0;13;22/01/2024;
/tecnico;20240123;5;5;0;19;23/01/2024;
/tecnico;20240124;1;1;0;31;24/01/2024;
/tecnico;20240125;4;4;0;6;25/01/2024;
/tecnico;20240126;9;6;0;11;26/01/2024;
/tecnico;20240127;5;5;0;6;27/01/2024;
/tecnico;20240128;2;1;0;6;28/01/2024;
/tecnico;20240130;3;3;0;3;30/01/2024;
/tecnico;20240131;7;7;0;17;31/01/2024;
/tecnico;20240201;3;3;0;5;01/02/2024;
/tecnico;20240202;4;4;0;6;02/02/2024;
/tecnico;20240203;2;2;0;6;03/02/2024;
/tecnico;20240204;2;2;0;4;04/02/2024;
/tecnico;20240205;3;3;0;7;05/02/2024;
/tecnico;20240206;3;3;0;21;06/02/2024;
/tecnico;20240207;3;3;0;22;07/02/2024;
/tecnico;20240208;4;4;0;6;08/02/2024;
/tecnico;20240209;5;5;0;8;09/02/2024;
/tecnico;20240210;1;1;0;5;10/02/2024;
/tecnico;20240212;1;1;0;76;12/02/2024;
/tecnico;20240214;2;2;0;6;14/02/2024;
/tecnico;20240215;3;3;0;4;15/02/2024;
/tecnico;20240217;3;3;0;9;17/02/2024;
/tecnico;20240218;3;3;0;20;18/02/2024;
/tecnico;20240219;6;6;0;13;19/02/2024;
/tecnico;20240220;5;4;0;20;20/02/2024;
/tecnico;20240221;2;2;0;5;21/02/2024;
/tecnico;20240222;6;5;0;121;22/02/2024;
/tecnico;20240223;3;2;0;34;23/02/2024;
/tecnico;20240224;1;1;0;2;24/02/2024;
/tecnico;20240225;1;1;0;29;25/02/2024;
/tecnico;20240226;1;1;0;43;26/02/2024;
/tecnico;20240227;5;5;0;11;27/02/2024;
/tecnico;20240229;4;4;0;10;29/02/2024;
/tecnico;20240301;11;11;0;9;01/03/2024;
/tecnico;20240302;8;7;0;14;02/03/2024;
/tecnico;20240303;4;4;0;9;03/03/2024;
/tecnico;20240304;3;3;0;22;04/03/2024;
/tecnico;20240305;1;1;0;6;05/03/2024;
/tecnico;20240306;2;2;0;140;06/03/2024;
/tecnico;20240307;4;3;0;9;07/03/2024;
/tecnico;20240308;5;5;0;11;08/03/2024;
/tecnico;20240309;6;6;0;20;09/03/2024;
/tecnico;20240310;5;4;0;2;10/03/2024;
/tecnico;20240311;2;2;0;68;11/03/2024;
/tecnico;20240313;1;1;0;5;13/03/2024;
/adversario;20230803;11;9;0;96;03/08/2023;
/adversario;20230804;21;20;1;36;04/08/2023;
/adversario;20230805;17;17;0;32;05/08/2023;
/adversario;20230806;21;21;0;47;06/08/2023;
/adversario;20230807;32;29;0;24;07/08/2023;
/adversario;20230808;28;24;0;79;08/08/2023;
/adversario;20230809;26;23;0;23;09/08/2023;
/adversario;20230810;31;27;0;20;10/08/2023;
/adversario;20230811;39;37;2;18;11/08/2023;
/adversario;20230812;22;22;2;49;12/08/2023;
/adversario;20230813;22;19;0;51;13/08/2023;
/adversario;20230814;2;2;1;7;14/08/2023;
/adversario;20230815;8;7;0;26;15/08/2023;
/adversario;20230816;7;7;0;10;16/08/2023;
/adversario;20230817;10;8;0;11;17/08/2023;
/adversario;20230818;15;14;0;15;18/08/2023;
/adversario;20230819;27;23;1;19;19/08/2023;
/adversario;20230820;10;10;0;16;20/08/2023;
/adversario;20230821;19;19;0;18;21/08/2023;
/adversario;20230822;20;19;1;25;22/08/2023;
/adversario;20230823;17;17;0;21;23/08/2023;
/adversario;20230824;31;29;0;19;24/08/2023;
/adversario;20230825;35;29;0;29;25/08/2023;
/adversario;20230826;28;25;0;37;26/08/2023;
/adversario;20230827;27;26;2;13;27/08/2023;
/adversario;20230828;18;17;0;49;28/08/2023;
/adversario;20230829;17;16;0;84;29/08/2023;
/adversario;20230830;22;21;0;22;30/08/2023;
/adversario;20230831;29;25;1;16;31/08/2023;
/adversario;20230901;36;34;0;22;01/09/2023;
/adversario;20230902;22;21;1;19;02/09/2023;
/adversario;20230903;28;23;2;21;03/09/2023;
/adversario;20230904;12;11;1;37;04/09/2023;
/adversario;20230905;23;19;2;58;05/09/2023;
/adversario;20230906;13;12;2;54;06/09/2023;
/adversario;20230907;10;7;2;59;07/09/2023;
/adversario;20230908;12;11;1;18;08/09/2023;
/adversario;20230909;13;7;0;32;09/09/2023;
/adversario;20230910;11;9;0;39;10/09/2023;
/adversario;20230911;16;13;1;42;11/09/2023;
/adversario;20230912;14;13;0;113;12/09/2023;
/adversario;20230913;17;13;0;87;13/09/2023;
/adversario;20230914;24;20;3;50;14/09/2023;
/adversario;20230915;41;36;0;28;15/09/2023;
/adversario;20230916;36;33;2;27;16/09/2023;
/adversario;20230917;10;9;0;18;17/09/2023;
/adversario;20230918;20;18;0;37;18/09/2023;
/adversario;20230919;46;39;1;41;19/09/2023;
/adversario;20230920;36;30;0;33;20/09/2023;
/adversario;20230921;40;36;1;46;21/09/2023;
/adversario;20230922;12;12;0;23;22/09/2023;
/adversario;20230923;12;7;0;20;23/09/2023;
/adversario;20230924;9;9;0;144;24/09/2023;
/adversario;20230925;19;17;1;29;25/09/2023;
/adversario;20230926;28;24;0;31;26/09/2023;
/adversario;20230927;28;28;1;20;27/09/2023;
/adversario;20230928;22;21;0;17;28/09/2023;
/adversario;20230929;19;19;0;44;29/09/2023;
/adversario;20230930;17;16;0;11;30/09/2023;
/adversario;20231001;9;9;0;32;01/10/2023;
/adversario;20231002;11;9;0;59;02/10/2023;
/adversario;20231003;12;11;0;75;03/10/2023;
/adversario;20231004;18;16;0;46;04/10/2023;
/adversario;20231005;51;47;1;30;05/10/2023;
/adversario;20231006;45;37;0;18;06/10/2023;
/adversario;20231007;18;17;1;23;07/10/2023;
/adversario;20231008;34;31;0;14;08/10/2023;
/adversario;20231009;23;21;0;39;09/10/2023;
/adversario;20231010;8;8;0;61;10/10/2023;
/adversario;20231011;10;9;0;48;11/10/2023;
/adversario;20231012;6;6;0;22;12/10/2023;
/adversario;20231013;4;4;0;6;13/10/2023;
/adversario;20231014;7;6;0;20;14/10/2023;
/adversario;20231015;5;5;0;14;15/10/2023;
/adversario;20231016;15;15;0;28;16/10/2023;
/adversario;20231017;15;15;0;11;17/10/2023;
/adversario;20231018;16;16;0;13;18/10/2023;
/adversario;20231019;19;18;0;15;19/10/2023;
/adversario;20231020;15;14;0;41;20/10/2023;
/adversario;20231021;15;14;0;22;21/10/2023;
/adversario;20231022;24;20;0;17;22/10/2023;
/adversario;20231023;17;16;0;19;23/10/2023;
/adversario;20231024;15;14;0;27;24/10/2023;
/adversario;20231025;41;32;0;26;25/10/2023;
/adversario;20231026;24;23;0;39;26/10/2023;
/adversario;20231027;18;17;0;170;27/10/2023;
/adversario;20231028;17;16;0;35;28/10/2023;
/adversario;20231029;13;11;0;29;29/10/2023;
/adversario;20231030;16;14;0;19;30/10/2023;
/adversario;20231031;20;20;0;34;31/10/2023;
/adversario;20231101;17;15;0;32;01/11/2023;
/adversario;20231102;8;8;0;43;02/11/2023;
/adversario;20231103;8;8;0;18;03/11/2023;
/adversario;20231104;20;19;1;14;04/11/2023;
/adversario;20231105;26;24;0;16;05/11/2023;
/adversario;20231106;21;21;0;39;06/11/2023;
/adversario;20231107;16;16;0;42;07/11/2023;
/adversario;20231108;34;31;0;33;08/11/2023;
/adversario;20231109;30;27;1;31;09/11/2023;
/adversario;20231110;22;20;0;10;10/11/2023;
/adversario;20231111;28;26;0;18;11/11/2023;
/adversario;20231112;11;8;0;17;12/11/2023;
/adversario;20231113;10;9;0;36;13/11/2023;
/adversario;20231114;9;9;0;34;14/11/2023;
/adversario;20231115;15;14;0;10;15/11/2023;
/adversario;20231116;7;6;0;18;16/11/2023;
/adversario;20231117;10;10;0;12;17/11/2023;
/adversario;20231118;11;11;0;25;18/11/2023;
/adversario;20231119;18;13;0;29;19/11/2023;
/adversario;20231120;9;9;0;33;20/11/2023;
/adversario;20231121;14;14;1;29;21/11/2023;
/adversario;20231122;29;28;0;18;22/11/2023;
/adversario;20231123;39;35;0;40;23/11/2023;
/adversario;20231124;24;22;0;33;24/11/2023;
/adversario;20231125;41;37;0;33;25/11/2023;
/adversario;20231126;21;19;0;64;26/11/2023;
/adversario;20231127;21;21;0;28;27/11/2023;
/adversario;20231128;17;14;0;23;28/11/2023;
/adversario;20231129;52;47;0;25;29/11/2023;
/adversario;20231130;31;28;0;28;30/11/2023;
/adversario;20231201;19;18;0;26;01/12/2023;
/adversario;20231202;13;13;1;57;02/12/2023;
/adversario;20231203;22;21;0;33;03/12/2023;
/adversario;20231204;9;9;0;62;04/12/2023;
/adversario;20231205;22;22;0;18;05/12/2023;
/adversario;20231206;21;18;0;76;06/12/2023;
/adversario;20231207;21;18;0;49;07/12/2023;
/adversario;20231208;17;17;0;57;08/12/2023;
/adversario;20231209;12;11;0;38;09/12/2023;
/adversario;20231210;8;7;0;80;10/12/2023;
/adversario;20231211;6;4;0;66;11/12/2023;
/adversario;20231212;6;5;0;9;12/12/2023;
/adversario;20231213;17;15;0;41;13/12/2023;
/adversario;20231214;15;13;0;51;14/12/2023;
/adversario;20231215;39;36;0;16;15/12/2023;
/adversario;20231216;14;14;1;20;16/12/2023;
/adversario;20231217;17;15;1;35;17/12/2023;
/adversario;20231218;27;26;0;76;18/12/2023;
/adversario;20231219;43;39;1;27;19/12/2023;
/adversario;20231220;21;20;1;36;20/12/2023;
/adversario;20231221;13;13;0;42;21/12/2023;
/adversario;20231222;17;14;0;32;22/12/2023;
/adversario;20231223;10;7;0;33;23/12/2023;
/adversario;20231224;2;2;0;17;24/12/2023;
/adversario;20231225;5;5;0;53;25/12/2023;
/adversario;20231226;3;3;0;17;26/12/2023;
/adversario;20231227;8;8;0;14;27/12/2023;
/adversario;20231228;5;5;0;42;28/12/2023;
/adversario;20231229;4;4;0;7;29/12/2023;
/adversario;20231230;4;3;0;21;30/12/2023;
/adversario;20231231;6;2;0;1;31/12/2023;
/adversario;20240101;4;4;0;26;01/01/2024;
/adversario;20240102;10;10;0;80;02/01/2024;
/adversario;20240103;3;2;0;11;03/01/2024;
/adversario;20240104;12;12;0;14;04/01/2024;
/adversario;20240105;4;4;0;19;05/01/2024;
/adversario;20240106;9;9;1;10;06/01/2024;
/adversario;20240107;12;8;0;27;07/01/2024;
/adversario;20240108;14;13;1;19;08/01/2024;
/adversario;20240109;12;10;0;21;09/01/2024;
/adversario;20240110;8;7;0;48;10/01/2024;
/adversario;20240111;17;17;0;18;11/01/2024;
/adversario;20240112;6;6;0;8;12/01/2024;
/adversario;20240113;12;9;0;33;13/01/2024;
/adversario;20240114;4;4;0;83;14/01/2024;
/adversario;20240115;7;7;0;31;15/01/2024;
/adversario;20240116;14;12;0;142;16/01/2024;
/adversario;20240117;14;13;0;104;17/01/2024;
/adversario;20240118;22;20;0;43;18/01/2024;
/adversario;20240119;10;9;0;13;19/01/2024;
/adversario;20240120;10;9;0;27;20/01/2024;
/adversario;20240121;31;28;2;52;21/01/2024;
/adversario;20240122;12;11;1;83;22/01/2024;
/adversario;20240123;6;6;0;58;23/01/2024;
/adversario;20240124;14;14;0;23;24/01/2024;
/adversario;20240125;20;19;0;22;25/01/2024;
/adversario;20240126;20;16;0;68;26/01/2024;
/adversario;20240127;5;5;0;12;27/01/2024;
/adversario;20240128;6;6;0;75;28/01/2024;
/adversario;20240129;1;1;0;68;29/01/2024;
/adversario;20240130;19;16;0;36;30/01/2024;
/adversario;20240131;19;14;0;47;31/01/2024;
/adversario;20240201;28;21;1;32;01/02/2024;
/adversario;20240202;26;23;1;25;02/02/2024;
/adversario;20240203;14;11;0;46;03/02/2024;
/adversario;20240204;29;21;0;49;04/02/2024;
/adversario;20240205;17;12;0;62;05/02/2024;
/adversario;20240206;22;18;0;14;06/02/2024;
/adversario;20240207;16;13;0;29;07/02/2024;
/adversario;20240208;26;20;1;22;08/02/2024;
/adversario;20240209;29;21;0;31;09/02/2024;
/adversario;20240210;21;15;0;47;10/02/2024;
/adversario;20240211;11;7;0;7;11/02/2024;
/adversario;20240212;9;5;0;8;12/02/2024;
/adversario;20240213;13;8;0;35;13/02/2024;
/adversario;20240214;12;10;0;60;14/02/2024;
/adversario;20240215;13;13;0;20;15/02/2024;
/adversario;20240216;18;14;0;86;16/02/2024;
/adversario;20240217;16;11;0;48;17/02/2024;
/adversario;20240218;7;6;0;59;18/02/2024;
/adversario;20240219;15;15;0;19;19/02/2024;
/adversario;20240220;11;10;0;87;20/02/2024;
/adversario;20240221;21;17;1;19;21/02/2024;
/adversario;20240222;20;19;0;89;22/02/2024;
/adversario;20240223;20;14;0;76;23/02/2024;
/adversario;20240224;9;8;0;38;24/02/2024;
/adversario;20240225;14;14;0;21;25/02/2024;
/adversario;20240226;10;9;0;37;26/02/2024;
/adversario;20240227;20;14;2;56;27/02/2024;
/adversario;20240228;20;19;1;30;28/02/2024;
/adversario;20240229;12;11;0;16;29/02/2024;
/adversario;20240301;27;24;1;25;01/03/2024;
/adversario;20240302;12;10;0;89;02/03/2024;
/adversario;20240303;19;17;0;42;03/03/2024;
/adversario;20240304;25;23;0;31;04/03/2024;
/adversario;20240305;5;4;0;51;05/03/2024;
/adversario;20240306;11;10;0;50;06/03/2024;
/adversario;20240307;7;7;0;47;07/03/2024;
/adversario;20240308;11;10;0;65;08/03/2024;
/adversario;20240309;14;12;0;28;09/03/2024;
/adversario;20240310;9;8;0;67;10/03/2024;
/adversario;20240311;4;4;0;57;11/03/2024;
/adversario;20240312;8;8;0;111;12/03/2024;
/adversario;20240313;5;5;0;47;13/03/2024;
/adversario;20240314;11;10;1;33;14/03/2024;
/arbitro;20230803;11;10;2;17;03/08/2023;
/arbitro;20230804;4;3;0;22;04/08/2023;
/arbitro;20230805;12;10;1;15;05/08/2023;
/arbitro;20230806;3;3;0;14;06/08/2023;
/arbitro;20230807;4;4;0;15;07/08/2023;
/arbitro;20230808;4;3;1;10;08/08/2023;
/arbitro;20230809;1;1;0;4;09/08/2023;
/arbitro;20230810;6;6;0;15;10/08/2023;
/arbitro;20230811;3;3;0;19;11/08/2023;
/arbitro;20230812;2;1;0;0;12/08/2023;
/arbitro;20230813;7;7;1;18;13/08/2023;
/arbitro;20230814;3;2;0;20;14/08/2023;
/arbitro;20230815;3;3;0;32;15/08/2023;
/arbitro;20230817;3;3;0;14;17/08/2023;
/arbitro;20230818;8;8;0;26;18/08/2023;
/arbitro;20230819;4;4;0;9;19/08/2023;
/arbitro;20230820;3;3;0;19;20/08/2023;
/arbitro;20230821;4;4;0;12;21/08/2023;
/arbitro;20230822;2;1;0;0;22/08/2023;
/arbitro;20230823;3;3;0;22;23/08/2023;
/arbitro;20230824;5;5;0;22;24/08/2023;
/arbitro;20230825;5;5;0;11;25/08/2023;
/arbitro;20230826;33;26;0;15;26/08/2023;
/arbitro;20230827;10;10;0;23;27/08/2023;
/arbitro;20230828;5;5;2;17;28/08/2023;
/arbitro;20230829;2;2;0;30;29/08/2023;
/arbitro;20230830;4;4;0;21;30/08/2023;
/arbitro;20230831;12;12;0;21;31/08/2023;
/arbitro;20230901;3;3;0;44;01/09/2023;
/arbitro;20230902;4;3;0;12;02/09/2023;
/arbitro;20230903;9;7;0;15;03/09/2023;
/arbitro;20230905;5;5;1;33;05/09/2023;
/arbitro;20230906;7;7;0;21;06/09/2023;
/arbitro;20230907;1;1;1;1;07/09/2023;
/arbitro;20230908;1;1;0;34;08/09/2023;
/arbitro;20230909;1;1;0;123;09/09/2023;
/arbitro;20230910;2;2;0;5;10/09/2023;
/arbitro;20230911;2;2;0;12;11/09/2023;
/arbitro;20230912;1;1;0;472;12/09/2023;
/arbitro;20230913;1;1;0;18;13/09/2023;
/arbitro;20230914;2;2;0;20;14/09/2023;
/arbitro;20230915;6;6;0;11;15/09/2023;
/arbitro;20230916;20;19;1;18;16/09/2023;
/arbitro;20230917;10;10;0;28;17/09/2023;
/arbitro;20230918;11;11;1;39;18/09/2023;
/arbitro;20230919;11;10;1;42;19/09/2023;
/arbitro;20230920;8;5;0;21;20/09/2023;
/arbitro;20230921;3;3;0;41;21/09/2023;
/arbitro;20230922;19;19;0;12;22/09/2023;
/arbitro;20230923;4;4;0;13;23/09/2023;
/arbitro;20230924;2;2;0;3;24/09/2023;
/arbitro;20230925;1;1;0;26;25/09/2023;
/arbitro;20230926;5;5;0;10;26/09/2023;
/arbitro;20230927;5;5;1;12;27/09/2023;
/arbitro;20230928;4;4;0;8;28/09/2023;
/arbitro;20230929;16;13;1;17;29/09/2023;
/arbitro;20230930;4;4;1;20;30/09/2023;
/arbitro;20231002;3;3;0;4;02/10/2023;
/arbitro;20231003;5;5;2;32;03/10/2023;
/arbitro;20231004;5;4;0;13;04/10/2023;
/arbitro;20231005;4;4;0;9;05/10/2023;
/arbitro;20231006;4;4;0;13;06/10/2023;
/arbitro;20231007;4;4;0;20;07/10/2023;
/arbitro;20231008;3;3;0;9;08/10/2023;
/arbitro;20231009;2;2;0;2;09/10/2023;
/arbitro;20231010;4;4;0;39;10/10/2023;
/arbitro;20231011;1;1;0;10;11/10/2023;
/arbitro;20231012;3;3;0;11;12/10/2023;
/arbitro;20231014;3;3;0;12;14/10/2023;
/arbitro;20231017;12;10;0;30;17/10/2023;
/arbitro;20231018;7;7;0;37;18/10/2023;
/arbitro;20231019;14;14;0;23;19/10/2023;
/arbitro;20231020;19;16;1;25;20/10/2023;
/arbitro;20231021;6;6;2;21;21/10/2023;
/arbitro;20231022;5;5;0;16;22/10/2023;
/arbitro;20231023;12;11;0;17;23/10/2023;
/arbitro;20231024;8;8;0;22;24/10/2023;
/arbitro;20231025;84;76;0;22;25/10/2023;
/arbitro;20231026;9;9;0;17;26/10/2023;
/arbitro;20231027;9;8;1;16;27/10/2023;
/arbitro;20231028;13;13;0;19;28/10/2023;
/arbitro;20231029;6;6;0;18;29/10/2023;
/arbitro;20231030;4;3;0;9;30/10/2023;
/arbitro;20231031;5;5;0;44;31/10/2023;
/arbitro;20231101;2;2;1;69;01/11/2023;
/arbitro;20231102;2;2;1;12;02/11/2023;
/arbitro;20231104;4;4;2;15;04/11/2023;
/arbitro;20231105;3;3;0;10;05/11/2023;
/arbitro;20231106;2;2;0;7;06/11/2023;
/arbitro;20231107;5;5;1;92;07/11/2023;
/arbitro;20231108;6;6;0;9;08/11/2023;
/arbitro;20231109;2;2;0;12;09/11/2023;
/arbitro;20231110;10;10;1;25;10/11/2023;
/arbitro;20231111;11;11;1;25;11/11/2023;
/arbitro;20231112;1;0;0;0;12/11/2023;
/arbitro;20231113;4;4;0;19;13/11/2023;
/arbitro;20231115;1;1;0;14;15/11/2023;
/arbitro;20231116;3;3;0;8;16/11/2023;
/arbitro;20231118;1;1;0;28;18/11/2023;
/arbitro;20231120;1;1;0;28;20/11/2023;
/arbitro;20231121;3;3;1;34;21/11/2023;
/arbitro;20231122;12;12;2;16;22/11/2023;
/arbitro;20231123;1;1;0;44;23/11/2023;
/arbitro;20231124;7;7;0;28;24/11/2023;
/arbitro;20231125;3;3;0;57;25/11/2023;
/arbitro;20231126;3;3;1;24;26/11/2023;
/arbitro;20231127;6;6;2;12;27/11/2023;
/arbitro;20231128;2;2;0;10;28/11/2023;
/arbitro;20231129;2;2;1;17;29/11/2023;
/arbitro;20231130;3;2;0;0;30/11/2023;
/arbitro;20231201;1;1;0;11;01/12/2023;
/arbitro;20231202;1;1;0;9;02/12/2023;
/arbitro;20231203;2;2;0;8;03/12/2023;
/arbitro;20231204;4;4;1;60;04/12/2023;
/arbitro;20231205;2;2;0;10;05/12/2023;
/arbitro;20231206;12;10;2;20;06/12/2023;
/arbitro;20231207;10;9;1;10;07/12/2023;
/arbitro;20231208;5;5;0;28;08/12/2023;
/arbitro;20231209;2;2;0;51;09/12/2023;
/arbitro;20231210;5;5;0;20;10/12/2023;
/arbitro;20231211;2;2;1;24;11/12/2023;
/arbitro;20231213;1;1;0;13;13/12/2023;
/arbitro;20231214;1;1;0;27;14/12/2023;
/arbitro;20231215;2;2;0;34;15/12/2023;
/arbitro;20231217;3;3;0;5;17/12/2023;
/arbitro;20231218;3;3;0;2;18/12/2023;
/arbitro;20231219;2;2;0;34;19/12/2023;
/arbitro;20231220;2;2;0;10;20/12/2023;
/arbitro;20231221;4;4;0;34;21/12/2023;
/arbitro;20231222;1;1;0;10;22/12/2023;
/arbitro;20231223;1;1;0;13;23/12/2023;
/arbitro;20231225;1;1;0;14;25/12/2023;
/arbitro;20231226;3;3;0;31;26/12/2023;
/arbitro;20231227;2;2;0;14;27/12/2023;
/arbitro;20231228;1;1;0;5;28/12/2023;
/arbitro;20231230;1;1;1;4;30/12/2023;
/arbitro;20231231;1;1;1;16;31/12/2023;
/arbitro;20240101;1;1;0;6;01/01/2024;
/arbitro;20240102;1;1;0;10;02/01/2024;
/arbitro;20240104;1;1;1;3;04/01/2024;
/arbitro;20240105;1;1;0;12;05/01/2024;
/arbitro;20240107;1;1;0;0;07/01/2024;
/arbitro;20240108;2;2;0;4;08/01/2024;
/arbitro;20240110;1;1;0;74;10/01/2024;
/arbitro;20240111;1;1;0;3;11/01/2024;
/arbitro;20240112;1;1;0;3;12/01/2024;
/arbitro;20240113;1;1;0;35;13/01/2024;
/arbitro;20240114;1;1;1;19;14/01/2024;
/arbitro;20240116;4;3;0;23;16/01/2024;
/arbitro;20240117;4;4;0;5;17/01/2024;
/arbitro;20240118;1;1;0;31;18/01/2024;
/arbitro;20240119;3;3;1;17;19/01/2024;
/arbitro;20240120;3;3;0;19;20/01/2024;
/arbitro;20240121;9;9;1;17;21/01/2024;
/arbitro;20240122;2;2;0;187;22/01/2024;
/arbitro;20240123;4;4;3;73;23/01/2024;
/arbitro;20240124;3;3;0;6;24/01/2024;
/arbitro;20240125;3;2;0;9;25/01/2024;
/arbitro;20240126;1;1;0;3;26/01/2024;
/arbitro;20240127;2;2;1;6;27/01/2024;
/arbitro;20240128;3;3;0;3;28/01/2024;
/arbitro;20240130;2;2;0;2;30/01/2024;
/arbitro;20240131;3;3;0;120;31/01/2024;
/arbitro;20240201;4;4;1;17;01/02/2024;
/arbitro;20240202;1;1;0;4;02/02/2024;
/arbitro;20240204;5;5;0;2;04/02/2024;
/arbitro;20240206;8;7;0;21;06/02/2024;
/arbitro;20240207;3;3;0;10;07/02/2024;
/arbitro;20240208;1;1;0;27;08/02/2024;
/arbitro;20240209;3;3;0;10;09/02/2024;
/arbitro;20240210;1;1;0;6;10/02/2024;
/arbitro;20240212;2;2;0;10;12/02/2024;
/arbitro;20240213;1;1;0;4;13/02/2024;
/arbitro;20240214;6;5;0;16;14/02/2024;
/arbitro;20240215;13;12;0;44;15/02/2024;
/arbitro;20240216;7;3;0;286;16/02/2024;
/arbitro;20240217;3;3;1;9;17/02/2024;
/arbitro;20240219;2;2;1;24;19/02/2024;
/arbitro;20240220;1;1;1;0;20/02/2024;
/arbitro;20240221;11;9;0;221;21/02/2024;
/arbitro;20240222;8;5;0;13;22/02/2024;
/arbitro;20240223;29;26;0;39;23/02/2024;
/arbitro;20240224;20;17;0;16;24/02/2024;
/arbitro;20240225;5;5;1;9;25/02/2024;
/arbitro;20240226;7;5;0;10;26/02/2024;
/arbitro;20240227;7;4;1;6;27/02/2024;
/arbitro;20240228;7;3;0;3;28/02/2024;
/arbitro;20240229;10;9;0;10;29/02/2024;
/arbitro;20240301;8;7;0;30;01/03/2024;
/arbitro;20240302;1;1;0;9;02/03/2024;
/arbitro;20240303;5;5;0;10;03/03/2024;
/arbitro;20240304;2;1;0;11;04/03/2024;
/arbitro;20240305;1;1;1;1;05/03/2024;
/arbitro;20240306;1;1;0;4;06/03/2024;
/arbitro;20240307;3;3;0;11;07/03/2024;
/arbitro;20240308;4;4;0;6;08/03/2024;
/arbitro;20240309;10;10;0;10;09/03/2024;
/arbitro;20240310;1;1;0;9;10/03/2024;
/arbitro;20240311;1;0;0;0;11/03/2024;
/arbitro;20240312;3;3;0;66;12/03/2024;
/arbitro;20240313;3;3;0;21;13/03/2024;
/arbitro;20240314;8;8;0;6;14/03/2024;
/jogador;20230803;20;15;0;27;03/08/2023;
/jogador;20230804;19;17;0;30;04/08/2023;
/jogador;20230805;16;15;0;44;05/08/2023;
/jogador;20230806;25;20;0;26;06/08/2023;
/jogador;20230807;28;23;2;23;07/08/2023;
/jogador;20230808;19;17;0;26;08/08/2023;
/jogador;20230809;24;24;0;25;09/08/2023;
/jogador;20230810;24;20;2;27;10/08/2023;
/jogador;20230811;14;13;0;25;11/08/2023;
/jogador;20230812;13;13;0;14;12/08/2023;
/jogador;20230813;16;13;1;47;13/08/2023;
/jogador;20230814;19;17;0;32;14/08/2023;
/jogador;20230815;15;13;0;18;15/08/2023;
/jogador;20230816;10;9;0;25;16/08/2023;
/jogador;20230817;26;22;0;25;17/08/2023;
/jogador;20230818;19;18;0;21;18/08/2023;
/jogador;20230819;26;23;1;16;19/08/2023;
/jogador;20230820;31;25;2;20;20/08/2023;
/jogador;20230821;31;27;1;17;21/08/2023;
/jogador;20230822;12;10;0;67;22/08/2023;
/jogador;20230823;21;18;1;21;23/08/2023;
/jogador;20230824;24;24;0;36;24/08/2023;
/jogador;20230825;31;27;1;25;25/08/2023;
/jogador;20230826;22;19;0;31;26/08/2023;
/jogador;20230827;27;27;0;40;27/08/2023;
/jogador;20230828;18;16;0;184;28/08/2023;
/jogador;20230829;14;12;0;109;29/08/2023;
/jogador;20230830;23;18;0;36;30/08/2023;
/jogador;20230831;28;25;0;50;31/08/2023;
/jogador;20230901;43;38;1;21;01/09/2023;
/jogador;20230902;20;15;1;16;02/09/2023;
/jogador;20230903;26;21;1;16;03/09/2023;
/jogador;20230904;15;11;0;14;04/09/2023;
/jogador;20230905;20;15;0;25;05/09/2023;
/jogador;20230906;24;24;1;65;06/09/2023;
/jogador;20230907;27;22;2;83;07/09/2023;
/jogador;20230908;25;21;0;25;08/09/2023;
/jogador;20230909;17;14;0;16;09/09/2023;
/jogador;20230910;14;13;0;18;10/09/2023;
/jogador;20230911;24;21;1;25;11/09/2023;
/jogador;20230912;24;21;1;22;12/09/2023;
/jogador;20230913;20;19;0;32;13/09/2023;
/jogador;20230914;28;25;0;18;14/09/2023;
/jogador;20230915;46;36;0;32;15/09/2023;
/jogador;20230916;30;24;1;44;16/09/2023;
/jogador;20230917;13;12;2;58;17/09/2023;
/jogador;20230918;11;11;0;166;18/09/2023;
/jogador;20230919;21;20;0;20;19/09/2023;
/jogador;20230920;16;14;0;35;20/09/2023;
/jogador;20230921;32;21;0;63;21/09/2023;
/jogador;20230922;14;11;0;29;22/09/2023;
/jogador;20230923;21;18;0;37;23/09/2023;
/jogador;20230924;7;7;0;13;24/09/2023;
/jogador;20230925;20;18;0;90;25/09/2023;
/jogador;20230926;31;21;0;51;26/09/2023;
/jogador;20230927;31;27;0;30;27/09/2023;
/jogador;20230928;35;30;0;14;28/09/2023;
/jogador;20230929;24;21;0;44;29/09/2023;
/jogador;20230930;18;14;1;22;30/09/2023;
/jogador;20231001;8;8;0;15;01/10/2023;
/jogador;20231002;9;8;0;9;02/10/2023;
/jogador;20231003;16;13;0;27;03/10/2023;
/jogador;20231004;16;15;1;23;04/10/2023;
/jogador;20231005;43;41;2;27;05/10/2023;
/jogador;20231006;23;22;0;17;06/10/2023;
/jogador;20231007;11;10;0;37;07/10/2023;
/jogador;20231008;10;10;0;70;08/10/2023;
/jogador;20231009;10;10;0;81;09/10/2023;
/jogador;20231010;10;9;0;15;10/10/2023;
/jogador;20231011;13;11;0;25;11/10/2023;
/jogador;20231012;15;14;0;66;12/10/2023;
/jogador;20231013;9;8;1;60;13/10/2023;
/jogador;20231014;20;14;0;38;14/10/2023;
/jogador;20231015;13;11;1;49;15/10/2023;
/jogador;20231016;16;12;0;45;16/10/2023;
/jogador;20231017;13;12;0;15;17/10/2023;
/jogador;20231018;15;13;1;23;18/10/2023;
/jogador;20231019;15;15;0;27;19/10/2023;
/jogador;20231020;10;10;0;37;20/10/2023;
/jogador;20231021;10;8;0;29;21/10/2023;
/jogador;20231022;11;10;0;54;22/10/2023;
/jogador;20231023;14;13;0;45;23/10/2023;
/jogador;20231024;12;10;0;57;24/10/2023;
/jogador;20231025;26;20;1;98;25/10/2023;
/jogador;20231026;23;23;1;20;26/10/2023;
/jogador;20231027;14;13;1;18;27/10/2023;
/jogador;20231028;12;11;1;24;28/10/2023;
/jogador;20231029;14;13;1;109;29/10/2023;
/jogador;20231030;12;9;0;21;30/10/2023;
/jogador;20231031;19;16;0;15;31/10/2023;
/jogador;20231101;12;12;0;32;01/11/2023;
/jogador;20231102;9;6;0;54;02/11/2023;
/jogador;20231103;14;13;1;29;03/11/2023;
/jogador;20231104;22;19;1;32;04/11/2023;
/jogador;20231105;35;29;0;36;05/11/2023;
/jogador;20231106;32;31;0;35;06/11/2023;
/jogador;20231107;22;19;1;28;07/11/2023;
/jogador;20231108;19;18;0;32;08/11/2023;
/jogador;20231109;25;22;0;26;09/11/2023;
/jogador;20231110;22;20;1;28;10/11/2023;
/jogador;20231111;19;19;0;28;11/11/2023;
/jogador;20231112;18;13;0;45;12/11/2023;
/jogador;20231113;21;17;0;32;13/11/2023;
/jogador;20231114;16;13;0;70;14/11/2023;
/jogador;20231115;23;19;0;44;15/11/2023;
/jogador;20231116;20;16;0;18;16/11/2023;
/jogador;20231117;18;16;0;21;17/11/2023;
/jogador;20231118;12;11;0;25;18/11/2023;
/jogador;20231119;17;15;1;44;19/11/2023;
/jogador;20231120;27;24;0;37;20/11/2023;
/jogador;20231121;18;15;0;61;21/11/2023;
/jogador;20231122;19;15;0;29;22/11/2023;
/jogador;20231123;31;23;0;21;23/11/2023;
/jogador;20231124;13;12;0;66;24/11/2023;
/jogador;20231125;31;26;0;64;25/11/2023;
/jogador;20231126;28;23;0;158;26/11/2023;
/jogador;20231127;20;15;0;64;27/11/2023;
/jogador;20231128;19;16;0;18;28/11/2023;
/jogador;20231129;19;17;0;13;29/11/2023;
/jogador;20231130;22;19;0;26;30/11/2023;
/jogador;20231201;15;13;1;39;01/12/2023;
/jogador;20231202;16;14;0;42;02/12/2023;
/jogador;20231203;20;17;0;31;03/12/2023;
/jogador;20231204;15;14;1;25;04/12/2023;
/jogador;20231205;21;20;0;22;05/12/2023;
/jogador;20231206;16;12;0;56;06/12/2023;
/jogador;20231207;12;9;0;13;07/12/2023;
/jogador;20231208;16;14;0;59;08/12/2023;
/jogador;20231209;13;11;0;14;09/12/2023;
/jogador;20231210;19;16;1;28;10/12/2023;
/jogador;20231211;22;15;0;56;11/12/2023;
/jogador;20231212;27;16;0;90;12/12/2023;
/jogador;20231213;23;17;0;83;13/12/2023;
/jogador;20231214;9;8;0;44;14/12/2023;
/jogador;20231215;9;10;0;15;15/12/2023;
/jogador;20231216;13;10;0;14;16/12/2023;
/jogador;20231217;15;11;0;54;17/12/2023;
/jogador;20231218;27;21;0;81;18/12/2023;
/jogador;20231219;18;18;1;51;19/12/2023;
/jogador;20231220;14;11;0;14;20/12/2023;
/jogador;20231221;9;9;0;86;21/12/2023;
/jogador;20231222;38;36;0;26;22/12/2023;
/jogador;20231223;13;12;1;53;23/12/2023;
/jogador;20231224;17;14;0;14;24/12/2023;
/jogador;20231225;13;12;0;31;25/12/2023;
/jogador;20231226;24;16;1;29;26/12/2023;
/jogador;20231227;18;13;0;91;27/12/2023;
/jogador;20231228;19;15;0;15;28/12/2023;
/jogador;20231229;13;12;0;90;29/12/2023;
/jogador;20231230;19;17;0;22;30/12/2023;
/jogador;20231231;16;12;1;28;31/12/2023;
/jogador;20240101;13;13;1;47;01/01/2024;
/jogador;20240102;27;18;0;56;02/01/2024;
/jogador;20240103;19;13;0;41;03/01/2024;
/jogador;20240104;35;27;3;45;04/01/2024;
/jogador;20240105;19;14;0;98;05/01/2024;
/jogador;20240106;25;15;0;88;06/01/2024;
/jogador;20240107;20;11;0;69;07/01/2024;
/jogador;20240108;18;11;0;43;08/01/2024;
/jogador;20240109;25;21;0;63;09/01/2024;
/jogador;20240110;20;13;0;25;10/01/2024;
/jogador;20240111;27;18;0;74;11/01/2024;
/jogador;20240112;20;17;1;55;12/01/2024;
/jogador;20240113;23;14;0;73;13/01/2024;
/jogador;20240114;23;16;0;65;14/01/2024;
/jogador;20240115;11;9;0;92;15/01/2024;
/jogador;20240116;16;13;0;91;16/01/2024;
/jogador;20240117;13;10;0;18;17/01/2024;
/jogador;20240118;28;22;0;40;18/01/2024;
/jogador;20240119;17;14;1;32;19/01/2024;
/jogador;20240120;25;21;0;43;20/01/2024;
/jogador;20240121;41;31;0;37;21/01/2024;
/jogador;20240122;16;11;0;24;22/01/2024;
/jogador;20240123;18;16;1;49;23/01/2024;
/jogador;20240124;25;22;0;68;24/01/2024;
/jogador;20240125;29;23;0;45;25/01/2024;
/jogador;20240126;27;20;0;45;26/01/2024;
/jogador;20240127;17;11;0;33;27/01/2024;
/jogador;20240128;11;7;1;45;28/01/2024;
/jogador;20240129;5;5;0;36;29/01/2024;
/jogador;20240130;21;19;0;73;30/01/2024;
/jogador;20240131;16;14;0;16;31/01/2024;
/jogador;20240201;33;25;0;36;01/02/2024;
/jogador;20240202;27;22;0;33;02/02/2024;
/jogador;20240203;22;20;0;39;03/02/2024;
/jogador;20240204;22;21;0;22;04/02/2024;
/jogador;20240205;19;16;0;41;05/02/2024;
/jogador;20240206;26;21;0;25;06/02/2024;
/jogador;20240207;17;15;0;31;07/02/2024;
/jogador;20240208;14;14;0;39;08/02/2024;
/jogador;20240209;28;26;0;16;09/02/2024;
/jogador;20240210;18;12;1;23;10/02/2024;
/jogador;20240211;11;10;0;45;11/02/2024;
/jogador;20240212;8;7;0;51;12/02/2024;
/jogador;20240213;10;9;0;13;13/02/2024;
/jogador;20240214;10;10;1;25;14/02/2024;
/jogador;20240215;14;9;0;132;15/02/2024;
/jogador;20240216;12;11;0;62;16/02/2024;
/jogador;20240217;19;17;1;16;17/02/2024;
/jogador;20240218;19;15;0;85;18/02/2024;
/jogador;20240219;20;17;0;164;19/02/2024;
/jogador;20240220;16;14;0;22;20/02/2024;
/jogador;20240221;9;9;0;36;21/02/2024;
/jogador;20240222;26;19;0;99;22/02/2024;
/jogador;20240223;10;7;0;46;23/02/2024;
/jogador;20240224;10;10;0;108;24/02/2024;
/jogador;20240225;20;15;0;61;25/02/2024;
/jogador;20240226;12;10;0;101;26/02/2024;
/jogador;20240227;20;12;1;51;27/02/2024;
/jogador;20240228;8;6;0;7;28/02/2024;
/jogador;20240229;17;16;1;28;29/02/2024;
/jogador;20240301;33;26;0;21;01/03/2024;
/jogador;20240302;27;23;1;48;02/03/2024;
/jogador;20240303;18;17;1;30;03/03/2024;
/jogador;20240304;15;15;0;32;04/03/2024;
/jogador;20240305;15;12;1;31;05/03/2024;
/jogador;20240306;13;13;0;36;06/03/2024;
/jogador;20240307;14;12;0;18;07/03/2024;
/jogador;20240308;6;6;0;23;08/03/2024;
/jogador;20240309;15;15;0;20;09/03/2024;
/jogador;20240310;11;10;0;21;10/03/2024;
/jogador;20240311;17;14;0;52;11/03/2024;
/jogador;20240312;10;9;1;70;12/03/2024;
/jogador;20240313;10;8;0;50;13/03/2024;
/jogador;20240314;7;6;0;155;14/03/2024;
/campeonato;20230803;10;10;1;21;03/08/2023;
/campeonato;20230804;5;5;0;45;04/08/2023;
/campeonato;20230805;2;2;0;13;05/08/2023;
/campeonato;20230806;8;7;0;76;06/08/2023;
/campeonato;20230807;12;11;0;20;07/08/2023;
/campeonato;20230808;8;8;0;12;08/08/2023;
/campeonato;20230809;12;11;0;34;09/08/2023;
/campeonato;20230810;7;7;1;28;10/08/2023;
/campeonato;20230811;6;6;0;14;11/08/2023;
/campeonato;20230812;7;4;0;23;12/08/2023;
/campeonato;20230813;5;4;0;17;13/08/2023;
/campeonato;20230814;11;6;1;37;14/08/2023;
/campeonato;20230815;6;5;0;13;15/08/2023;
/campeonato;20230816;4;3;0;20;16/08/2023;
/campeonato;20230817;6;4;0;11;17/08/2023;
/campeonato;20230818;2;2;0;25;18/08/2023;
/campeonato;20230820;9;9;0;9;20/08/2023;
/campeonato;20230821;7;6;0;24;21/08/2023;
/campeonato;20230822;4;4;0;22;22/08/2023;
/campeonato;20230823;6;6;0;57;23/08/2023;
/campeonato;20230824;13;12;0;21;24/08/2023;
/campeonato;20230825;14;13;0;48;25/08/2023;
/campeonato;20230826;10;9;0;56;26/08/2023;
/campeonato;20230827;14;14;0;17;27/08/2023;
/campeonato;20230828;6;5;0;28;28/08/2023;
/campeonato;20230829;10;10;0;58;29/08/2023;
/campeonato;20230830;10;10;0;54;30/08/2023;
/campeonato;20230831;13;13;0;19;31/08/2023;
/campeonato;20230901;14;14;0;38;01/09/2023;
/campeonato;20230902;6;5;0;12;02/09/2023;
/campeonato;20230903;5;5;0;18;03/09/2023;
/campeonato;20230904;7;7;0;13;04/09/2023;
/campeonato;20230905;7;5;0;9;05/09/2023;
/campeonato;20230906;12;7;0;14;06/09/2023;
/campeonato;20230907;7;5;0;8;07/09/2023;
/campeonato;20230908;5;4;0;9;08/09/2023;
/campeonato;20230909;3;2;0;36;09/09/2023;
/campeonato;20230910;1;1;0;16;10/09/2023;
/campeonato;20230911;9;8;0;31;11/09/2023;
/campeonato;20230912;3;3;0;20;12/09/2023;
/campeonato;20230913;2;2;1;6;13/09/2023;
/campeonato;20230914;5;4;0;17;14/09/2023;
/campeonato;20230915;5;5;0;7;15/09/2023;
/campeonato;20230916;7;7;0;20;16/09/2023;
/campeonato;20230917;3;3;0;20;17/09/2023;
/campeonato;20230918;5;4;0;38;18/09/2023;
/campeonato;20230919;4;4;0;21;19/09/2023;
/campeonato;20230920;6;6;0;6;20/09/2023;
/campeonato;20230921;3;3;0;18;21/09/2023;
/campeonato;20230922;4;4;0;18;22/09/2023;
/campeonato;20230923;4;4;0;34;23/09/2023;
/campeonato;20230924;5;3;0;79;24/09/2023;
/campeonato;20230925;11;11;0;13;25/09/2023;
/campeonato;20230926;11;11;0;22;26/09/2023;
/campeonato;20230927;10;10;0;11;27/09/2023;
/campeonato;20230928;13;12;0;20;28/09/2023;
/campeonato;20230929;9;9;0;79;29/09/2023;
/campeonato;20230930;3;3;0;42;30/09/2023;
/campeonato;20231001;6;6;0;32;01/10/2023;
/campeonato;20231002;4;4;0;18;02/10/2023;
/campeonato;20231003;10;9;0;18;03/10/2023;
/campeonato;20231004;5;4;0;32;04/10/2023;
/campeonato;20231005;17;17;0;11;05/10/2023;
/campeonato;20231006;14;12;0;17;06/10/2023;
/campeonato;20231007;8;7;0;17;07/10/2023;
/campeonato;20231008;7;7;0;10;08/10/2023;
/campeonato;20231009;3;2;0;8;09/10/2023;
/campeonato;20231010;6;5;0;11;10/10/2023;
/campeonato;20231011;4;4;0;5;11/10/2023;
/campeonato;20231012;6;5;0;17;12/10/2023;
/campeonato;20231013;6;6;0;202;13/10/2023;
/campeonato;20231014;5;5;0;78;14/10/2023;
/campeonato;20231015;3;3;0;4;15/10/2023;
/campeonato;20231016;3;2;0;15;16/10/2023;
/campeonato;20231017;4;4;0;196;17/10/2023;
/campeonato;20231018;4;4;0;61;18/10/2023;
/campeonato;20231019;8;8;0;23;19/10/2023;
/campeonato;20231020;2;2;0;2;20/10/2023;
/campeonato;20231021;2;2;0;13;21/10/2023;
/campeonato;20231022;4;4;0;19;22/10/2023;
/campeonato;20231023;6;6;0;22;23/10/2023;
/campeonato;20231024;1;1;0;48;24/10/2023;
/campeonato;20231025;6;5;0;10;25/10/2023;
/campeonato;20231026;10;8;0;14;26/10/2023;
/campeonato;20231027;3;3;1;27;27/10/2023;
/campeonato;20231028;7;6;0;23;28/10/2023;
/campeonato;20231029;8;7;0;43;29/10/2023;
/campeonato;20231030;6;6;0;13;30/10/2023;
/campeonato;20231031;4;4;0;10;31/10/2023;
/campeonato;20231101;7;6;0;27;01/11/2023;
/campeonato;20231102;6;6;0;14;02/11/2023;
/campeonato;20231103;9;8;0;18;03/11/2023;
/campeonato;20231104;19;19;0;27;04/11/2023;
/campeonato;20231105;17;16;0;19;05/11/2023;
/campeonato;20231106;11;11;0;17;06/11/2023;
/campeonato;20231107;22;18;0;25;07/11/2023;
/campeonato;20231108;12;10;0;13;08/11/2023;
/campeonato;20231109;11;10;0;20;09/11/2023;
/campeonato;20231110;16;14;0;19;10/11/2023;
/campeonato;20231111;7;7;0;28;11/11/2023;
/campeonato;20231112;6;6;0;13;12/11/2023;
/campeonato;20231113;10;9;0;20;13/11/2023;
/campeonato;20231114;8;8;0;9;14/11/2023;
/campeonato;20231115;16;14;0;38;15/11/2023;
/campeonato;20231116;9;9;0;25;16/11/2023;
/campeonato;20231117;10;10;1;35;17/11/2023;
/campeonato;20231118;9;9;0;30;18/11/2023;
/campeonato;20231119;8;7;0;7;19/11/2023;
/campeonato;20231120;9;9;0;33;20/11/2023;
/campeonato;20231121;9;8;0;13;21/11/2023;
/campeonato;20231122;6;6;0;9;22/11/2023;
/campeonato;20231123;11;10;0;26;23/11/2023;
/campeonato;20231124;10;9;0;13;24/11/2023;
/campeonato;20231125;12;10;0;53;25/11/2023;
/campeonato;20231126;9;7;0;8;26/11/2023;
/campeonato;20231127;13;13;0;21;27/11/2023;
/campeonato;20231128;8;7;0;19;28/11/2023;
/campeonato;20231129;11;11;1;20;29/11/2023;
/campeonato;20231130;10;10;0;19;30/11/2023;
/campeonato;20231201;6;6;0;8;01/12/2023;
/campeonato;20231202;7;6;0;13;02/12/2023;
/campeonato;20231203;5;5;0;10;03/12/2023;
/campeonato;20231204;9;7;0;11;04/12/2023;
/campeonato;20231205;18;18;1;11;05/12/2023;
/campeonato;20231206;9;8;0;8;06/12/2023;
/campeonato;20231207;15;14;0;19;07/12/2023;
/campeonato;20231208;9;8;0;12;08/12/2023;
/campeonato;20231209;7;7;0;11;09/12/2023;
/campeonato;20231210;16;15;2;25;10/12/2023;
/campeonato;20231211;8;8;0;8;11/12/2023;
/campeonato;20231212;3;3;0;68;12/12/2023;
/campeonato;20231213;9;9;0;17;13/12/2023;
/campeonato;20231214;3;3;0;37;14/12/2023;
/campeonato;20231215;6;6;0;38;15/12/2023;
/campeonato;20231216;5;5;0;13;16/12/2023;
/campeonato;20231217;10;10;0;55;17/12/2023;
/campeonato;20231218;12;12;0;60;18/12/2023;
/campeonato;20231219;12;9;0;49;19/12/2023;
/campeonato;20231220;6;6;0;13;20/12/2023;
/campeonato;20231221;5;4;0;17;21/12/2023;
/campeonato;20231222;12;11;0;14;22/12/2023;
/campeonato;20231223;4;4;0;127;23/12/2023;
/campeonato;20231224;4;3;0;22;24/12/2023;
/campeonato;20231225;5;5;0;17;25/12/2023;
/campeonato;20231226;8;8;0;23;26/12/2023;
/campeonato;20231227;4;4;0;33;27/12/2023;
/campeonato;20231228;3;3;0;24;28/12/2023;
/campeonato;20231229;2;2;0;9;29/12/2023;
/campeonato;20231230;3;3;0;6;30/12/2023;
/campeonato;20231231;1;1;0;9;31/12/2023;
/campeonato;20240101;2;2;0;12;01/01/2024;
/campeonato;20240102;1;1;0;4;02/01/2024;
/campeonato;20240103;7;3;0;30;03/01/2024;
/campeonato;20240104;7;7;0;14;04/01/2024;
/campeonato;20240105;8;6;0;15;05/01/2024;
/campeonato;20240106;4;4;0;7;06/01/2024;
/campeonato;20240107;3;3;0;42;07/01/2024;
/campeonato;20240108;6;6;0;48;08/01/2024;
/campeonato;20240109;5;5;0;27;09/01/2024;
/campeonato;20240110;2;2;0;19;10/01/2024;
/campeonato;20240111;4;4;0;18;11/01/2024;
/campeonato;20240112;5;5;0;78;12/01/2024;
/campeonato;20240113;8;6;0;20;13/01/2024;
/campeonato;20240114;8;8;0;14;14/01/2024;
/campeonato;20240115;3;3;0;12;15/01/2024;
/campeonato;20240116;6;6;1;13;16/01/2024;
/campeonato;20240117;11;11;0;19;17/01/2024;
/campeonato;20240118;6;6;0;42;18/01/2024;
/campeonato;20240119;10;10;0;21;19/01/2024;
/campeonato;20240120;10;8;0;30;20/01/2024;
/campeonato;20240121;15;12;0;31;21/01/2024;
/campeonato;20240122;8;7;1;35;22/01/2024;
/campeonato;20240123;7;5;0;97;23/01/2024;
/campeonato;20240124;6;4;0;114;24/01/2024;
/campeonato;20240125;13;10;0;41;25/01/2024;
/campeonato;20240126;6;6;0;28;26/01/2024;
/campeonato;20240127;3;2;0;7;27/01/2024;
/campeonato;20240128;1;1;0;11;28/01/2024;
/campeonato;20240129;1;1;0;14;29/01/2024;
/campeonato;20240130;5;5;0;159;30/01/2024;
/campeonato;20240131;6;4;0;11;31/01/2024;
/campeonato;20240201;6;6;0;21;01/02/2024;
/campeonato;20240202;8;7;0;14;02/02/2024;
/campeonato;20240203;7;5;0;16;03/02/2024;
/campeonato;20240204;10;8;0;9;04/02/2024;
/campeonato;20240205;7;7;0;15;05/02/2024;
/campeonato;20240206;5;3;0;7;06/02/2024;
/campeonato;20240207;5;5;0;9;07/02/2024;
/campeonato;20240208;8;5;0;15;08/02/2024;
/campeonato;20240209;6;6;0;8;09/02/2024;
/campeonato;20240210;4;4;0;5;10/02/2024;
/campeonato;20240211;2;2;0;4;11/02/2024;
/campeonato;20240212;3;3;0;5;12/02/2024;
/campeonato;20240213;4;4;0;12;13/02/2024;
/campeonato;20240214;2;2;0;1;14/02/2024;
/campeonato;20240215;5;5;0;36;15/02/2024;
/campeonato;20240216;6;5;0;15;16/02/2024;
/campeonato;20240217;2;2;0;17;17/02/2024;
/campeonato;20240218;7;7;0;26;18/02/2024;
/campeonato;20240219;5;5;0;24;19/02/2024;
/campeonato;20240220;7;7;0;27;20/02/2024;
/campeonato;20240221;8;7;0;31;21/02/2024;
/campeonato;20240222;10;8;0;85;22/02/2024;
/campeonato;20240223;8;6;0;24;23/02/2024;
/campeonato;20240224;6;6;0;16;24/02/2024;
/campeonato;20240225;3;3;1;26;25/02/2024;
/campeonato;20240226;2;2;0;69;26/02/2024;
/campeonato;20240227;5;5;0;15;27/02/2024;
/campeonato;20240228;6;6;0;41;28/02/2024;
/campeonato;20240229;7;7;1;13;29/02/2024;
/campeonato;20240301;10;9;0;22;01/03/2024;
/campeonato;20240302;7;6;0;24;02/03/2024;
/campeonato;20240303;10;8;0;56;03/03/2024;
/campeonato;20240304;7;6;0;13;04/03/2024;
/campeonato;20240305;5;5;0;7;05/03/2024;
/campeonato;20240306;6;6;0;35;06/03/2024;
/campeonato;20240307;4;4;0;8;07/03/2024;
/campeonato;20240308;4;4;0;84;08/03/2024;
/campeonato;20240309;6;6;0;27;09/03/2024;
/campeonato;20240310;2;2;0;31;10/03/2024;
/campeonato;20240311;5;5;0;72;11/03/2024;
/campeonato;20240312;4;4;0;44;12/03/2024;
/campeonato;20240313;2;2;0;63;13/03/2024;
/campeonato;20240314;5;4;0;58;14/03/2024;
/adversario;20240311;4;4;0;57;11/03/2024;
/adversario;20240312;8;8;0;111;12/03/2024;
/adversario;20240313;5;5;0;47;13/03/2024;
/adversario;20240314;11;10;1;33;14/03/2024;
/adversario;20240315;8;6;0;10;15/03/2024;
/adversario;20240316;4;4;0;38;16/03/2024;
/adversario;20240317;10;6;0;59;17/03/2024;
/jogador;20240311;17;14;0;52;11/03/2024;
/jogador;20240312;10;9;1;71;12/03/2024;
/jogador;20240313;10;8;0;50;13/03/2024;
/jogador;20240314;7;6;0;15;14/03/2024;
/jogador;20240315;13;11;0;32;15/03/2024;
/jogador;20240316;5;5;0;36;16/03/2024;
/jogador;20240317;7;7;0;14;17/03/2024;
/estadio;20240311;4;3;0;11;11/03/2024;
/estadio;20240312;2;1;0;3;12/03/2024;
/estadio;20240313;1;1;0;9;13/03/2024;
/estadio;20240314;4;4;0;22;14/03/2024;
/estadio;20240315;4;3;0;16;15/03/2024;
/estadio;20240316;2;2;0;7;16/03/2024;
/estadio;20240317;1;1;0;6;17/03/2024;
/campeonato;20240311;5;5;0;72;11/03/2024;
/campeonato;20240312;4;4;0;44;12/03/2024;
/campeonato;20240313;2;2;0;63;13/03/2024;
/campeonato;20240314;5;4;0;58;14/03/2024;
/campeonato;20240315;3;3;0;17;15/03/2024;
/campeonato;20240316;5;5;0;16;16/03/2024;
/campeonato;20240317;2;2;0;13;17/03/2024;
/arbitro;20240311;1;0;0;0;11/03/2024;
/arbitro;20240312;3;3;0;6;12/03/2024;
/arbitro;20240313;3;3;0;21;13/03/2024;
/arbitro;20240314;8;8;0;6;14/03/2024;
/arbitro;20240315;8;7;1;7;15/03/2024;
/arbitro;20240316;3;3;0;12;16/03/2024;
/tecnico;20240311;2;2;0;68;11/03/2024;
/tecnico;20240313;1;1;0;5;13/03/2024;
/tecnico;20240316;2;2;0;7;16/03/2024;
/adversario;20240318;54;49;1;46;18/03/2024;
/adversario;20240319;54;47;1;70;19/03/2024;
/adversario;20240320;27;24;0;68;20/03/2024;
/adversario;20240321;6;5;0;19;21/03/2024;
/adversario;20240322;9;8;2;83;22/03/2024;
/adversario;20240323;4;4;0;26;23/03/2024;
/adversario;20240324;5;5;0;24;24/03/2024;
/arbitro;20240318;3;3;0;2;18/03/2024;
/arbitro;20240319;4;4;0;25;19/03/2024;
/arbitro;20240320;4;4;0;76;20/03/2024;
/arbitro;20240323;1;1;0;11;23/03/2024;
/campeonato;20240318;10;9;0;22;18/03/2024;
/campeonato;20240319;18;17;0;14;19/03/2024;
/campeonato;20240320;11;9;0;16;20/03/2024;
/campeonato;20240321;4;3;0;19;21/03/2024;
/campeonato;20240322;3;3;0;15;22/03/2024;
/campeonato;20240323;4;4;0;25;23/03/2024;
/campeonato;20240324;6;6;0;7;24/03/2024;
/estadio;20240318;1;1;0;22;18/03/2024;
/estadio;20240319;6;6;0;28;19/03/2024;
/estadio;20240320;6;6;0;20;20/03/2024;
/estadio;20240323;2;2;0;69;23/03/2024;
/estadio;20240324;1;1;0;53;24/03/2024;
/jogador;20240318;8;8;0;48;18/03/2024;
/jogador;20240319;19;15;1;63;19/03/2024;
/jogador;20240320;26;20;0;167;20/03/2024;
/jogador;20240321;13;7;0;392;21/03/2024;
/jogador;20240322;14;12;0;57;22/03/2024;
/jogador;20240323;11;9;0;308;23/03/2024;
/jogador;20240324;13;10;0;167;24/03/2024;
/tecnico;20240318;4;4;0;7;18/03/2024;
/tecnico;20240319;2;2;0;13;19/03/2024;
/tecnico;20240320;3;2;0;9;20/03/2024;
/tecnico;20240322;1;1;0;3;22/03/2024;
/tecnico;20240323;1;1;0;11;23/03/2024;
/arbitro;20240326;5;5;2;5;26/03/2024;
/arbitro;20240327;2;2;1;3;27/03/2024;
/arbitro;20240328;2;2;0;5;28/03/2024;
/arbitro;20240329;1;1;0;8;29/03/2024;
/arbitro;20240330;3;3;2;14;30/03/2024;
/arbitro;20240331;2;2;0;6;31/03/2024;
/campeonato;20240325;4;4;0;6;25/03/2024;
/campeonato;20240326;4;4;0;8;26/03/2024;
/campeonato;20240327;8;8;0;12;27/03/2024;
/campeonato;20240328;6;6;0;18;28/03/2024;
/campeonato;20240329;2;2;0;20;29/03/2024;
/campeonato;20240330;8;8;0;35;30/03/2024;
/campeonato;20240331;4;4;0;22;31/03/2024;
/estadio;20240325;2;2;0;35;25/03/2024;
/estadio;20240326;1;1;0;5;26/03/2024;
/estadio;20240327;3;3;0;25;27/03/2024;
/estadio;20240328;3;3;0;16;28/03/2024;
/estadio;20240329;2;2;0;14;29/03/2024;
/estadio;20240330;1;1;0;8;30/03/2024;
/jogador;20240325;17;12;0;72;25/03/2024;
/jogador;20240326;9;9;0;153;26/03/2024;
/jogador;20240327;20;18;1;105;27/03/2024;
/jogador;20240328;19;16;1;22;28/03/2024;
/jogador;20240329;22;12;0;172;29/03/2024;
/jogador;20240330;19;16;1;123;30/03/2024;
/jogador;20240331;17;13;0;92;31/03/2024;
/tecnico;20240325;1;1;0;2;25/03/2024;
/tecnico;20240326;1;1;0;160;26/03/2024;
/tecnico;20240327;6;6;0;7;27/03/2024;
/tecnico;20240328;10;10;0;13;28/03/2024;
/tecnico;20240329;5;5;0;25;29/03/2024;
/tecnico;20240330;1;1;0;44;30/03/2024;
/tecnico;20240331;1;1;0;28;31/03/2024;
/adversario;20240325;5;5;0;34;25/03/2024;
/adversario;20240326;10;9;0;24;26/03/2024;
/adversario;20240327;8;7;0;42;27/03/2024;
/adversario;20240328;10;10;0;25;28/03/2024;
/adversario;20240329;5;4;0;16;29/03/2024;
/adversario;20240330;8;8;0;42;30/03/2024;
/adversario;20240331;8;7;0;19;31/03/2024;
/adversario;20240401;4;4;0;28;01/04/2024;
/adversario;20240402;13;13;0;22;02/04/2024;
/adversario;20240403;15;14;0;24;03/04/2024;
/adversario;20240404;5;4;0;39;04/04/2024;
/adversario;20240405;10;10;0;25;05/04/2024;
/adversario;20240406;5;5;0;17;06/04/2024;
/adversario;20240407;12;10;0;36;07/04/2024;
/arbitro;20240402;4;4;1;28;02/04/2024;
/arbitro;20240403;3;3;0;5;03/04/2024;
/arbitro;20240405;1;1;0;7;05/04/2024;
/arbitro;20240406;10;10;0;8;06/04/2024;
/arbitro;20240407;3;2;1;17;07/04/2024;
/campeonato;20240401;3;3;0;23;01/04/2024;
/campeonato;20240402;10;10;0;11;02/04/2024;
/campeonato;20240403;11;11;0;18;03/04/2024;
/campeonato;20240404;8;7;0;18;04/04/2024;
/campeonato;20240405;8;7;0;75;05/04/2024;
/campeonato;20240406;3;3;0;24;06/04/2024;
/campeonato;20240407;7;7;0;39;07/04/2024;
/estadio;20240401;2;2;0;57;01/04/2024;
/estadio;20240402;2;2;0;3;02/04/2024;
/estadio;20240403;4;3;0;14;03/04/2024;
/estadio;20240404;2;2;0;15;04/04/2024;
/estadio;20240405;2;2;0;22;05/04/2024;
/estadio;20240407;1;1;0;50;07/04/2024;
/jogador;20240401;12;11;0;23;01/04/2024;
/jogador;20240402;17;14;1;69;02/04/2024;
/jogador;20240403;19;17;1;48;03/04/2024;
/jogador;20240404;11;11;0;77;04/04/2024;
/jogador;20240405;16;9;0;26;05/04/2024;
/jogador;20240406;23;11;1;46;06/04/2024;
/jogador;20240407;20;10;0;55;07/04/2024;
/tecnico;20240401;1;1;0;5;01/04/2024;
/tecnico;20240402;4;4;0;4;02/04/2024;
/tecnico;20240403;3;2;0;3;03/04/2024;
/tecnico;20240404;1;1;0;5;04/04/2024;
/tecnico;20240405;3;2;0;4;05/04/2024;
/tecnico;20240406;1;1;0;15;06/04/2024;
/tecnico;20240407;1;1;0;22;07/04/2024;
/adversario;20240408;8;7;0;82;08/04/2024;
/adversario;20240409;11;10;0;18;09/04/2024;
/adversario;20240410;16;13;0;46;10/04/2024;
/adversario;20240411;8;7;0;12;11/04/2024;
/adversario;20240412;8;7;0;24;12/04/2024;
/adversario;20240413;5;5;0;16;13/04/2024;
/adversario;20240414;7;6;0;35;14/04/2024;
/arbitro;20240408;8;8;2;38;08/04/2024;
/arbitro;20240409;5;5;1;5;09/04/2024;
/arbitro;20240410;9;7;1;8;10/04/2024;
/arbitro;20240411;8;4;1;5;11/04/2024;
/arbitro;20240412;1;1;1;1;12/04/2024;
/arbitro;20240413;7;6;0;22;13/04/2024;
/arbitro;20240414;3;3;0;16;14/04/2024;
/campeonato;20240408;8;7;0;20;08/04/2024;
/campeonato;20240409;8;8;0;33;09/04/2024;
/campeonato;20240410;10;8;0;17;10/04/2024;
/campeonato;20240411;8;7;0;13;11/04/2024;
/campeonato;20240412;12;11;1;26;12/04/2024;
/campeonato;20240413;3;3;0;33;13/04/2024;
/campeonato;20240414;1;1;0;17;14/04/2024;
/estadio;20240408;4;4;0;5;08/04/2024;
/estadio;20240409;1;1;0;26;09/04/2024;
/estadio;20240410;2;1;0;1;10/04/2024;
/estadio;20240411;4;4;0;12;11/04/2024;
/estadio;20240413;1;1;0;26;13/04/2024;
/jogador;20240408;24;15;0;46;08/04/2024;
/jogador;20240409;23;19;0;36;09/04/2024;
/jogador;20240410;29;22;2;36;10/04/2024;
/jogador;20240411;23;19;0;30;11/04/2024;
/jogador;20240412;23;17;0;15;12/04/2024;
/jogador;20240413;22;16;0;55;13/04/2024;
/jogador;20240414;20;15;1;155;14/04/2024;
/tecnico;20240408;1;1;0;8;08/04/2024;
/tecnico;20240409;1;1;0;4;09/04/2024;
/tecnico;20240410;4;4;0;10;10/04/2024;
/tecnico;20240411;3;3;0;9;11/04/2024;
/tecnico;20240412;3;3;0;26;12/04/2024;
/tecnico;20240413;2;2;0;3;13/04/2024;
/tecnico;20240414;4;3;0;14;14/04/2024;
/adversario;20240415;12;12;0;38;15/04/2024;
/adversario;20240416;12;12;0;28;16/04/2024;
/adversario;20240417;29;27;0;45;17/04/2024;
/adversario;20240418;16;16;0;45;18/04/2024;
/adversario;20240419;12;10;0;21;19/04/2024;
/adversario;20240420;24;20;0;17;20/04/2024;
/adversario;20240421;20;17;0;27;21/04/2024;
/arbitro;20240415;10;9;0;20;15/04/2024;
/arbitro;20240416;7;6;0;23;16/04/2024;
/arbitro;20240417;2;2;0;5;17/04/2024;
/arbitro;20240418;4;3;0;5;18/04/2024;
/arbitro;20240419;4;4;0;12;19/04/2024;
/arbitro;20240420;2;2;0;6;20/04/2024;
/arbitro;20240421;2;2;0;9;21/04/2024;
/campeonato;20240415;3;3;0;41;15/04/2024;
/campeonato;20240416;3;3;0;8;16/04/2024;
/campeonato;20240417;6;6;0;18;17/04/2024;
/campeonato;20240418;6;6;0;19;18/04/2024;
/campeonato;20240419;5;5;0;21;19/04/2024;
/campeonato;20240420;4;4;0;58;20/04/2024;
/campeonato;20240421;14;10;0;11;21/04/2024;
/estadio;20240416;3;3;0;16;16/04/2024;
/estadio;20240417;3;3;0;4;17/04/2024;
/estadio;20240418;2;2;0;7;18/04/2024;
/estadio;20240419;3;3;0;3;19/04/2024;
/estadio;20240420;5;5;0;28;20/04/2024;
/estadio;20240421;1;1;0;27;21/04/2024;
/jogador;20240415;15;12;0;90;15/04/2024;
/jogador;20240416;26;22;0;54;16/04/2024;
/jogador;20240417;8;7;0;51;17/04/2024;
/jogador;20240418;20;17;3;42;18/04/2024;
/jogador;20240419;20;14;0;24;19/04/2024;
/jogador;20240420;18;16;2;31;20/04/2024;
/jogador;20240421;39;25;0;44;21/04/2024;
/tecnico;20240415;1;1;0;14;15/04/2024;
/tecnico;20240416;5;3;0;18;16/04/2024;
/tecnico;20240417;1;1;0;8;17/04/2024;
/tecnico;20240419;2;2;0;24;19/04/2024;
/tecnico;20240420;2;2;0;6;20/04/2024;
/tecnico;20240421;5;5;0;7;21/04/2024;
