Regiao;Data;Usuario;Primeira Visita;Total;Usuarios;DT
Rio de Janeiro;20230915;52;48;99;97;2023-09-15
Rio de Janeiro;20230901;47;34;80;76;2023-09-01
Rio de Janeiro;20230825;40;32;72;71;2023-08-25
Rio de Janeiro;20230827;37;29;60;58;2023-08-27
Rio de Janeiro;20230826;36;42;73;73;2023-08-26
Rio de Janeiro;20230914;36;19;56;54;2023-09-14
Rio de Janeiro;20230831;35;30;61;60;2023-08-31
Rio de Janeiro;20230916;34;42;74;69;2023-09-16
Rio de Janeiro;20230819;33;29;59;56;2023-08-19
Rio de Janeiro;20230818;31;15;46;44;2023-08-18
Rio de Janeiro;20230820;31;33;66;62;2023-08-20
Rio de Janeiro;20230823;31;31;62;61;2023-08-23
Rio de Janeiro;20230830;31;31;61;60;2023-08-30
Rio de Janeiro;20230903;31;27;58;56;2023-09-03
Rio de Janeiro;20230810;30;58;83;82;2023-08-10
Rio de Janeiro;20230902;29;19;50;46;2023-09-02
Rio de Janeiro;20230807;28;33;60;57;2023-08-07
Rio de Janeiro;20230809;28;49;76;75;2023-08-09
Rio de Janeiro;20230811;28;29;58;54;2023-08-11
Rio de Janeiro;20230814;28;21;46;45;2023-08-14
Rio de Janeiro;20230821;28;23;49;46;2023-08-21
Rio de Janeiro;20230824;28;29;56;54;2023-08-24
Rio de Janeiro;20230913;28;20;48;48;2023-09-13
Rio de Janeiro;20230808;27;44;67;62;2023-08-08
Rio de Janeiro;20230813;27;45;67;67;2023-08-13
Rio de Janeiro;20230905;27;20;47;44;2023-09-05
Rio de Janeiro;20230918;27;23;51;49;2023-09-18
Rio de Janeiro;20230904;26;18;42;41;2023-09-04
Rio de Janeiro;20230911;26;9;36;34;2023-09-11
Rio de Janeiro;20230828;25;20;47;43;2023-08-28
Rio de Janeiro;20230804;23;35;49;48;2023-08-04
Rio de Janeiro;20230812;23;20;44;39;2023-08-12
Rio de Janeiro;20230817;23;18;39;38;2023-08-17
Rio de Janeiro;20230829;23;20;43;41;2023-08-29
Rio de Janeiro;20230908;23;22;45;43;2023-09-08
Rio de Janeiro;20230906;22;27;53;49;2023-09-06
Rio de Janeiro;20230806;21;36;55;53;2023-08-06
Rio de Janeiro;20230815;21;23;41;39;2023-08-15
Rio de Janeiro;20230822;21;25;45;44;2023-08-22
Rio de Janeiro;20230907;20;22;45;41;2023-09-07
Rio de Janeiro;20230910;20;14;30;30;2023-09-10
Rio de Janeiro;20230917;20;15;34;33;2023-09-17
Rio de Janeiro;20230912;19;28;50;45;2023-09-12
Rio de Janeiro;20230816;15;19;35;34;2023-08-16
Rio de Janeiro;20230805;14;41;50;49;2023-08-05
Rio de Janeiro;20230803;13;27;35;34;2023-08-03
Rio de Janeiro;20230909;11;11;24;22;2023-09-09
Sao Paulo;20230825;9;8;20;18;2023-08-25
Sao Paulo;20230811;8;15;19;19;2023-08-11
Sao Paulo;20230810;7;7;16;16;2023-08-10
Sao Paulo;20230827;7;2;9;8;2023-08-27
Sao Paulo;20230903;7;16;22;21;2023-09-03
Federal District;20230828;6;3;9;9;2023-08-28
Federal District;20230901;6;2;7;7;2023-09-01
Minas Gerais;20230826;6;1;7;7;2023-08-26
Minas Gerais;20230828;6;0;6;6;2023-08-28
Minas Gerais;20230830;6;1;6;6;2023-08-30
Minas Gerais;20230831;6;11;14;14;2023-08-31
Minas Gerais;20230901;6;5;10;10;2023-09-01
Sao Paulo;20230826;6;13;16;16;2023-08-26
Federal District;20230821;5;1;6;6;2023-08-21
Federal District;20230902;5;1;6;6;2023-09-02
Federal District;20230904;5;3;8;8;2023-09-04
Federal District;20230905;5;2;6;6;2023-09-05
Federal District;20230906;5;1;6;6;2023-09-06
Federal District;20230914;5;4;9;7;2023-09-14
Minas Gerais;20230824;5;7;12;12;2023-08-24
Minas Gerais;20230825;5;3;6;6;2023-08-25
Parana;20230902;5;2;7;7;2023-09-02
Sao Paulo;20230818;5;8;13;13;2023-08-18
Sao Paulo;20230831;5;22;28;27;2023-08-31
Sao Paulo;20230901;5;11;17;16;2023-09-01
Sao Paulo;20230902;5;5;12;10;2023-09-02
Sao Paulo;20230905;5;10;17;16;2023-09-05
Sao Paulo;20230914;5;8;12;12;2023-09-14
Sao Paulo;20230916;5;18;23;22;2023-09-16
Federal District;20230825;4;3;6;6;2023-08-25
Federal District;20230826;4;1;5;5;2023-08-26
Federal District;20230831;4;3;7;7;2023-08-31
Federal District;20230903;4;1;5;5;2023-09-03
Federal District;20230912;4;2;7;6;2023-09-12
Federal District;20230915;4;5;8;8;2023-09-15
Espirito Santo;20230903;4;2;5;5;2023-09-03
Goias;20230831;4;7;10;10;2023-08-31
Minas Gerais;20230809;4;4;8;7;2023-08-09
Minas Gerais;20230820;4;2;6;6;2023-08-20
Minas Gerais;20230823;4;3;7;7;2023-08-23
Minas Gerais;20230904;4;1;5;5;2023-09-04
Sao Paulo;20230809;4;12;15;15;2023-08-09
Sao Paulo;20230828;4;7;11;11;2023-08-28
Sao Paulo;20230907;4;5;10;9;2023-09-07
Sao Paulo;20230908;4;8;11;11;2023-09-08
Sao Paulo;20230917;4;11;15;14;2023-09-17
Sao Paulo;20230918;4;7;12;12;2023-09-18
Federal District;20230809;3;3;6;6;2023-08-09
Federal District;20230813;3;5;8;7;2023-08-13
Federal District;20230816;3;0;4;3;2023-08-16
Federal District;20230820;3;4;6;6;2023-08-20
Federal District;20230822;3;4;6;6;2023-08-22
Federal District;20230827;3;1;4;4;2023-08-27
Federal District;20230908;3;0;3;3;2023-09-08
Federal District;20230911;3;2;5;5;2023-09-11
Bahia;20230906;3;1;4;4;2023-09-06
Bahia;20230915;3;2;5;5;2023-09-15
Ceara;20230916;3;0;3;3;2023-09-16
Espirito Santo;20230824;3;2;5;5;2023-08-24
Espirito Santo;20230901;3;1;4;4;2023-09-01
Espirito Santo;20230912;3;2;4;4;2023-09-12
Minas Gerais;20230807;3;3;7;7;2023-08-07
Minas Gerais;20230808;3;5;8;8;2023-08-08
Minas Gerais;20230814;3;1;3;3;2023-08-14
Minas Gerais;20230821;3;1;4;4;2023-08-21
Minas Gerais;20230829;3;2;5;5;2023-08-29
Minas Gerais;20230906;3;5;8;8;2023-09-06
Minas Gerais;20230909;3;2;4;4;2023-09-09
Minas Gerais;20230911;3;2;5;5;2023-09-11
Rio Grande do Sul;20230810;3;2;5;5;2023-08-10
Santa Catarina;20230828;3;0;3;3;2023-08-28
Sao Paulo;20230806;3;10;13;13;2023-08-06
Sao Paulo;20230808;3;15;17;17;2023-08-08
Sao Paulo;20230816;3;6;9;9;2023-08-16
Sao Paulo;20230823;3;9;12;12;2023-08-23
Sao Paulo;20230824;3;21;25;24;2023-08-24
Sao Paulo;20230906;3;8;11;11;2023-09-06
Sao Paulo;20230909;3;4;8;8;2023-09-09
Sao Paulo;20230910;3;8;10;10;2023-09-10
Sao Paulo;20230911;3;7;10;10;2023-09-11
(not set);20230808;2;1;3;3;2023-08-08
Federal District;20230806;2;6;7;7;2023-08-06
Federal District;20230811;2;3;5;5;2023-08-11
Federal District;20230812;2;0;2;2;2023-08-12
Federal District;20230815;2;2;4;4;2023-08-15
Federal District;20230823;2;4;7;6;2023-08-23
Federal District;20230824;2;4;6;6;2023-08-24
Federal District;20230830;2;2;5;4;2023-08-30
Federal District;20230907;2;1;3;3;2023-09-07
Federal District;20230910;2;0;2;2;2023-09-10
Federal District;20230918;2;4;6;6;2023-09-18
Lisbon;20230809;2;0;2;2;2023-08-09
Lisbon;20230825;2;0;2;2;2023-08-25
Lisbon;20230828;2;0;2;2;2023-08-28
Ontario;20230915;2;1;3;3;2023-09-15
Alagoas;20230821;2;2;3;3;2023-08-21
Alagoas;20230829;2;0;2;2;2023-08-29
Alagoas;20230831;2;1;2;2;2023-08-31
Alagoas;20230902;2;0;2;2;2023-09-02
Alagoas;20230905;2;0;2;2;2023-09-05
Bahia;20230813;2;3;4;4;2023-08-13
Bahia;20230814;2;2;3;3;2023-08-14
Bahia;20230829;2;4;6;6;2023-08-29
Bahia;20230907;2;2;4;4;2023-09-07
Ceara;20230806;2;0;2;2;2023-08-06
Ceara;20230810;2;3;4;4;2023-08-10
Ceara;20230811;2;1;3;3;2023-08-11
Ceara;20230812;2;2;4;3;2023-08-12
Ceara;20230903;2;1;3;3;2023-09-03
Espirito Santo;20230809;2;2;4;4;2023-08-09
Espirito Santo;20230810;2;4;6;6;2023-08-10
Espirito Santo;20230815;2;0;2;2;2023-08-15
Espirito Santo;20230819;2;4;5;5;2023-08-19
Espirito Santo;20230820;2;2;4;4;2023-08-20
Espirito Santo;20230822;2;1;3;3;2023-08-22
Espirito Santo;20230825;2;2;4;4;2023-08-25
Espirito Santo;20230828;2;0;2;2;2023-08-28
Espirito Santo;20230906;2;0;2;2;2023-09-06
Espirito Santo;20230918;2;1;2;2;2023-09-18
Mato Grosso do Sul;20230908;2;0;2;2;2023-09-08
Minas Gerais;20230805;2;8;11;11;2023-08-05
Minas Gerais;20230811;2;2;6;4;2023-08-11
Minas Gerais;20230817;2;1;4;3;2023-08-17
Minas Gerais;20230819;2;5;6;6;2023-08-19
Minas Gerais;20230822;2;4;6;6;2023-08-22
Minas Gerais;20230827;2;5;7;7;2023-08-27
Minas Gerais;20230903;2;2;4;4;2023-09-03
Minas Gerais;20230905;2;3;5;5;2023-09-05
Minas Gerais;20230908;2;2;5;5;2023-09-08
Minas Gerais;20230912;2;1;3;3;2023-09-12
Minas Gerais;20230914;2;4;6;6;2023-09-14
Minas Gerais;20230915;2;7;7;7;2023-09-15
Minas Gerais;20230916;2;3;5;4;2023-09-16
Para;20230809;2;0;2;2;2023-08-09
Para;20230825;2;1;3;3;2023-08-25
Paraiba;20230804;2;2;3;3;2023-08-04
Paraiba;20230825;2;0;2;2;2023-08-25
Parana;20230829;2;4;5;5;2023-08-29
Parana;20230830;2;5;6;6;2023-08-30
Parana;20230831;2;4;6;5;2023-08-31
Parana;20230903;2;1;3;3;2023-09-03
Parana;20230905;2;1;3;3;2023-09-05
Parana;20230913;2;1;3;3;2023-09-13
Parana;20230917;2;1;3;3;2023-09-17
Piaui;20230827;2;0;2;2;2023-08-27
Rio Grande do Sul;20230807;2;4;7;7;2023-08-07
Rio Grande do Sul;20230824;2;1;4;4;2023-08-24
Rio Grande do Sul;20230826;2;3;5;5;2023-08-26
Rio Grande do Sul;20230827;2;0;2;2;2023-08-27
Rio Grande do Sul;20230904;2;2;4;4;2023-09-04
Rio Grande do Sul;20230905;2;2;4;4;2023-09-05
Rio Grande do Sul;20230912;2;0;2;2;2023-09-12
Santa Catarina;20230805;2;2;3;3;2023-08-05
Santa Catarina;20230811;2;1;3;3;2023-08-11
Santa Catarina;20230813;2;1;3;3;2023-08-13
Santa Catarina;20230825;2;3;4;4;2023-08-25
Santa Catarina;20230918;2;0;2;2;2023-09-18
Sao Paulo;20230803;2;8;8;8;2023-08-03
Sao Paulo;20230804;2;7;9;8;2023-08-04
Sao Paulo;20230805;2;14;17;16;2023-08-05
Sao Paulo;20230807;2;6;8;8;2023-08-07
Sao Paulo;20230815;2;5;7;7;2023-08-15
Sao Paulo;20230817;2;6;7;7;2023-08-17
Sao Paulo;20230819;2;6;9;8;2023-08-19
Sao Paulo;20230820;2;11;12;12;2023-08-20
Sao Paulo;20230821;2;6;7;7;2023-08-21
Sao Paulo;20230822;2;15;18;16;2023-08-22
Sao Paulo;20230904;2;4;6;6;2023-09-04
Sao Paulo;20230913;2;6;9;8;2023-09-13
Sao Paulo;20230915;2;18;20;20;2023-09-15
Ulyanovsk Oblast;20230807;2;0;2;2;2023-08-07
(not set);20230807;1;1;3;3;2023-08-07
(not set);20230809;1;2;3;3;2023-08-09
(not set);20230810;1;0;2;2;2023-08-10
(not set);20230819;1;1;1;1;2023-08-19
(not set);20230824;1;0;1;1;2023-08-24
(not set);20230828;1;1;2;2;2023-08-28
(not set);20230830;1;2;2;2;2023-08-30
(not set);20230901;1;0;1;1;2023-09-01
(not set);20230904;1;0;1;1;2023-09-04
(not set);20230909;1;0;1;1;2023-09-09
(not set);20230911;1;2;3;3;2023-09-11
Alberta;20230831;1;0;1;1;2023-08-31
Bavaria;20230828;1;0;1;1;2023-08-28
Buenos Aires;20230915;1;1;1;1;2023-09-15
Central Department;20230831;1;0;1;1;2023-08-31
Cordoba;20230822;1;0;1;1;2023-08-22
Emilia-Romagna;20230805;1;0;1;1;2023-08-05
Emilia-Romagna;20230819;1;0;1;1;2023-08-19
Emilia-Romagna;20230826;1;0;1;1;2023-08-26
England;20230914;1;1;1;1;2023-09-14
England;20230915;1;2;2;2;2023-09-15
England;20230918;1;1;1;1;2023-09-18
Federal District;20230803;1;2;2;2;2023-08-03
Federal District;20230804;1;3;3;3;2023-08-04
Federal District;20230807;1;5;7;6;2023-08-07
Federal District;20230808;1;6;7;7;2023-08-08
Federal District;20230810;1;7;8;8;2023-08-10
Federal District;20230814;1;2;3;3;2023-08-14
Federal District;20230818;1;3;3;3;2023-08-18
Federal District;20230819;1;5;6;5;2023-08-19
Federal District;20230829;1;3;4;4;2023-08-29
Federal District;20230909;1;1;2;2;2023-09-09
Federal District;20230913;1;1;2;2;2023-09-13
Federal District;20230917;1;0;2;1;2023-09-17
Georgia;20230827;1;0;1;1;2023-08-27
Ile-de-France;20230917;1;0;1;1;2023-09-17
Lazio;20230908;1;0;1;1;2023-09-08
Lisbon;20230807;1;0;1;1;2023-08-07
Lisbon;20230813;1;0;1;1;2023-08-13
Lisbon;20230817;1;1;1;1;2023-08-17
Lisbon;20230819;1;0;2;1;2023-08-19
Lisbon;20230823;1;0;1;1;2023-08-23
Lisbon;20230824;1;0;1;1;2023-08-24
Lisbon;20230901;1;0;1;1;2023-09-01
Lisbon;20230911;1;0;1;1;2023-09-11
Lombardy;20230806;1;1;1;1;2023-08-06
Lombardy;20230828;1;0;1;1;2023-08-28
Lombardy;20230908;1;0;1;1;2023-09-08
Lombardy;20230911;1;0;1;1;2023-09-11
Lombardy;20230917;1;0;1;1;2023-09-17
Massachusetts;20230823;1;1;1;1;2023-08-23
Massachusetts;20230825;1;0;1;1;2023-08-25
Massachusetts;20230827;1;0;1;1;2023-08-27
Massachusetts;20230901;1;0;1;1;2023-09-01
Massachusetts;20230902;1;0;1;1;2023-09-02
Massachusetts;20230903;1;0;1;1;2023-09-03
Massachusetts;20230904;1;0;1;1;2023-09-04
Massachusetts;20230905;1;0;1;1;2023-09-05
Massachusetts;20230908;1;0;1;1;2023-09-08
Massachusetts;20230913;1;0;1;1;2023-09-13
Massachusetts;20230917;1;0;1;1;2023-09-17
Mexico City;20230824;1;0;1;1;2023-08-24
New York;20230916;1;1;1;1;2023-09-16
North Sumatra;20230828;1;0;1;1;2023-08-28
Nouvelle-Aquitaine;20230825;1;1;1;1;2023-08-25
Nouvelle-Aquitaine;20230908;1;1;1;1;2023-09-08
Nouvelle-Aquitaine;20230910;1;1;1;1;2023-09-10
Ontario;20230908;1;1;1;1;2023-09-08
Ontario;20230914;1;0;1;1;2023-09-14
Pichincha;20230904;1;1;1;1;2023-09-04
Porto District;20230816;1;0;1;1;2023-08-16
Porto District;20230904;1;1;1;1;2023-09-04
Porto District;20230906;1;1;2;2;2023-09-06
Porto District;20230907;1;0;1;1;2023-09-07
Porto District;20230908;1;0;1;1;2023-09-08
Porto District;20230914;1;0;1;1;2023-09-14
Republic of Bashkortostan;20230806;1;0;1;1;2023-08-06
Republic of Bashkortostan;20230807;1;0;1;1;2023-08-07
Santa Cruz Province;20230808;1;1;1;1;2023-08-08
Sardinia;20230908;1;0;1;1;2023-09-08
Acre;20230821;1;1;1;1;2023-08-21
Alagoas;20230812;1;1;1;1;2023-08-12
Alagoas;20230815;1;0;1;1;2023-08-15
Alagoas;20230816;1;0;1;1;2023-08-16
Alagoas;20230817;1;0;1;1;2023-08-17
Alagoas;20230818;1;0;1;1;2023-08-18
Alagoas;20230819;1;0;1;1;2023-08-19
Alagoas;20230820;1;0;1;1;2023-08-20
Alagoas;20230823;1;0;1;1;2023-08-23
Alagoas;20230825;1;0;1;1;2023-08-25
Alagoas;20230826;1;0;1;1;2023-08-26
Alagoas;20230830;1;0;1;1;2023-08-30
Alagoas;20230901;1;0;1;1;2023-09-01
Alagoas;20230903;1;1;2;2;2023-09-03
Alagoas;20230904;1;0;1;1;2023-09-04
Alagoas;20230907;1;1;2;2;2023-09-07
Alagoas;20230911;1;2;3;3;2023-09-11
Alagoas;20230912;1;0;1;1;2023-09-12
Amazonas;20230817;1;1;1;1;2023-08-17
Amazonas;20230825;1;1;1;1;2023-08-25
Amazonas;20230831;1;2;3;3;2023-08-31
Amazonas;20230903;1;1;1;1;2023-09-03
Amazonas;20230904;1;0;2;2;2023-09-04
Amazonas;20230912;1;1;3;3;2023-09-12
Amazonas;20230913;1;1;3;3;2023-09-13
Bahia;20230803;1;4;4;4;2023-08-03
Bahia;20230804;1;3;3;3;2023-08-04
Bahia;20230806;1;1;2;2;2023-08-06
Bahia;20230807;1;1;2;2;2023-08-07
Bahia;20230808;1;1;2;2;2023-08-08
Bahia;20230810;1;3;4;4;2023-08-10
Bahia;20230811;1;1;2;2;2023-08-11
Bahia;20230817;1;1;2;2;2023-08-17
Bahia;20230818;1;0;1;1;2023-08-18
Bahia;20230819;1;3;4;4;2023-08-19
Bahia;20230822;1;2;3;3;2023-08-22
Bahia;20230823;1;2;3;3;2023-08-23
Bahia;20230824;1;2;3;3;2023-08-24
Bahia;20230825;1;0;1;1;2023-08-25
Bahia;20230826;1;1;2;2;2023-08-26
Bahia;20230828;1;1;2;2;2023-08-28
Bahia;20230831;1;0;2;1;2023-08-31
Bahia;20230901;1;0;1;1;2023-09-01
Bahia;20230909;1;1;2;2;2023-09-09
Bahia;20230910;1;0;1;1;2023-09-10
Bahia;20230911;1;0;1;1;2023-09-11
Bahia;20230912;1;1;2;2;2023-09-12
Bahia;20230913;1;2;3;3;2023-09-13
Ceara;20230803;1;2;2;2;2023-08-03
Ceara;20230805;1;3;4;4;2023-08-05
Ceara;20230807;1;0;1;1;2023-08-07
Ceara;20230808;1;1;2;2;2023-08-08
Ceara;20230809;1;1;2;2;2023-08-09
Ceara;20230814;1;0;1;1;2023-08-14
Ceara;20230815;1;0;3;1;2023-08-15
Ceara;20230816;1;1;2;2;2023-08-16
Ceara;20230819;1;0;1;1;2023-08-19
Ceara;20230824;1;0;1;1;2023-08-24
Ceara;20230828;1;2;3;3;2023-08-28
Ceara;20230831;1;3;4;4;2023-08-31
Ceara;20230901;1;1;2;2;2023-09-01
Ceara;20230902;1;1;2;2;2023-09-02
Ceara;20230905;1;1;2;2;2023-09-05
Ceara;20230906;1;0;1;1;2023-09-06
Ceara;20230907;1;2;4;4;2023-09-07
Ceara;20230910;1;1;2;2;2023-09-10
Ceara;20230915;1;0;1;1;2023-09-15
Espirito Santo;20230806;1;0;1;1;2023-08-06
Espirito Santo;20230807;1;1;2;2;2023-08-07
Espirito Santo;20230811;1;1;2;2;2023-08-11
Espirito Santo;20230812;1;0;1;1;2023-08-12
Espirito Santo;20230813;1;0;1;1;2023-08-13
Espirito Santo;20230817;1;0;1;1;2023-08-17
Espirito Santo;20230821;1;1;2;2;2023-08-21
Espirito Santo;20230823;1;1;2;2;2023-08-23
Espirito Santo;20230826;1;3;4;4;2023-08-26
Espirito Santo;20230827;1;1;2;2;2023-08-27
Espirito Santo;20230829;1;0;1;1;2023-08-29
Espirito Santo;20230830;1;1;2;2;2023-08-30
Espirito Santo;20230831;1;2;3;3;2023-08-31
Espirito Santo;20230902;1;1;2;2;2023-09-02
Espirito Santo;20230904;1;1;2;2;2023-09-04
Espirito Santo;20230905;1;0;1;1;2023-09-05
Espirito Santo;20230915;1;3;3;3;2023-09-15
Espirito Santo;20230916;1;4;5;5;2023-09-16
Espirito Santo;20230917;1;0;2;1;2023-09-17
Goias;20230804;1;2;3;3;2023-08-04
Goias;20230810;1;0;1;1;2023-08-10
Goias;20230811;1;1;2;2;2023-08-11
Goias;20230813;1;0;1;1;2023-08-13
Goias;20230815;1;0;2;1;2023-08-15
Goias;20230817;1;1;2;2;2023-08-17
Goias;20230819;1;3;3;3;2023-08-19
Goias;20230820;1;0;1;1;2023-08-20
Goias;20230823;1;0;1;1;2023-08-23
Goias;20230826;1;0;1;1;2023-08-26
Goias;20230901;1;1;2;2;2023-09-01
Goias;20230902;1;1;2;2;2023-09-02
Goias;20230903;1;1;3;3;2023-09-03
Goias;20230904;1;1;2;2;2023-09-04
Goias;20230907;1;0;1;1;2023-09-07
Goias;20230911;1;0;1;1;2023-09-11
Goias;20230915;1;0;2;1;2023-09-15
Mato Grosso;20230907;1;1;1;1;2023-09-07
Mato Grosso;20230912;1;2;2;2;2023-09-12
Mato Grosso;20230913;1;1;2;2;2023-09-13
Mato Grosso do Sul;20230808;1;0;1;1;2023-08-08
Mato Grosso do Sul;20230811;1;0;1;1;2023-08-11
Mato Grosso do Sul;20230824;1;0;1;1;2023-08-24
Mato Grosso do Sul;20230826;1;0;1;1;2023-08-26
Mato Grosso do Sul;20230827;1;0;1;1;2023-08-27
Mato Grosso do Sul;20230830;1;0;1;1;2023-08-30
Mato Grosso do Sul;20230831;1;0;1;1;2023-08-31
Mato Grosso do Sul;20230902;1;0;1;1;2023-09-02
Mato Grosso do Sul;20230906;1;0;1;1;2023-09-06
Mato Grosso do Sul;20230911;1;0;1;1;2023-09-11
Mato Grosso do Sul;20230914;1;0;1;1;2023-09-14
Mato Grosso do Sul;20230915;1;0;1;1;2023-09-15
Mato Grosso do Sul;20230916;1;1;2;2;2023-09-16
Mato Grosso do Sul;20230917;1;0;1;1;2023-09-17
Minas Gerais;20230804;1;6;6;6;2023-08-04
Minas Gerais;20230815;1;3;4;4;2023-08-15
Minas Gerais;20230816;1;2;3;3;2023-08-16
Minas Gerais;20230818;1;3;4;4;2023-08-18
Minas Gerais;20230902;1;1;2;2;2023-09-02
Minas Gerais;20230913;1;0;2;2;2023-09-13
Minas Gerais;20230917;1;2;3;3;2023-09-17
Para;20230804;1;1;2;2;2023-08-04
Para;20230805;1;2;2;2;2023-08-05
Para;20230807;1;1;2;2;2023-08-07
Para;20230810;1;0;1;1;2023-08-10
Para;20230811;1;0;1;1;2023-08-11
Para;20230822;1;0;1;1;2023-08-22
Para;20230823;1;1;2;2;2023-08-23
Para;20230824;1;1;2;2;2023-08-24
Para;20230826;1;0;1;1;2023-08-26
Para;20230828;1;0;1;1;2023-08-28
Para;20230901;1;2;3;3;2023-09-01
Para;20230902;1;0;1;1;2023-09-02
Para;20230904;1;1;2;2;2023-09-04
Para;20230905;1;0;1;1;2023-09-05
Para;20230906;1;0;1;1;2023-09-06
Para;20230908;1;3;4;4;2023-09-08
Para;20230913;1;0;1;1;2023-09-13
Para;20230915;1;1;2;2;2023-09-15
Para;20230916;1;2;3;3;2023-09-16
Para;20230918;1;2;3;3;2023-09-18
Paraiba;20230817;1;0;1;1;2023-08-17
Paraiba;20230824;1;0;1;1;2023-08-24
Paraiba;20230828;1;0;1;1;2023-08-28
Paraiba;20230830;1;1;2;2;2023-08-30
Paraiba;20230903;1;0;1;1;2023-09-03
Paraiba;20230916;1;0;1;1;2023-09-16
Paraiba;20230918;1;1;1;1;2023-09-18
Parana;20230806;1;2;3;3;2023-08-06
Parana;20230807;1;2;4;4;2023-08-07
Parana;20230810;1;2;2;2;2023-08-10
Parana;20230814;1;0;1;1;2023-08-14
Parana;20230821;1;5;6;6;2023-08-21
Parana;20230825;1;1;2;2;2023-08-25
Parana;20230826;1;1;2;2;2023-08-26
Parana;20230827;1;3;4;4;2023-08-27
Parana;20230828;1;2;3;3;2023-08-28
Parana;20230907;1;0;1;1;2023-09-07
Parana;20230909;1;0;2;2;2023-09-09
Parana;20230910;1;2;3;3;2023-09-10
Parana;20230915;1;2;3;3;2023-09-15
Pernambuco;20230824;1;1;2;2;2023-08-24
Pernambuco;20230828;1;0;1;1;2023-08-28
Pernambuco;20230829;1;1;1;1;2023-08-29
Pernambuco;20230912;1;0;1;1;2023-09-12
Piaui;20230807;1;1;1;1;2023-08-07
Piaui;20230809;1;0;1;1;2023-08-09
Piaui;20230815;1;0;1;1;2023-08-15
Piaui;20230826;1;1;1;1;2023-08-26
Rio Grande do Norte;20230804;1;2;3;3;2023-08-04
Rio Grande do Norte;20230809;1;0;1;1;2023-08-09
Rio Grande do Norte;20230813;1;0;1;1;2023-08-13
Rio Grande do Norte;20230815;1;2;2;2;2023-08-15
Rio Grande do Norte;20230820;1;0;1;1;2023-08-20
Rio Grande do Norte;20230825;1;1;2;2;2023-08-25
Rio Grande do Norte;20230828;1;1;1;1;2023-08-28
Rio Grande do Norte;20230902;1;0;1;1;2023-09-02
Rio Grande do Norte;20230903;1;2;3;3;2023-09-03
Rio Grande do Norte;20230906;1;1;2;2;2023-09-06
Rio Grande do Norte;20230908;1;1;2;2;2023-09-08
Rio Grande do Sul;20230808;1;2;4;3;2023-08-08
Rio Grande do Sul;20230809;1;3;5;5;2023-08-09
Rio Grande do Sul;20230812;1;2;3;3;2023-08-12
Rio Grande do Sul;20230813;1;3;5;4;2023-08-13
Rio Grande do Sul;20230816;1;3;3;3;2023-08-16
Rio Grande do Sul;20230819;1;2;3;3;2023-08-19
Rio Grande do Sul;20230823;1;1;2;2;2023-08-23
Rio Grande do Sul;20230829;1;3;4;4;2023-08-29
Rio Grande do Sul;20230831;1;4;5;5;2023-08-31
Rio Grande do Sul;20230902;1;2;4;4;2023-09-02
Rio Grande do Sul;20230903;1;1;2;2;2023-09-03
Rio Grande do Sul;20230913;1;1;2;2;2023-09-13
Santa Catarina;20230816;1;2;3;3;2023-08-16
Santa Catarina;20230819;1;1;2;2;2023-08-19
Santa Catarina;20230820;1;0;1;1;2023-08-20
Santa Catarina;20230822;1;4;4;4;2023-08-22
Santa Catarina;20230823;1;1;1;1;2023-08-23
Santa Catarina;20230824;1;1;2;2;2023-08-24
Santa Catarina;20230829;1;2;3;3;2023-08-29
Santa Catarina;20230901;1;0;1;1;2023-09-01
Santa Catarina;20230904;1;1;1;1;2023-09-04
Santa Catarina;20230906;1;0;1;1;2023-09-06
Santa Catarina;20230907;1;1;3;3;2023-09-07
Santa Catarina;20230909;1;1;1;1;2023-09-09
Santa Catarina;20230916;1;0;1;1;2023-09-16
Sao Paulo;20230813;1;5;6;6;2023-08-13
Sao Paulo;20230830;1;9;11;11;2023-08-30
Sao Paulo;20230912;1;6;7;7;2023-09-12
Tocantins;20230810;1;0;2;1;2023-08-10
Tocantins;20230826;1;0;1;1;2023-08-26
Ulyanovsk Oblast;20230803;1;1;2;2;2023-08-03
Ulyanovsk Oblast;20230805;1;0;1;1;2023-08-05
Ulyanovsk Oblast;20230806;1;0;1;1;2023-08-06
Ulyanovsk Oblast;20230810;1;0;1;1;2023-08-10
Ulyanovsk Oblast;20230811;1;0;1;1;2023-08-11
Ulyanovsk Oblast;20230812;1;0;1;1;2023-08-12
Ulyanovsk Oblast;20230813;1;0;1;1;2023-08-13
Ulyanovsk Oblast;20230814;1;0;1;1;2023-08-14
Ulyanovsk Oblast;20230821;1;0;1;1;2023-08-21
Ulyanovsk Oblast;20230825;1;0;1;1;2023-08-25
Ulyanovsk Oblast;20230830;1;0;1;1;2023-08-30
Ulyanovsk Oblast;20230901;1;0;1;1;2023-09-01
Ulyanovsk Oblast;20230907;1;0;1;1;2023-09-07
Ulyanovsk Oblast;20230908;1;0;1;1;2023-09-08
Ulyanovsk Oblast;20230909;1;0;1;1;2023-09-09
Ulyanovsk Oblast;20230910;1;0;1;1;2023-09-10
Ulyanovsk Oblast;20230911;1;0;1;1;2023-09-11
Ulyanovsk Oblast;20230913;1;0;1;1;2023-09-13
Ulyanovsk Oblast;20230914;1;0;1;1;2023-09-14
West Virginia;20230807;1;0;1;1;2023-08-07
(not set);20230806;0;2;2;2;2023-08-06
(not set);20230811;0;1;1;1;2023-08-11
(not set);20230812;0;3;3;3;2023-08-12
(not set);20230814;0;2;2;2;2023-08-14
(not set);20230815;0;1;1;1;2023-08-15
(not set);20230817;0;1;1;1;2023-08-17
(not set);20230818;0;1;1;1;2023-08-18
(not set);20230822;0;1;1;1;2023-08-22
(not set);20230825;0;1;1;1;2023-08-25
(not set);20230826;0;6;6;6;2023-08-26
(not set);20230829;0;1;1;1;2023-08-29
(not set);20230831;0;1;1;1;2023-08-31
(not set);20230903;0;1;1;1;2023-09-03
(not set);20230905;0;1;1;1;2023-09-05
(not set);20230912;0;3;3;3;2023-09-12
(not set);20230913;0;4;4;4;2023-09-13
(not set);20230915;0;3;3;3;2023-09-15
(not set);20230916;0;3;3;3;2023-09-16
(not set);20230917;0;1;1;1;2023-09-17
(not set);20230918;0;1;1;1;2023-09-18
Andalusia;20230815;0;1;1;1;2023-08-15
Auckland;20230915;0;1;1;1;2023-09-15
Baden-Wurttemberg;20230905;0;1;1;1;2023-09-05
Bavaria;20230826;0;1;1;1;2023-08-26
Bekes County;20230902;0;0;1;1;2023-09-02
Braga;20230829;0;1;1;1;2023-08-29
Braga;20230901;0;1;1;1;2023-09-01
Brest Region;20230803;0;1;1;1;2023-08-03
British Columbia;20230810;0;1;1;1;2023-08-10
Buenos Aires;20230904;0;1;1;1;2023-09-04
California;20230808;0;1;1;1;2023-08-08
California;20230915;0;1;1;1;2023-09-15
California;20230918;0;1;1;1;2023-09-18
Campania;20230826;0;1;1;1;2023-08-26
Central Department;20230915;0;1;1;1;2023-09-15
Centre-Val de Loire;20230819;0;1;1;1;2023-08-19
Chelyabinsk Oblast;20230906;0;1;1;1;2023-09-06
Community of Madrid;20230827;0;1;1;1;2023-08-27
Cordoba;20230820;0;1;1;1;2023-08-20
Corrientes;20230805;0;0;1;1;2023-08-05
County Dublin;20230831;0;1;1;1;2023-08-31
Emilia-Romagna;20230803;0;1;1;1;2023-08-03
England;20230820;0;1;1;1;2023-08-20
England;20230827;0;1;1;1;2023-08-27
England;20230917;0;1;1;1;2023-09-17
Federal District;20230805;0;1;1;1;2023-08-05
Federal District;20230817;0;4;4;4;2023-08-17
Federal District;20230916;0;0;1;0;2023-09-16
Florida;20230820;0;1;1;1;2023-08-20
Florida;20230826;0;0;1;1;2023-08-26
Florida;20230913;0;1;1;1;2023-09-13
Florida;20230918;0;1;1;1;2023-09-18
Georgia;20230807;0;1;1;1;2023-08-07
Georgia;20230808;0;1;1;1;2023-08-08
Georgia;20230826;0;1;1;1;2023-08-26
Georgia;20230912;0;1;1;1;2023-09-12
Hamburg;20230809;0;1;1;1;2023-08-09
Hessen;20230902;0;1;1;1;2023-09-02
Ile-de-France;20230806;0;1;1;1;2023-08-06
Ile-de-France;20230827;0;1;1;1;2023-08-27
Ile-de-France;20230918;0;1;1;1;2023-09-18
Indiana;20230916;0;1;1;1;2023-09-16
Klaipeda County;20230806;0;1;1;1;2023-08-06
Kurgan Oblast;20230916;0;1;1;1;2023-09-16
Kyiv Oblast;20230910;0;1;1;1;2023-09-10
Lazio;20230821;0;1;1;1;2023-08-21
Lazio;20230827;0;1;1;1;2023-08-27
Lisbon;20230804;0;1;1;1;2023-08-04
Lisbon;20230805;0;1;1;1;2023-08-05
Lisbon;20230826;0;1;1;1;2023-08-26
Lisbon;20230829;0;0;1;0;2023-08-29
Lombardy;20230807;0;1;1;1;2023-08-07
Lombardy;20230810;0;1;1;1;2023-08-10
Lombardy;20230813;0;1;1;1;2023-08-13
Lombardy;20230817;0;1;1;1;2023-08-17
Lombardy;20230821;0;1;1;1;2023-08-21
Lombardy;20230901;0;1;1;1;2023-09-01
Lombardy;20230906;0;1;1;1;2023-09-06
Luanda Province;20230830;0;1;1;1;2023-08-30
Luanda Province;20230903;0;1;1;1;2023-09-03
Madeira;20230909;0;1;1;1;2023-09-09
Madrid;20230822;0;1;1;1;2023-08-22
Maine;20230829;0;1;1;1;2023-08-29
Mexico City;20230810;0;1;1;1;2023-08-10
Mexico City;20230819;0;1;1;1;2023-08-19
New York;20230820;0;1;1;1;2023-08-20
New York;20230908;0;1;1;1;2023-09-08
Newfoundland and Labrador;20230912;0;1;1;1;2023-09-12
Nizhny Novgorod Oblast;20230826;0;1;1;1;2023-08-26
Norrbotten County;20230827;0;1;1;1;2023-08-27
North Carolina;20230827;0;1;1;1;2023-08-27
North Carolina;20230901;0;1;1;1;2023-09-01
North Holland;20230903;0;1;1;1;2023-09-03
North Sumatra;20230803;0;1;1;1;2023-08-03
North Sumatra;20230817;0;0;1;0;2023-08-17
North Sumatra;20230819;0;0;1;0;2023-08-19
Nouvelle-Aquitaine;20230805;0;1;1;1;2023-08-05
Nouvelle-Aquitaine;20230824;0;1;1;1;2023-08-24
Nouvelle-Aquitaine;20230826;0;1;1;1;2023-08-26
Nouvelle-Aquitaine;20230831;0;1;1;1;2023-08-31
Nouvelle-Aquitaine;20230903;0;1;1;1;2023-09-03
Nouvelle-Aquitaine;20230906;0;1;1;1;2023-09-06
Nouvelle-Aquitaine;20230912;0;1;1;1;2023-09-12
Nouvelle-Aquitaine;20230917;0;1;1;1;2023-09-17
Ohio;20230824;0;2;2;2;2023-08-24
Ontario;20230803;0;1;1;1;2023-08-03
Ontario;20230805;0;1;1;1;2023-08-05
Ontario;20230808;0;2;2;2;2023-08-08
Ontario;20230813;0;1;1;1;2023-08-13
Ontario;20230909;0;1;1;1;2023-09-09
Ontario;20230912;0;1;1;1;2023-09-12
Porto District;20230804;0;1;1;1;2023-08-04
Porto District;20230811;0;1;1;1;2023-08-11
Porto District;20230825;0;1;1;1;2023-08-25
Puebla;20230803;0;1;1;1;2023-08-03
Quebec;20230817;0;1;1;1;2023-08-17
Region of Murcia;20230805;0;1;1;1;2023-08-05
Republic of Tatarstan;20230803;0;0;1;1;2023-08-03
Riga;20230824;0;1;1;1;2023-08-24
Saitama;20230818;0;1;1;1;2023-08-18
San Juan Province;20230805;0;1;1;1;2023-08-05
San Salvador Department;20230810;0;1;1;1;2023-08-10
Sofala Province;20230810;0;1;1;1;2023-08-10
Acre;20230808;0;1;1;1;2023-08-08
Acre;20230824;0;1;1;1;2023-08-24
Acre;20230913;0;1;1;1;2023-09-13
Alagoas;20230811;0;0;1;0;2023-08-11
Alagoas;20230814;0;1;1;1;2023-08-14
Alagoas;20230906;0;1;1;1;2023-09-06
Amapa;20230813;0;1;1;1;2023-08-13
Amapa;20230824;0;1;1;1;2023-08-24
Amazonas;20230805;0;1;1;1;2023-08-05
Amazonas;20230806;0;2;2;2;2023-08-06
Amazonas;20230808;0;2;2;2;2023-08-08
Amazonas;20230809;0;1;1;1;2023-08-09
Amazonas;20230810;0;1;1;1;2023-08-10
Amazonas;20230811;0;2;2;2;2023-08-11
Amazonas;20230815;0;1;1;1;2023-08-15
Amazonas;20230820;0;2;2;2;2023-08-20
Amazonas;20230823;0;1;2;2;2023-08-23
Amazonas;20230824;0;2;2;2;2023-08-24
Amazonas;20230828;0;0;1;1;2023-08-28
Amazonas;20230901;0;1;1;1;2023-09-01
Amazonas;20230902;0;1;1;1;2023-09-02
Amazonas;20230905;0;0;1;1;2023-09-05
Amazonas;20230906;0;1;3;2;2023-09-06
Amazonas;20230911;0;0;1;1;2023-09-11
Amazonas;20230914;0;1;2;2;2023-09-14
Amazonas;20230915;0;0;1;1;2023-09-15
Amazonas;20230916;0;1;1;1;2023-09-16
Amazonas;20230917;0;0;1;0;2023-09-17
Amazonas;20230918;0;1;2;2;2023-09-18
Bahia;20230809;0;4;5;4;2023-08-09
Bahia;20230812;0;2;2;2;2023-08-12
Bahia;20230815;0;2;2;2;2023-08-15
Bahia;20230820;0;1;1;1;2023-08-20
Bahia;20230821;0;3;3;3;2023-08-21
Bahia;20230827;0;1;1;1;2023-08-27
Bahia;20230830;0;3;3;3;2023-08-30
Bahia;20230902;0;2;2;2;2023-09-02
Bahia;20230903;0;1;1;1;2023-09-03
Bahia;20230908;0;0;1;1;2023-09-08
Bahia;20230914;0;2;2;2;2023-09-14
Bahia;20230916;0;4;4;4;2023-09-16
Bahia;20230917;0;1;1;1;2023-09-17
Bahia;20230918;0;3;3;3;2023-09-18
Ceara;20230804;0;0;1;1;2023-08-04
Ceara;20230813;0;1;1;1;2023-08-13
Ceara;20230817;0;2;2;2;2023-08-17
Ceara;20230820;0;2;2;2;2023-08-20
Ceara;20230825;0;2;2;2;2023-08-25
Ceara;20230829;0;1;1;1;2023-08-29
Ceara;20230830;0;1;1;1;2023-08-30
Ceara;20230904;0;0;1;0;2023-09-04
Ceara;20230908;0;1;1;1;2023-09-08
Ceara;20230914;0;1;2;1;2023-09-14
Ceara;20230917;0;1;1;1;2023-09-17
Ceara;20230918;0;1;1;1;2023-09-18
Espirito Santo;20230804;0;3;3;3;2023-08-04
Espirito Santo;20230805;0;2;2;2;2023-08-05
Espirito Santo;20230808;0;1;2;1;2023-08-08
Espirito Santo;20230814;0;3;3;3;2023-08-14
Espirito Santo;20230816;0;0;1;0;2023-08-16
Espirito Santo;20230910;0;1;1;1;2023-09-10
Espirito Santo;20230911;0;0;1;1;2023-09-11
Espirito Santo;20230914;0;2;3;3;2023-09-14
Goias;20230803;0;2;3;3;2023-08-03
Goias;20230806;0;1;1;1;2023-08-06
Goias;20230807;0;1;1;1;2023-08-07
Goias;20230809;0;3;3;3;2023-08-09
Goias;20230812;0;0;1;0;2023-08-12
Goias;20230814;0;1;1;1;2023-08-14
Goias;20230821;0;1;1;1;2023-08-21
Goias;20230822;0;2;3;2;2023-08-22
Goias;20230824;0;3;3;3;2023-08-24
Goias;20230825;0;3;3;3;2023-08-25
Goias;20230828;0;1;1;1;2023-08-28
Goias;20230830;0;1;1;1;2023-08-30
Goias;20230908;0;1;1;1;2023-09-08
Goias;20230909;0;0;1;0;2023-09-09
Goias;20230912;0;1;1;1;2023-09-12
Goias;20230913;0;0;1;0;2023-09-13
Goias;20230914;0;1;1;1;2023-09-14
Goias;20230917;0;2;2;2;2023-09-17
Goias;20230918;0;2;2;2;2023-09-18
Maranhao;20230806;0;2;2;2;2023-08-06
Maranhao;20230808;0;2;2;2;2023-08-08
Maranhao;20230820;0;1;1;1;2023-08-20
Maranhao;20230824;0;1;1;1;2023-08-24
Maranhao;20230829;0;1;1;1;2023-08-29
Maranhao;20230831;0;1;1;1;2023-08-31
Maranhao;20230907;0;1;1;1;2023-09-07
Maranhao;20230916;0;1;1;1;2023-09-16
Mato Grosso;20230805;0;1;1;1;2023-08-05
Mato Grosso;20230807;0;1;1;1;2023-08-07
Mato Grosso;20230811;0;1;1;1;2023-08-11
Mato Grosso;20230824;0;2;2;2;2023-08-24
Mato Grosso;20230827;0;1;1;1;2023-08-27
Mato Grosso;20230901;0;1;1;1;2023-09-01
Mato Grosso;20230908;0;1;1;1;2023-09-08
Mato Grosso;20230911;0;1;1;1;2023-09-11
Mato Grosso;20230915;0;1;1;1;2023-09-15
Mato Grosso;20230916;0;1;2;1;2023-09-16
Mato Grosso;20230918;0;0;1;0;2023-09-18
Mato Grosso do Sul;20230806;0;1;1;1;2023-08-06
Mato Grosso do Sul;20230809;0;0;1;0;2023-08-09
Mato Grosso do Sul;20230817;0;1;1;1;2023-08-17
Mato Grosso do Sul;20230819;0;1;1;1;2023-08-19
Mato Grosso do Sul;20230820;0;1;1;1;2023-08-20
Mato Grosso do Sul;20230822;0;1;1;1;2023-08-22
Mato Grosso do Sul;20230903;0;1;2;1;2023-09-03
Mato Grosso do Sul;20230905;0;1;1;1;2023-09-05
Mato Grosso do Sul;20230909;0;1;1;1;2023-09-09
Mato Grosso do Sul;20230912;0;1;1;1;2023-09-12
Minas Gerais;20230803;0;2;2;2;2023-08-03
Minas Gerais;20230806;0;3;3;3;2023-08-06
Minas Gerais;20230810;0;5;6;6;2023-08-10
Minas Gerais;20230812;0;3;3;3;2023-08-12
Minas Gerais;20230813;0;4;4;4;2023-08-13
Minas Gerais;20230907;0;2;4;2;2023-09-07
Minas Gerais;20230910;0;3;3;3;2023-09-10
Minas Gerais;20230918;0;1;2;1;2023-09-18
Para;20230803;0;2;2;2;2023-08-03
Para;20230808;0;1;1;1;2023-08-08
Para;20230812;0;1;2;1;2023-08-12
Para;20230814;0;1;1;1;2023-08-14
Para;20230818;0;1;1;1;2023-08-18
Para;20230827;0;1;1;1;2023-08-27
Para;20230831;0;0;1;0;2023-08-31
Para;20230909;0;1;1;1;2023-09-09
Para;20230911;0;1;1;1;2023-09-11
Para;20230912;0;2;2;2;2023-09-12
Para;20230914;0;2;2;2;2023-09-14
Para;20230917;0;1;1;1;2023-09-17
Paraiba;20230803;0;1;1;1;2023-08-03
Paraiba;20230811;0;1;1;1;2023-08-11
Paraiba;20230813;0;1;1;1;2023-08-13
Paraiba;20230815;0;2;2;2;2023-08-15
Paraiba;20230816;0;2;2;2;2023-08-16
Paraiba;20230822;0;1;1;1;2023-08-22
Paraiba;20230826;0;1;1;1;2023-08-26
Paraiba;20230831;0;2;2;2;2023-08-31
Parana;20230803;0;2;3;3;2023-08-03
Parana;20230805;0;3;3;3;2023-08-05
Parana;20230808;0;1;1;1;2023-08-08
Parana;20230809;0;1;2;2;2023-08-09
Parana;20230811;0;2;3;3;2023-08-11
Parana;20230812;0;3;4;4;2023-08-12
Parana;20230813;0;1;2;2;2023-08-13
Parana;20230815;0;2;2;2;2023-08-15
Parana;20230816;0;2;2;2;2023-08-16
Parana;20230819;0;1;1;1;2023-08-19
Parana;20230820;0;1;1;1;2023-08-20
Parana;20230822;0;2;2;2;2023-08-22
Parana;20230823;0;3;3;3;2023-08-23
Parana;20230901;0;1;1;1;2023-09-01
Parana;20230906;0;1;2;1;2023-09-06
Parana;20230912;0;3;3;3;2023-09-12
Parana;20230916;0;1;1;1;2023-09-16
Parana;20230918;0;1;1;1;2023-09-18
Pernambuco;20230805;0;1;1;1;2023-08-05
Pernambuco;20230806;0;1;1;1;2023-08-06
Pernambuco;20230807;0;1;1;1;2023-08-07
Pernambuco;20230808;0;2;2;2;2023-08-08
Pernambuco;20230809;0;1;1;1;2023-08-09
Pernambuco;20230818;0;1;1;1;2023-08-18
Pernambuco;20230821;0;0;1;1;2023-08-21
Pernambuco;20230823;0;1;1;1;2023-08-23
Pernambuco;20230901;0;1;1;1;2023-09-01
Pernambuco;20230902;0;2;2;2;2023-09-02
Pernambuco;20230903;0;1;1;1;2023-09-03
Pernambuco;20230906;0;1;1;1;2023-09-06
Pernambuco;20230909;0;2;2;2;2023-09-09
Pernambuco;20230913;0;1;1;1;2023-09-13
Pernambuco;20230914;0;2;2;2;2023-09-14
Pernambuco;20230916;0;2;2;2;2023-09-16
Pernambuco;20230917;0;1;1;1;2023-09-17
Pernambuco;20230918;0;2;3;3;2023-09-18
Piaui;20230803;0;2;2;2;2023-08-03
Piaui;20230810;0;1;1;1;2023-08-10
Piaui;20230818;0;1;1;1;2023-08-18
Piaui;20230821;0;1;1;1;2023-08-21
Piaui;20230828;0;1;1;1;2023-08-28
Piaui;20230903;0;0;1;1;2023-09-03
Piaui;20230916;0;2;2;2;2023-09-16
Piaui;20230917;0;1;1;1;2023-09-17
Piaui;20230918;0;1;1;1;2023-09-18
Rio Grande do Norte;20230805;0;1;1;1;2023-08-05
Rio Grande do Norte;20230807;0;1;2;1;2023-08-07
Rio Grande do Norte;20230808;0;1;1;1;2023-08-08
Rio Grande do Norte;20230810;0;1;1;1;2023-08-10
Rio Grande do Norte;20230819;0;1;1;1;2023-08-19
Rio Grande do Norte;20230823;0;1;1;1;2023-08-23
Rio Grande do Norte;20230824;0;2;2;2;2023-08-24
Rio Grande do Norte;20230831;0;2;2;2;2023-08-31
Rio Grande do Norte;20230905;0;1;1;1;2023-09-05
Rio Grande do Norte;20230907;0;3;4;4;2023-09-07
Rio Grande do Norte;20230911;0;1;1;1;2023-09-11
Rio Grande do Norte;20230914;0;1;1;1;2023-09-14
Rio Grande do Sul;20230803;0;0;1;1;2023-08-03
Rio Grande do Sul;20230805;0;1;1;1;2023-08-05
Rio Grande do Sul;20230806;0;1;2;2;2023-08-06
Rio Grande do Sul;20230815;0;2;2;2;2023-08-15
Rio Grande do Sul;20230818;0;1;1;1;2023-08-18
Rio Grande do Sul;20230820;0;1;1;1;2023-08-20
Rio Grande do Sul;20230821;0;1;1;1;2023-08-21
Rio Grande do Sul;20230822;0;1;1;1;2023-08-22
Rio Grande do Sul;20230828;0;1;1;1;2023-08-28
Rio Grande do Sul;20230901;0;3;4;3;2023-09-01
Rio Grande do Sul;20230907;0;1;1;1;2023-09-07
Rio Grande do Sul;20230908;0;4;4;4;2023-09-08
Rio Grande do Sul;20230909;0;2;2;2;2023-09-09
Rio Grande do Sul;20230910;0;2;2;2;2023-09-10
Rio Grande do Sul;20230914;0;2;3;3;2023-09-14
Rio Grande do Sul;20230915;0;1;1;1;2023-09-15
Rio Grande do Sul;20230916;0;2;4;4;2023-09-16
Rio Grande do Sul;20230917;0;1;2;2;2023-09-17
Rio Grande do Sul;20230918;0;1;1;1;2023-09-18
Rondonia;20230813;0;1;1;1;2023-08-13
Roraima;20230809;0;1;1;1;2023-08-09
Roraima;20230909;0;1;1;1;2023-09-09
Santa Catarina;20230804;0;3;3;3;2023-08-04
Santa Catarina;20230806;0;1;1;1;2023-08-06
Santa Catarina;20230807;0;3;3;3;2023-08-07
Santa Catarina;20230808;0;0;1;0;2023-08-08
Santa Catarina;20230809;0;1;1;1;2023-08-09
Santa Catarina;20230810;0;3;3;3;2023-08-10
Santa Catarina;20230814;0;1;1;1;2023-08-14
Santa Catarina;20230821;0;2;2;2;2023-08-21
Santa Catarina;20230826;0;1;1;1;2023-08-26
Santa Catarina;20230827;0;2;2;2;2023-08-27
Santa Catarina;20230831;0;2;2;2;2023-08-31
Santa Catarina;20230902;0;1;2;2;2023-09-02
Santa Catarina;20230903;0;2;2;2;2023-09-03
Santa Catarina;20230905;0;1;1;1;2023-09-05
Santa Catarina;20230913;0;3;3;3;2023-09-13
Santa Catarina;20230914;0;2;2;2;2023-09-14
Santa Catarina;20230915;0;2;2;2;2023-09-15
Santa Catarina;20230917;0;2;2;2;2023-09-17
Sao Paulo;20230812;0;7;9;7;2023-08-12
Sao Paulo;20230814;0;1;3;2;2023-08-14
Sao Paulo;20230829;0;5;6;6;2023-08-29
Sergipe;20230805;0;1;1;1;2023-08-05
Sergipe;20230810;0;1;1;1;2023-08-10
Sergipe;20230827;0;0;1;1;2023-08-27
Sergipe;20230828;0;1;1;1;2023-08-28
Sergipe;20230829;0;1;1;1;2023-08-29
Sergipe;20230830;0;1;1;1;2023-08-30
Sergipe;20230903;0;1;1;1;2023-09-03
Sergipe;20230907;0;0;1;0;2023-09-07
Sergipe;20230915;0;0;1;1;2023-09-15
Sergipe;20230916;0;1;1;1;2023-09-16
Tocantins;20230808;0;1;1;1;2023-08-08
Tocantins;20230825;0;1;1;1;2023-08-25
Tocantins;20230831;0;1;1;1;2023-08-31
Tocantins;20230915;0;1;1;1;2023-09-15
Tocantins;20230916;0;1;1;1;2023-09-16
Styria;20230914;0;1;1;1;2023-09-14
Vienna;20230901;0;1;1;1;2023-09-01
Viken;20230909;0;1;1;1;2023-09-09
Virginia;20230909;0;6;6;6;2023-09-09
Washington;20230809;0;1;1;1;2023-08-09
Washington;20230810;0;1;1;1;2023-08-10
Washington;20230915;0;1;1;1;2023-09-15
Zurich;20230803;0;1;1;1;2023-08-03
Rio de Janeiro;20230921;43;20;63;62;2023-09-21
Rio de Janeiro;20230919;38;27;66;63;2023-09-19
Rio de Janeiro;20230920;29;25;56;52;2023-09-20
Rio de Janeiro;20230918;27;23;51;49;2023-09-18
Rio de Janeiro;20230922;23;20;42;41;2023-09-22
Rio de Janeiro;20230923;18;15;33;31;2023-09-23
Rio de Janeiro;20230924;13;11;23;23;2023-09-24
Sao Paulo;20230921;7;9;14;14;2023-09-21
Federal District;20230922;6;0;6;6;2023-09-22
Minas Gerais;20230921;5;4;9;9;2023-09-21
Sao Paulo;20230919;5;6;11;11;2023-09-19
Sao Paulo;20230924;5;10;14;14;2023-09-24
Federal District;20230920;4;2;7;6;2023-09-20
Federal District;20230923;4;1;4;4;2023-09-23
Sao Paulo;20230918;4;7;12;12;2023-09-18
Federal District;20230919;3;1;3;3;2023-09-19
Federal District;20230921;3;1;3;3;2023-09-21
Espirito Santo;20230922;3;2;5;5;2023-09-22
Sao Paulo;20230920;3;4;8;8;2023-09-20
Sao Paulo;20230922;3;4;8;8;2023-09-22
Sao Paulo;20230923;3;9;11;10;2023-09-23
Federal District;20230918;2;4;6;6;2023-09-18
Federal District;20230924;2;3;5;4;2023-09-24
Ceara;20230922;2;0;2;2;2023-09-22
Espirito Santo;20230918;2;1;2;2;2023-09-18
Espirito Santo;20230920;2;1;3;3;2023-09-20
Espirito Santo;20230921;2;0;2;2;2023-09-21
Espirito Santo;20230923;2;1;2;2;2023-09-23
Minas Gerais;20230920;2;4;7;6;2023-09-20
Minas Gerais;20230922;2;5;7;7;2023-09-22
Minas Gerais;20230923;2;4;7;7;2023-09-23
Santa Catarina;20230918;2;0;2;2;2023-09-18
Santa Catarina;20230919;2;5;8;7;2023-09-19
England;20230918;1;1;1;1;2023-09-18
England;20230921;1;1;1;1;2023-09-21
Ile-de-France;20230919;1;0;1;1;2023-09-19
Ile-de-France;20230922;1;0;1;1;2023-09-22
Ile-de-France;20230923;1;0;1;1;2023-09-23
Kyiv Oblast;20230922;1;0;1;1;2023-09-22
Kyiv Oblast;20230923;1;0;1;1;2023-09-23
Lombardy;20230921;1;0;1;1;2023-09-21
Massachusetts;20230919;1;0;1;1;2023-09-19
Massachusetts;20230923;1;0;1;1;2023-09-23
Mexico City;20230921;1;1;1;1;2023-09-21
Sardinia;20230921;1;0;1;1;2023-09-21
Alagoas;20230919;1;0;1;1;2023-09-19
Alagoas;20230920;1;1;2;2;2023-09-20
Alagoas;20230923;1;1;2;2;2023-09-23
Amazonas;20230921;1;1;2;2;2023-09-21
Bahia;20230919;1;3;4;4;2023-09-19
Bahia;20230920;1;0;1;1;2023-09-20
Bahia;20230922;1;2;3;3;2023-09-22
Espirito Santo;20230919;1;0;1;1;2023-09-19
Goias;20230919;1;3;4;4;2023-09-19
Goias;20230922;1;1;2;2;2023-09-22
Goias;20230923;1;1;1;1;2023-09-23
Maranhao;20230921;1;0;1;1;2023-09-21
Minas Gerais;20230919;1;2;3;3;2023-09-19
Minas Gerais;20230924;1;2;3;3;2023-09-24
Para;20230918;1;2;3;3;2023-09-18
Paraiba;20230918;1;1;1;1;2023-09-18
Paraiba;20230919;1;0;1;1;2023-09-19
Paraiba;20230920;1;1;2;2;2023-09-20
Paraiba;20230922;1;0;1;1;2023-09-22
Parana;20230919;1;1;2;2;2023-09-19
Parana;20230922;1;1;2;2;2023-09-22
Pernambuco;20230924;1;1;2;2;2023-09-24
Piaui;20230920;1;0;1;1;2023-09-20
Piaui;20230922;1;0;1;1;2023-09-22
Rio Grande do Norte;20230920;1;1;1;1;2023-09-20
Rio Grande do Norte;20230921;1;1;1;1;2023-09-21
Rio Grande do Sul;20230919;1;0;1;1;2023-09-19
Rio Grande do Sul;20230922;1;3;4;4;2023-09-22
(not set);20230918;0;1;1;1;2023-09-18
(not set);20230919;0;2;2;2;2023-09-19
(not set);20230923;0;1;1;1;2023-09-23
(not set);20230924;0;2;2;2;2023-09-24
Beja District;20230922;0;1;1;1;2023-09-22
Buenos Aires Province;20230919;0;1;1;1;2023-09-19
California;20230918;0;1;1;1;2023-09-18
Florida;20230918;0;1;1;1;2023-09-18
Florida;20230923;0;1;1;1;2023-09-23
Ile-de-France;20230918;0;1;1;1;2023-09-18
Lisbon;20230923;0;1;1;1;2023-09-23
Massachusetts;20230922;0;1;1;1;2023-09-22
Nouvelle-Aquitaine;20230924;0;1;1;1;2023-09-24
Acre;20230921;0;1;1;1;2023-09-21
Alagoas;20230921;0;0;1;0;2023-09-21
Amapa;20230922;0;1;1;1;2023-09-22
Amazonas;20230918;0;1;2;2;2023-09-18
Amazonas;20230919;0;0;1;1;2023-09-19
Amazonas;20230920;0;0;1;1;2023-09-20
Amazonas;20230922;0;0;1;1;2023-09-22
Amazonas;20230923;0;2;2;2;2023-09-23
Amazonas;20230924;0;1;1;1;2023-09-24
Bahia;20230918;0;3;3;3;2023-09-18
Bahia;20230921;0;1;1;1;2023-09-21
Bahia;20230923;0;1;1;1;2023-09-23
Ceara;20230918;0;1;1;1;2023-09-18
Ceara;20230919;0;1;1;1;2023-09-19
Ceara;20230921;0;2;2;2;2023-09-21
Ceara;20230923;0;1;1;1;2023-09-23
Ceara;20230924;0;2;2;2;2023-09-24
Goias;20230918;0;2;2;2;2023-09-18
Goias;20230921;0;1;1;1;2023-09-21
Maranhao;20230919;0;1;1;1;2023-09-19
Mato Grosso;20230918;0;0;1;0;2023-09-18
Mato Grosso;20230919;0;0;1;0;2023-09-19
Mato Grosso;20230920;0;1;1;1;2023-09-20
Mato Grosso;20230921;0;0;1;0;2023-09-21
Mato Grosso;20230924;0;0;1;0;2023-09-24
Mato Grosso do Sul;20230920;0;1;1;1;2023-09-20
Minas Gerais;20230918;0;1;2;1;2023-09-18
Para;20230919;0;3;3;3;2023-09-19
Para;20230920;0;1;1;1;2023-09-20
Paraiba;20230921;0;1;1;1;2023-09-21
Paraiba;20230924;0;0;1;0;2023-09-24
Parana;20230918;0;1;1;1;2023-09-18
Parana;20230920;0;3;3;3;2023-09-20
Parana;20230921;0;1;1;1;2023-09-21
Parana;20230923;0;2;2;2;2023-09-23
Parana;20230924;0;3;3;3;2023-09-24
Pernambuco;20230918;0;2;3;3;2023-09-18
Pernambuco;20230919;0;1;1;1;2023-09-19
Pernambuco;20230922;0;1;1;1;2023-09-22
Piaui;20230918;0;1;1;1;2023-09-18
Rio Grande do Sul;20230918;0;1;1;1;2023-09-18
Rio Grande do Sul;20230920;0;1;3;2;2023-09-20
Rio Grande do Sul;20230924;0;2;2;2;2023-09-24
Santa Catarina;20230920;0;3;3;3;2023-09-20
Santa Catarina;20230921;0;2;2;2;2023-09-21
Santa Catarina;20230922;0;2;3;2;2023-09-22
Santa Catarina;20230923;0;2;2;2;2023-09-23
Santa Catarina;20230924;0;2;2;2;2023-09-24
Sergipe;20230919;0;2;2;2;2023-09-19
Sergipe;20230920;0;0;1;0;2023-09-20
Texas;20230919;0;1;1;1;2023-09-19
Texas;20230921;0;1;1;1;2023-09-21
Tokyo;20230919;0;2;2;2;2023-09-19
Tokyo;20230920;0;1;1;1;2023-09-20
Vestland;20230919;0;1;1;1;2023-09-19
Rio de Janeiro;20230928;51;30;77;75;2023-09-28
Rio de Janeiro;20230929;33;18;54;51;2023-09-29
Rio de Janeiro;20230926;32;20;53;52;2023-09-26
Rio de Janeiro;20230927;31;28;61;58;2023-09-27
Rio de Janeiro;20230925;29;24;50;48;2023-09-25
Rio de Janeiro;20230930;27;19;47;44;2023-09-30
Rio de Janeiro;20231001;20;16;37;33;2023-10-01
Federal District;20230927;6;2;8;8;2023-09-27
Federal District;20230928;6;1;7;7;2023-09-28
Rio de Janeiro;20231002;5;2;7;7;2023-10-02
Sao Paulo;20230926;5;7;12;12;2023-09-26
Sao Paulo;20230927;5;20;25;25;2023-09-27
Sao Paulo;20230928;5;9;15;14;2023-09-28
Sao Paulo;20230930;5;10;14;14;2023-09-30
Federal District;20230926;4;5;9;9;2023-09-26
Federal District;20230930;4;0;4;4;2023-09-30
Espirito Santo;20230930;4;1;5;5;2023-09-30
Alagoas;20230928;3;0;3;3;2023-09-28
Alagoas;20230930;3;0;3;3;2023-09-30
Minas Gerais;20230925;3;1;4;4;2023-09-25
Minas Gerais;20230928;3;4;7;7;2023-09-28
Minas Gerais;20231001;3;1;4;4;2023-10-01
Sao Paulo;20230925;3;7;10;10;2023-09-25
Sao Paulo;20230929;3;6;10;9;2023-09-29
Sao Paulo;20231001;3;7;10;10;2023-10-01
Federal District;20230925;2;2;4;4;2023-09-25
Federal District;20230929;2;1;5;3;2023-09-29
Espirito Santo;20230927;2;5;6;6;2023-09-27
Espirito Santo;20230929;2;4;6;6;2023-09-29
Goias;20230928;2;0;2;2;2023-09-28
Minas Gerais;20230927;2;9;12;12;2023-09-27
Minas Gerais;20230929;2;0;3;3;2023-09-29
Minas Gerais;20230930;2;2;4;4;2023-09-30
Georgia;20230926;1;0;1;1;2023-09-26
Ile-de-France;20230926;1;0;1;1;2023-09-26
Kyiv Oblast;20230926;1;0;1;1;2023-09-26
Lisbon;20230928;1;0;1;1;2023-09-28
Massachusetts;20230929;1;0;1;1;2023-09-29
Mexico City;20230926;1;0;1;1;2023-09-26
Nouvelle-Aquitaine;20230926;1;1;1;1;2023-09-26
Ontario;20230930;1;0;1;1;2023-09-30
Acre;20230927;1;1;1;1;2023-09-27
Acre;20230929;1;0;1;1;2023-09-29
Alagoas;20230925;1;0;1;1;2023-09-25
Alagoas;20230926;1;0;1;1;2023-09-26
Alagoas;20230927;1;1;2;2;2023-09-27
Alagoas;20230929;1;0;1;1;2023-09-29
Ceara;20230926;1;3;4;3;2023-09-26
Ceara;20230928;1;1;2;2;2023-09-28
Espirito Santo;20230925;1;3;3;3;2023-09-25
Espirito Santo;20230926;1;1;2;2;2023-09-26
Espirito Santo;20230928;1;0;1;1;2023-09-28
Espirito Santo;20231001;1;1;2;2;2023-10-01
Goias;20230927;1;1;3;3;2023-09-27
Goias;20230929;1;3;5;4;2023-09-29
Goias;20230930;1;2;4;3;2023-09-30
Goias;20231001;1;1;2;2;2023-10-01
Mato Grosso;20230926;1;1;1;1;2023-09-26
Mato Grosso do Sul;20230927;1;0;1;1;2023-09-27
Mato Grosso do Sul;20230928;1;0;1;1;2023-09-28
Minas Gerais;20230926;1;1;2;2;2023-09-26
Para;20230927;1;3;4;4;2023-09-27
Para;20230929;1;1;2;2;2023-09-29
Para;20231001;1;1;2;2;2023-10-01
Paraiba;20230927;1;0;2;1;2023-09-27
Parana;20231001;1;0;1;1;2023-10-01
Piaui;20231001;1;0;1;1;2023-10-01
Rio Grande do Norte;20230927;1;1;2;2;2023-09-27
Rio Grande do Norte;20230928;1;1;2;2;2023-09-28
Rio Grande do Sul;20230926;1;0;2;2;2023-09-26
Rio Grande do Sul;20230927;1;6;7;7;2023-09-27
Rio Grande do Sul;20231001;1;2;3;3;2023-10-01
Rio Grande do Sul;20231002;1;0;1;1;2023-10-02
Santa Catarina;20230925;1;2;2;2;2023-09-25
Santa Catarina;20230927;1;1;2;2;2023-09-27
Texas;20230926;1;1;1;1;2023-09-26
Ulyanovsk Oblast;20230930;1;0;1;1;2023-09-30
Ulyanovsk Oblast;20231001;1;0;1;1;2023-10-01
(not set);20230926;0;1;1;1;2023-09-26
(not set);20230930;0;5;5;5;2023-09-30
Buenos Aires;20230925;0;1;1;1;2023-09-25
Buenos Aires;20230926;0;1;1;1;2023-09-26
Buenos Aires Province;20230930;0;1;1;1;2023-09-30
Campania;20230928;0;1;1;1;2023-09-28
Cordoba;20230927;0;1;1;1;2023-09-27
Federal District;20231001;0;1;1;1;2023-10-01
Galicia;20230926;0;1;1;1;2023-09-26
Michigan;20230929;0;0;1;1;2023-09-29
New York;20230930;0;1;1;1;2023-09-30
North Denmark Region;20230929;0;1;1;1;2023-09-29
North Sumatra;20230927;0;1;1;1;2023-09-27
North Sumatra;20230930;0;0;1;1;2023-09-30
Ohio;20230925;0;1;1;1;2023-09-25
Porto District;20230925;0;1;1;1;2023-09-25
Quebec;20230930;0;1;1;1;2023-09-30
Sardinia;20230928;0;1;1;1;2023-09-28
Setubal;20230927;0;1;1;1;2023-09-27
Setubal;20230929;0;1;1;1;2023-09-29
Amapa;20230927;0;1;1;1;2023-09-27
Amazonas;20230925;0;1;1;1;2023-09-25
Amazonas;20230926;0;1;2;2;2023-09-26
Amazonas;20230927;0;2;2;2;2023-09-27
Amazonas;20230929;0;1;1;1;2023-09-29
Amazonas;20231001;0;2;2;2;2023-10-01
Bahia;20230926;0;1;1;1;2023-09-26
Bahia;20230927;0;4;4;4;2023-09-27
Bahia;20230930;0;3;3;3;2023-09-30
Bahia;20231001;0;1;1;1;2023-10-01
Ceara;20230927;0;1;1;1;2023-09-27
Ceara;20230929;0;1;1;1;2023-09-29
Ceara;20230930;0;1;1;1;2023-09-30
Ceara;20231001;0;3;3;3;2023-10-01
Goias;20230926;0;1;1;1;2023-09-26
Maranhao;20230926;0;1;1;1;2023-09-26
Maranhao;20230927;0;0;1;0;2023-09-27
Mato Grosso;20230927;0;1;1;1;2023-09-27
Mato Grosso;20230928;0;1;1;1;2023-09-28
Mato Grosso;20230930;0;2;2;2;2023-09-30
Mato Grosso;20231001;0;2;2;2;2023-10-01
Para;20230925;0;0;1;1;2023-09-25
Para;20230928;0;2;2;2;2023-09-28
Paraiba;20231001;0;1;1;1;2023-10-01
Parana;20230925;0;0;1;1;2023-09-25
Parana;20230926;0;0;1;1;2023-09-26
Parana;20230927;0;1;1;1;2023-09-27
Parana;20230928;0;2;3;2;2023-09-28
Parana;20230929;0;1;1;1;2023-09-29
Pernambuco;20230926;0;1;1;1;2023-09-26
Pernambuco;20230928;0;1;1;1;2023-09-28
Pernambuco;20230930;0;1;2;2;2023-09-30
Pernambuco;20231001;0;1;1;1;2023-10-01
Rio Grande do Sul;20230925;0;1;1;1;2023-09-25
Rio Grande do Sul;20230928;0;3;3;3;2023-09-28
Rio Grande do Sul;20230929;0;4;4;4;2023-09-29
Rio Grande do Sul;20230930;0;3;4;3;2023-09-30
Rondonia;20230927;0;1;1;1;2023-09-27
Santa Catarina;20230926;0;1;1;1;2023-09-26
Santa Catarina;20230928;0;3;3;3;2023-09-28
Santa Catarina;20230929;0;2;2;2;2023-09-29
Santa Catarina;20231001;0;1;1;1;2023-10-01
Sao Paulo;20231002;0;1;1;0;2023-10-02
Tocantins;20230927;0;0;1;1;2023-09-27
Texas;20231001;0;1;1;1;2023-10-01
Vila Real District;20230927;0;1;1;1;2023-09-27
Washington;20230927;0;1;1;1;2023-09-27
West Virginia;20230929;0;1;1;1;2023-09-29
Rio de Janeiro;20231005;52;38;86;85;2023-10-05
Rio de Janeiro;20231006;42;35;72;71;2023-10-06
Rio de Janeiro;20231008;29;27;55;54;2023-10-08
Rio de Janeiro;20231003;28;16;43;42;2023-10-03
Rio de Janeiro;20231007;27;23;51;47;2023-10-07
Rio de Janeiro;20231002;23;19;43;42;2023-10-02
Rio de Janeiro;20231004;18;27;47;43;2023-10-04
Minas Gerais;20231005;8;12;19;19;2023-10-05
Federal District;20231006;6;3;8;8;2023-10-06
Federal District;20231005;4;4;8;8;2023-10-05
Sao Paulo;20231002;4;10;15;14;2023-10-02
Sao Paulo;20231006;4;7;10;10;2023-10-06
Sao Paulo;20231008;4;6;10;9;2023-10-08
Federal District;20231003;3;0;3;3;2023-10-03
Federal District;20231004;3;3;6;5;2023-10-04
Espirito Santo;20231002;3;2;5;5;2023-10-02
Espirito Santo;20231004;3;4;7;7;2023-10-04
Minas Gerais;20231006;3;3;6;6;2023-10-06
Minas Gerais;20231008;3;3;5;5;2023-10-08
Rio Grande do Sul;20231005;3;4;7;7;2023-10-05
Rio Grande do Sul;20231006;3;2;4;4;2023-10-06
Sao Paulo;20231003;3;11;14;14;2023-10-03
Sao Paulo;20231005;3;14;20;19;2023-10-05
Sao Paulo;20231007;3;3;9;8;2023-10-07
Bahia;20231005;2;2;4;4;2023-10-05
Ceara;20231003;2;1;2;2;2023-10-03
Espirito Santo;20231005;2;3;4;4;2023-10-05
Espirito Santo;20231007;2;3;5;5;2023-10-07
Rio Grande do Sul;20231002;2;2;5;4;2023-10-02
Rio Grande do Sul;20231003;2;1;3;3;2023-10-03
Rio Grande do Sul;20231004;2;5;7;7;2023-10-04
Sao Paulo;20231004;2;17;19;19;2023-10-04
(not set);20231006;1;0;1;1;2023-10-06
(not set);20231008;1;1;2;1;2023-10-08
Bavaria;20231008;1;0;1;1;2023-10-08
Federal District;20231002;1;3;5;4;2023-10-02
Federal District;20231007;1;3;4;4;2023-10-07
Federal District;20231008;1;0;2;1;2023-10-08
Kyiv Oblast;20231003;1;1;1;1;2023-10-03
Massachusetts;20231005;1;0;1;1;2023-10-05
Massachusetts;20231006;1;0;1;1;2023-10-06
Ontario;20231003;1;0;1;1;2023-10-03
Porto District;20231004;1;0;1;1;2023-10-04
Region of Murcia;20231006;1;0;1;1;2023-10-06
Region of Murcia;20231008;1;0;1;1;2023-10-08
Alagoas;20231005;1;0;1;1;2023-10-05
Alagoas;20231007;1;0;1;1;2023-10-07
Alagoas;20231008;1;0;1;1;2023-10-08
Amazonas;20231005;1;0;1;1;2023-10-05
Bahia;20231002;1;0;1;1;2023-10-02
Bahia;20231003;1;1;2;2;2023-10-03
Bahia;20231006;1;1;1;1;2023-10-06
Bahia;20231008;1;1;2;2;2023-10-08
Ceara;20231002;1;0;1;1;2023-10-02
Ceara;20231004;1;5;6;6;2023-10-04
Ceara;20231005;1;2;3;3;2023-10-05
Ceara;20231006;1;2;4;4;2023-10-06
Espirito Santo;20231003;1;3;3;3;2023-10-03
Espirito Santo;20231008;1;4;5;5;2023-10-08
Goias;20231003;1;0;1;1;2023-10-03
Goias;20231004;1;2;3;3;2023-10-04
Goias;20231005;1;0;2;2;2023-10-05
Mato Grosso do Sul;20231007;1;0;1;1;2023-10-07
Mato Grosso do Sul;20231008;1;0;1;1;2023-10-08
Minas Gerais;20231002;1;2;3;3;2023-10-02
Minas Gerais;20231003;1;2;3;3;2023-10-03
Para;20231005;1;0;1;1;2023-10-05
Para;20231006;1;2;3;3;2023-10-06
Para;20231008;1;0;1;1;2023-10-08
Paraiba;20231003;1;0;1;1;2023-10-03
Parana;20231002;1;1;2;2;2023-10-02
Parana;20231003;1;1;2;2;2023-10-03
Parana;20231005;1;0;1;1;2023-10-05
Parana;20231008;1;3;4;4;2023-10-08
Pernambuco;20231007;1;0;1;1;2023-10-07
Piaui;20231004;1;0;1;1;2023-10-04
Rio Grande do Norte;20231003;1;1;2;2;2023-10-03
Rio Grande do Norte;20231004;1;1;2;2;2023-10-04
Rio Grande do Norte;20231005;1;2;3;3;2023-10-05
Rio Grande do Norte;20231008;1;2;3;3;2023-10-08
Rio Grande do Sul;20231008;1;4;5;5;2023-10-08
Santa Catarina;20231004;1;0;1;1;2023-10-04
(not set);20231003;0;1;1;1;2023-10-03
(not set);20231005;0;1;1;1;2023-10-05
(not set);20231007;0;1;1;1;2023-10-07
Buenos Aires;20231006;0;1;1;1;2023-10-06
California;20231008;0;1;1;1;2023-10-08
England;20231002;0;1;1;1;2023-10-02
England;20231005;0;1;1;1;2023-10-05
Faro District;20231007;0;1;1;1;2023-10-07
Federal Territory of Kuala Lumpur;20231006;0;1;1;1;2023-10-06
Lombardy;20231007;0;1;1;1;2023-10-07
Lower Silesian Voivodeship;20231007;0;1;1;1;2023-10-07
Massachusetts;20231007;0;0;1;0;2023-10-07
New Brunswick;20231004;0;1;1;1;2023-10-04
New York;20231007;0;1;1;1;2023-10-07
Porto District;20231005;0;1;1;1;2023-10-05
Region of Murcia;20231005;0;1;1;1;2023-10-05
Setubal;20231005;0;1;1;1;2023-10-05
Amazonas;20231002;0;3;4;4;2023-10-02
Amazonas;20231003;0;5;6;6;2023-10-03
Amazonas;20231004;0;0;1;1;2023-10-04
Amazonas;20231006;0;2;3;3;2023-10-06
Amazonas;20231007;0;3;3;3;2023-10-07
Amazonas;20231008;0;1;1;1;2023-10-08
Bahia;20231004;0;2;2;2;2023-10-04
Bahia;20231007;0;1;1;1;2023-10-07
Espirito Santo;20231006;0;0;1;1;2023-10-06
Goias;20231002;0;0;1;0;2023-10-02
Goias;20231008;0;2;2;2;2023-10-08
Maranhao;20231002;0;1;1;1;2023-10-02
Maranhao;20231005;0;1;1;1;2023-10-05
Maranhao;20231008;0;2;2;2;2023-10-08
Mato Grosso;20231007;0;1;1;1;2023-10-07
Mato Grosso;20231008;0;1;1;1;2023-10-08
Minas Gerais;20231004;0;6;6;6;2023-10-04
Minas Gerais;20231007;0;8;9;9;2023-10-07
Para;20231003;0;1;1;1;2023-10-03
Para;20231007;0;1;1;1;2023-10-07
Paraiba;20231002;0;0;1;0;2023-10-02
Paraiba;20231004;0;1;2;1;2023-10-04
Paraiba;20231005;0;1;1;1;2023-10-05
Paraiba;20231006;0;0;1;0;2023-10-06
Paraiba;20231007;0;3;3;3;2023-10-07
Parana;20231006;0;4;5;5;2023-10-06
Parana;20231007;0;2;2;2;2023-10-07
Pernambuco;20231003;0;1;2;1;2023-10-03
Pernambuco;20231004;0;1;1;1;2023-10-04
Pernambuco;20231006;0;1;2;1;2023-10-06
Pernambuco;20231008;0;2;2;2;2023-10-08
Piaui;20231005;0;1;1;1;2023-10-05
Piaui;20231006;0;1;1;1;2023-10-06
Rio Grande do Norte;20231002;0;1;1;1;2023-10-02
Rio Grande do Norte;20231007;0;1;1;1;2023-10-07
Rio Grande do Sul;20231007;0;2;2;2;2023-10-07
Rondonia;20231002;0;1;1;1;2023-10-02
Santa Catarina;20231003;0;1;1;1;2023-10-03
Santa Catarina;20231005;0;2;2;2;2023-10-05
Santa Catarina;20231006;0;3;3;3;2023-10-06
Santa Catarina;20231007;0;0;1;1;2023-10-07
Santa Catarina;20231008;0;1;1;1;2023-10-08
Sergipe;20231003;0;1;1;1;2023-10-03
Sergipe;20231007;0;1;1;1;2023-10-07
Tocantins;20231003;0;1;1;1;2023-10-03
Tamil Nadu;20231004;0;1;1;1;2023-10-04
