Cidade;Data;Usuarios;Novos usuarios;Total;DT
Rio de Janeiro;20230810;70;50;120;2023-08-10
Rio de Janeiro;20230915;69;30;99;2023-09-15
Rio de Janeiro;20230901;65;27;92;2023-09-01
Rio de Janeiro;20230809;60;38;98;2023-08-09
Rio de Janeiro;20230826;59;33;92;2023-08-26
Rio de Janeiro;20230808;50;34;84;2023-08-08
Rio de Janeiro;20230823;50;25;75;2023-08-23
Rio de Janeiro;20230825;50;21;71;2023-08-25
Rio de Janeiro;20230807;49;30;79;2023-08-07
Rio de Janeiro;20230820;46;23;69;2023-08-20
Rio de Janeiro;20230830;46;22;68;2023-08-30
Rio de Janeiro;20230831;46;23;69;2023-08-31
Rio de Janeiro;20230813;45;29;74;2023-08-13
Rio de Janeiro;20230806;44;30;74;2023-08-06
Rio de Janeiro;20230914;44;15;59;2023-09-14
Rio de Janeiro;20230819;43;21;64;2023-08-19
Rio de Janeiro;20230916;43;28;71;2023-09-16
Rio de Janeiro;20230824;41;24;65;2023-08-24
Rio de Janeiro;20230811;40;19;59;2023-08-11
Rio de Janeiro;20230827;39;19;58;2023-08-27
Rio de Janeiro;20230918;38;19;57;2023-09-18
Rio de Janeiro;20230805;37;31;68;2023-08-05
Rio de Janeiro;20230903;37;17;54;2023-09-03
Rio de Janeiro;20230913;37;17;54;2023-09-13
Rio de Janeiro;20230804;36;25;61;2023-08-04
Rio de Janeiro;20230905;36;16;52;2023-09-05
Rio de Janeiro;20230906;36;21;57;2023-09-06
Rio de Janeiro;20230812;35;18;53;2023-08-12
Rio de Janeiro;20230828;35;14;49;2023-08-28
Rio de Janeiro;20230912;35;19;54;2023-09-12
Rio de Janeiro;20230814;34;13;47;2023-08-14
Rio de Janeiro;20230821;34;13;47;2023-08-21
Rio de Janeiro;20230907;34;18;52;2023-09-07
Rio de Janeiro;20230822;33;17;50;2023-08-22
Rio de Janeiro;20230818;32;10;42;2023-08-18
Rio de Janeiro;20230902;31;11;42;2023-09-02
Rio de Janeiro;20230815;30;17;47;2023-08-15
Rio de Janeiro;20230817;30;13;43;2023-08-17
Rio de Janeiro;20230829;30;13;43;2023-08-29
Rio de Janeiro;20230904;30;14;44;2023-09-04
Rio de Janeiro;20230911;29;8;37;2023-09-11
Rio de Janeiro;20230908;28;14;42;2023-09-08
Rio de Janeiro;20230917;27;12;39;2023-09-17
Rio de Janeiro;20230816;25;11;36;2023-08-16
Rio de Janeiro;20230803;21;15;36;2023-08-03
Sao Paulo;20230831;20;16;36;2023-08-31
Sao Paulo;20230916;19;17;36;2023-09-16
Rio de Janeiro;20230910;16;9;25;2023-09-10
Sao Paulo;20230825;15;8;23;2023-08-25
Sao Paulo;20230903;15;13;28;2023-09-03
Rio de Janeiro;20230909;14;8;22;2023-09-09
Sao Paulo;20230915;14;13;27;2023-09-15
(not set);20230805;13;11;24;2023-08-05
Sao Paulo;20230811;13;9;22;2023-08-11
Sao Paulo;20230822;13;12;25;2023-08-22
Sao Paulo;20230824;13;12;25;2023-08-24
(not set);20230807;12;7;19;2023-08-07
(not set);20230916;12;10;22;2023-09-16
Sao Paulo;20230808;12;10;22;2023-08-08
(not set);20230826;11;8;19;2023-08-26
(not set);20230831;11;9;20;2023-08-31
Sao Paulo;20230810;11;4;15;2023-08-10
(not set);20230808;10;6;16;2023-08-08
Niteroi;20230915;10;4;14;2023-09-15
Sao Paulo;20230805;10;8;18;2023-08-05
Sao Paulo;20230809;10;7;17;2023-08-09
Sao Paulo;20230818;10;7;17;2023-08-18
Sao Paulo;20230820;10;9;19;2023-08-20
Sao Paulo;20230826;10;8;18;2023-08-26
Sao Paulo;20230901;10;8;18;2023-09-01
(not set);20230809;9;6;15;2023-08-09
(not set);20230812;9;8;17;2023-08-12
(not set);20230915;9;9;18;2023-09-15
Brasilia;20230828;9;3;12;2023-08-28
Sao Paulo;20230806;9;7;16;2023-08-06
Sao Paulo;20230911;9;6;15;2023-09-11
Sao Paulo;20230917;9;7;16;2023-09-17
(not set);20230806;8;6;14;2023-08-06
(not set);20230813;8;5;13;2023-08-13
(not set);20230907;8;6;14;2023-09-07
Brasilia;20230810;8;7;15;2023-08-10
Brasilia;20230904;8;3;11;2023-09-04
Brasilia;20230915;8;5;13;2023-09-15
Sao Paulo;20230804;8;7;15;2023-08-04
Sao Paulo;20230828;8;5;13;2023-08-28
Sao Paulo;20230905;8;6;14;2023-09-05
Sao Paulo;20230914;8;6;14;2023-09-14
(not set);20230819;7;5;12;2023-08-19
(not set);20230824;7;7;14;2023-08-24
(not set);20230827;7;5;12;2023-08-27
(not set);20230903;7;5;12;2023-09-03
(not set);20230913;7;6;13;2023-09-13
(not set);20230917;7;5;12;2023-09-17
Brasilia;20230808;7;6;13;2023-08-08
Brasilia;20230831;7;3;10;2023-08-31
Brasilia;20230901;7;2;9;2023-09-01
Brasilia;20230914;7;4;11;2023-09-14
Niteroi;20230901;7;4;11;2023-09-01
Niteroi;20230916;7;3;10;2023-09-16
Sao Paulo;20230823;7;6;13;2023-08-23
Sao Paulo;20230827;7;2;9;2023-08-27
Sao Paulo;20230902;7;3;10;2023-09-02
(not set);20230810;6;3;9;2023-08-10
(not set);20230820;6;4;10;2023-08-20
(not set);20230825;6;5;11;2023-08-25
(not set);20230828;6;2;8;2023-08-28
(not set);20230901;6;4;10;2023-09-01
(not set);20230902;6;4;10;2023-09-02
(not set);20230912;6;5;11;2023-09-12
Ashburn;20230909;6;6;12;2023-09-09
Brasilia;20230807;6;5;11;2023-08-07
Brasilia;20230809;6;3;9;2023-08-09
Brasilia;20230820;6;4;10;2023-08-20
Brasilia;20230821;6;1;7;2023-08-21
Brasilia;20230822;6;4;10;2023-08-22
Brasilia;20230823;6;4;10;2023-08-23
Brasilia;20230824;6;4;10;2023-08-24
Brasilia;20230825;6;3;9;2023-08-25
Brasilia;20230902;6;1;7;2023-09-02
Brasilia;20230905;6;2;8;2023-09-05
Brasilia;20230906;6;1;7;2023-09-06
Brasilia;20230912;6;2;8;2023-09-12
Brasilia;20230918;6;4;10;2023-09-18
Goiania;20230831;6;3;9;2023-08-31
Juiz de Fora;20230831;6;5;11;2023-08-31
Niteroi;20230824;6;2;8;2023-08-24
Niteroi;20230825;6;3;9;2023-08-25
Niteroi;20230903;6;1;7;2023-09-03
Sao Paulo;20230815;6;5;11;2023-08-15
Sao Paulo;20230816;6;3;9;2023-08-16
Sao Paulo;20230830;6;5;11;2023-08-30
Sao Paulo;20230918;6;5;11;2023-09-18
(not set);20230815;5;5;10;2023-08-15
(not set);20230905;5;4;9;2023-09-05
(not set);20230906;5;3;8;2023-09-06
(not set);20230909;5;3;8;2023-09-09
(not set);20230918;5;4;9;2023-09-18
Brasilia;20230813;5;4;9;2023-08-13
Brasilia;20230819;5;5;10;2023-08-19
Brasilia;20230826;5;1;6;2023-08-26
Brasilia;20230903;5;1;6;2023-09-03
Brasilia;20230911;5;2;7;2023-09-11
Niteroi;20230808;5;3;8;2023-08-08
Niteroi;20230816;5;4;9;2023-08-16
Niteroi;20230821;5;4;9;2023-08-21
Sao Paulo;20230803;5;5;10;2023-08-03
Sao Paulo;20230829;5;4;9;2023-08-29
Sao Paulo;20230906;5;5;10;2023-09-06
Sao Paulo;20230908;5;4;9;2023-09-08
Sao Paulo;20230910;5;4;9;2023-09-10
Sao Paulo;20230912;5;4;9;2023-09-12
(not set);20230814;4;3;7;2023-08-14
(not set);20230816;4;3;7;2023-08-16
(not set);20230829;4;3;7;2023-08-29
(not set);20230904;4;2;6;2023-09-04
(not set);20230908;4;4;8;2023-09-08
(not set);20230910;4;4;8;2023-09-10
(not set);20230911;4;3;7;2023-09-11
(not set);20230914;4;4;8;2023-09-14
Belem;20230908;4;3;7;2023-09-08
Brasilia;20230806;4;4;8;2023-08-06
Brasilia;20230811;4;2;6;2023-08-11
Brasilia;20230815;4;2;6;2023-08-15
Brasilia;20230827;4;1;5;2023-08-27
Brasilia;20230829;4;3;7;2023-08-29
Brasilia;20230830;4;2;6;2023-08-30
Curitiba;20230830;4;3;7;2023-08-30
Fortaleza;20230810;4;3;7;2023-08-10
Fortaleza;20230831;4;3;7;2023-08-31
Juiz de Fora;20230827;4;3;7;2023-08-27
Juiz de Fora;20230828;4;0;4;2023-08-28
Niteroi;20230803;4;4;8;2023-08-03
Niteroi;20230806;4;2;6;2023-08-06
Niteroi;20230809;4;1;5;2023-08-09
Niteroi;20230811;4;2;6;2023-08-11
Niteroi;20230813;4;4;8;2023-08-13
Niteroi;20230904;4;0;4;2023-09-04
Niteroi;20230908;4;2;6;2023-09-08
Niteroi;20230913;4;1;5;2023-09-13
Niteroi;20230914;4;2;6;2023-09-14
Salvador;20230829;4;2;6;2023-08-29
Sao Goncalo;20230907;4;2;6;2023-09-07
Sao Goncalo;20230910;4;1;5;2023-09-10
Sao Paulo;20230812;4;4;8;2023-08-12
Sao Paulo;20230817;4;3;7;2023-08-17
Sao Paulo;20230819;4;2;6;2023-08-19
Sao Paulo;20230913;4;4;8;2023-09-13
(not set);20230811;3;3;6;2023-08-11
(not set);20230817;3;3;6;2023-08-17
(not set);20230822;3;2;5;2023-08-22
(not set);20230823;3;2;5;2023-08-23
(not set);20230830;3;2;5;2023-08-30
Belem;20230918;3;2;5;2023-09-18
Belo Horizonte;20230808;3;3;6;2023-08-08
Belo Horizonte;20230813;3;3;6;2023-08-13
Brasilia;20230804;3;3;6;2023-08-04
Brasilia;20230814;3;2;5;2023-08-14
Brasilia;20230816;3;0;3;2023-08-16
Brasilia;20230817;3;3;6;2023-08-17
Brasilia;20230818;3;3;6;2023-08-18
Brasilia;20230907;3;1;4;2023-09-07
Brasilia;20230908;3;0;3;2023-09-08
Campinas;20230824;3;2;5;2023-08-24
Curitiba;20230821;3;2;5;2023-08-21
Curitiba;20230829;3;2;5;2023-08-29
Curitiba;20230831;3;2;5;2023-08-31
Duque de Caxias;20230827;3;2;5;2023-08-27
Duque de Caxias;20230831;3;1;4;2023-08-31
Fortaleza;20230811;3;1;4;2023-08-11
Fortaleza;20230903;3;1;4;2023-09-03
Goiania;20230819;3;3;6;2023-08-19
Juiz de Fora;20230809;3;1;4;2023-08-09
Juiz de Fora;20230820;3;0;3;2023-08-20
Juiz de Fora;20230824;3;1;4;2023-08-24
Manaus;20230831;3;2;5;2023-08-31
Manaus;20230912;3;1;4;2023-09-12
Marica;20230813;3;3;6;2023-08-13
Niteroi;20230804;3;3;6;2023-08-04
Niteroi;20230805;3;3;6;2023-08-05
Niteroi;20230807;3;1;4;2023-08-07
Niteroi;20230817;3;1;4;2023-08-17
Niteroi;20230818;3;2;5;2023-08-18
Niteroi;20230819;3;3;6;2023-08-19
Niteroi;20230820;3;0;3;2023-08-20
Niteroi;20230826;3;1;4;2023-08-26
Niteroi;20230829;3;0;3;2023-08-29
Niteroi;20230830;3;1;4;2023-08-30
Niteroi;20230831;3;1;4;2023-08-31
Niteroi;20230906;3;1;4;2023-09-06
Niteroi;20230912;3;3;6;2023-09-12
Niteroi;20230918;3;0;3;2023-09-18
Nova Friburgo;20230823;3;2;5;2023-08-23
Nova Iguacu;20230825;3;2;5;2023-08-25
Nova Iguacu;20230830;3;2;5;2023-08-30
Nova Iguacu;20230915;3;2;5;2023-09-15
Petropolis;20230828;3;2;5;2023-08-28
Petropolis;20230918;3;0;3;2023-09-18
Recife;20230918;3;2;5;2023-09-18
Salvador;20230804;3;3;6;2023-08-04
Salvador;20230824;3;2;5;2023-08-24
Salvador;20230906;3;1;4;2023-09-06
Salvador;20230915;3;1;4;2023-09-15
Sao Goncalo;20230820;3;3;6;2023-08-20
Sao Goncalo;20230824;3;1;4;2023-08-24
Sao Goncalo;20230825;3;2;5;2023-08-25
Sao Goncalo;20230906;3;2;5;2023-09-06
Sao Goncalo;20230912;3;2;5;2023-09-12
Sao Goncalo;20230914;3;1;4;2023-09-14
Sao Joao de Meriti;20230821;3;3;6;2023-08-21
Sao Paulo;20230807;3;1;4;2023-08-07
Sao Paulo;20230821;3;2;5;2023-08-21
Vila Velha;20230916;3;2;5;2023-09-16
(not set);20230803;2;1;3;2023-08-03
(not set);20230818;2;2;4;2023-08-18
Araraquara;20230904;2;1;3;2023-09-04
Araruama;20230916;2;2;4;2023-09-16
Areal;20230903;2;2;4;2023-09-03
Barbacena;20230819;2;2;4;2023-08-19
Belem;20230805;2;2;4;2023-08-05
Belem;20230807;2;1;3;2023-08-07
Belem;20230901;2;1;3;2023-09-01
Belem;20230912;2;2;4;2023-09-12
Belem;20230914;2;2;4;2023-09-14
Belem;20230915;2;1;3;2023-09-15
Belem;20230916;2;1;3;2023-09-16
Belford Roxo;20230831;2;2;4;2023-08-31
Belo Horizonte;20230804;2;1;3;2023-08-04
Belo Horizonte;20230819;2;2;4;2023-08-19
Belo Horizonte;20230820;2;1;3;2023-08-20
Belo Horizonte;20230823;2;1;3;2023-08-23
Belo Horizonte;20230825;2;2;4;2023-08-25
Belo Horizonte;20230826;2;1;3;2023-08-26
Belo Horizonte;20230901;2;2;4;2023-09-01
Belo Horizonte;20230904;2;1;3;2023-09-04
Belo Horizonte;20230905;2;2;4;2023-09-05
Belo Horizonte;20230914;2;1;3;2023-09-14
Blumenau;20230822;2;2;4;2023-08-22
Brasilia;20230803;2;2;4;2023-08-03
Brasilia;20230812;2;0;2;2023-08-12
Brasilia;20230909;2;1;3;2023-09-09
Brasilia;20230910;2;0;2;2023-09-10
Brasilia;20230913;2;1;3;2023-09-13
Cabo Frio;20230825;2;2;4;2023-08-25
Cabo Frio;20230903;2;1;3;2023-09-03
Campinas;20230812;2;2;4;2023-08-12
Campinas;20230905;2;1;3;2023-09-05
Campo Grande;20230908;2;0;2;2023-09-08
Campo Grande;20230916;2;1;3;2023-09-16
Campos dos Goytacazes;20230803;2;2;4;2023-08-03
Columbus;20230824;2;2;4;2023-08-24
Cuiaba;20230824;2;2;4;2023-08-24
Curitiba;20230803;2;2;4;2023-08-03
Curitiba;20230807;2;1;3;2023-08-07
Curitiba;20230812;2;2;4;2023-08-12
Curitiba;20230816;2;2;4;2023-08-16
Curitiba;20230827;2;1;3;2023-08-27
Curitiba;20230902;2;1;3;2023-09-02
Curitiba;20230905;2;1;3;2023-09-05
Curitiba;20230912;2;2;4;2023-09-12
Duque de Caxias;20230805;2;1;3;2023-08-05
Duque de Caxias;20230821;2;2;4;2023-08-21
Duque de Caxias;20230830;2;2;4;2023-08-30
Duque de Caxias;20230906;2;1;3;2023-09-06
Feira de Santana;20230803;2;2;4;2023-08-03
Feira de Santana;20230813;2;2;4;2023-08-13
Florianopolis;20230804;2;2;4;2023-08-04
Florianopolis;20230810;2;2;4;2023-08-10
Fortaleza;20230803;2;2;4;2023-08-03
Fortaleza;20230806;2;0;2;2023-08-06
Fortaleza;20230809;2;1;3;2023-08-09
Fortaleza;20230812;2;1;3;2023-08-12
Fortaleza;20230816;2;1;3;2023-08-16
Fortaleza;20230817;2;2;4;2023-08-17
Fortaleza;20230828;2;1;3;2023-08-28
Fortaleza;20230901;2;1;3;2023-09-01
Fortaleza;20230902;2;1;3;2023-09-02
Fortaleza;20230907;2;1;3;2023-09-07
Fortaleza;20230910;2;1;3;2023-09-10
Fortaleza;20230916;2;0;2;2023-09-16
Goiania;20230803;2;2;4;2023-08-03
Goiania;20230804;2;1;3;2023-08-04
Goiania;20230811;2;1;3;2023-08-11
Goiania;20230901;2;1;3;2023-09-01
Goiania;20230904;2;1;3;2023-09-04
Goiania;20230917;2;2;4;2023-09-17
Guarapari;20230815;2;0;2;2023-08-15
Guarapari;20230903;2;2;4;2023-09-03
Ilhabela;20230826;2;1;3;2023-08-26
Itabuna;20230821;2;2;4;2023-08-21
Itauna;20230805;2;0;2;2023-08-05
Joao Pessoa;20230804;2;2;4;2023-08-04
Joao Pessoa;20230816;2;2;4;2023-08-16
Joao Pessoa;20230825;2;0;2;2023-08-25
Joao Pessoa;20230830;2;1;3;2023-08-30
Juiz de Fora;20230817;2;0;2;2023-08-17
Juiz de Fora;20230823;2;1;3;2023-08-23
Juiz de Fora;20230825;2;0;2;2023-08-25
Juiz de Fora;20230829;2;0;2;2023-08-29
Juiz de Fora;20230830;2;0;2;2023-08-30
Juiz de Fora;20230901;2;0;2;2023-09-01
Juiz de Fora;20230903;2;0;2;2023-09-03
Juiz de Fora;20230904;2;0;2;2023-09-04
Juiz de Fora;20230911;2;0;2;2023-09-11
Juiz de Fora;20230914;2;1;3;2023-09-14
Macae;20230814;2;2;4;2023-08-14
Macae;20230819;2;1;3;2023-08-19
Maceio;20230821;2;1;3;2023-08-21
Maceio;20230902;2;0;2;2023-09-02
Maceio;20230903;2;1;3;2023-09-03
Maceio;20230911;2;1;3;2023-09-11
Mage;20230915;2;2;4;2023-09-15
Manaus;20230806;2;2;4;2023-08-06
Manaus;20230808;2;2;4;2023-08-08
Manaus;20230811;2;2;4;2023-08-11
Manaus;20230823;2;1;3;2023-08-23
Manaus;20230904;2;0;2;2023-09-04
Manaus;20230906;2;1;3;2023-09-06
Manaus;20230913;2;0;2;2023-09-13
Manaus;20230914;2;1;3;2023-09-14
Manaus;20230918;2;1;3;2023-09-18
Marica;20230810;2;2;4;2023-08-10
Marica;20230818;2;0;2;2023-08-18
Marica;20230826;2;0;2;2023-08-26
Marica;20230916;2;0;2;2023-09-16
Natal;20230824;2;2;4;2023-08-24
Natal;20230825;2;1;3;2023-08-25
Natal;20230831;2;2;4;2023-08-31
Natal;20230907;2;2;4;2023-09-07
Niteroi;20230810;2;1;3;2023-08-10
Niteroi;20230814;2;0;2;2023-08-14
Niteroi;20230815;2;1;3;2023-08-15
Niteroi;20230823;2;1;3;2023-08-23
Niteroi;20230827;2;1;3;2023-08-27
Niteroi;20230910;2;0;2;2023-09-10
Nova Friburgo;20230820;2;2;4;2023-08-20
Nova Friburgo;20230829;2;2;4;2023-08-29
Nova Friburgo;20230905;2;2;4;2023-09-05
Nova Iguacu;20230804;2;2;4;2023-08-04
Nova Iguacu;20230810;2;2;4;2023-08-10
Nova Iguacu;20230818;2;2;4;2023-08-18
Nova Iguacu;20230819;2;1;3;2023-08-19
Nova Iguacu;20230820;2;1;3;2023-08-20
Nova Iguacu;20230822;2;2;4;2023-08-22
Nova Iguacu;20230829;2;2;4;2023-08-29
Olinda;20230914;2;2;4;2023-09-14
Paranavai;20230809;2;1;3;2023-08-09
Parnamirim;20230815;2;2;4;2023-08-15
Peruibe;20230810;2;1;3;2023-08-10
Petropolis;20230803;2;1;3;2023-08-03
Petropolis;20230804;2;1;3;2023-08-04
Petropolis;20230809;2;1;3;2023-08-09
Petropolis;20230825;2;0;2;2023-08-25
Petropolis;20230903;2;1;3;2023-09-03
Petropolis;20230905;2;0;2;2023-09-05
Petropolis;20230915;2;1;3;2023-09-15
Petropolis;20230916;2;1;3;2023-09-16
Porto Alegre;20230808;2;2;4;2023-08-08
Porto Alegre;20230831;2;2;4;2023-08-31
Porto Alegre;20230901;2;2;4;2023-09-01
Porto Alegre;20230904;2;1;3;2023-09-04
Porto Alegre;20230905;2;1;3;2023-09-05
Porto Alegre;20230914;2;2;4;2023-09-14
Recife;20230902;2;2;4;2023-09-02
Ribeirao Preto;20230805;2;2;4;2023-08-05
Ribeirao Preto;20230809;2;2;4;2023-08-09
Ribeirao Preto;20230811;2;2;4;2023-08-11
Ribeirao Preto;20230917;2;2;4;2023-09-17
Rio das Ostras;20230825;2;1;3;2023-08-25
Rio das Ostras;20230908;2;2;4;2023-09-08
Salvador;20230806;2;1;3;2023-08-06
Salvador;20230807;2;1;3;2023-08-07
Salvador;20230809;2;2;4;2023-08-09
Salvador;20230814;2;1;3;2023-08-14
Salvador;20230819;2;1;3;2023-08-19
Salvador;20230822;2;1;3;2023-08-22
Salvador;20230828;2;1;3;2023-08-28
Salvador;20230909;2;1;3;2023-09-09
Salvador;20230913;2;1;3;2023-09-13
Salvador;20230918;2;2;4;2023-09-18
Santa Rita;20230815;2;2;4;2023-08-15
Santos;20230907;2;1;3;2023-09-07
Santos;20230909;2;1;3;2023-09-09
Sao Goncalo;20230810;2;1;3;2023-08-10
Sao Goncalo;20230822;2;1;3;2023-08-22
Sao Goncalo;20230827;2;1;3;2023-08-27
Sao Goncalo;20230828;2;1;3;2023-08-28
Sao Goncalo;20230902;2;0;2;2023-09-02
Sao Goncalo;20230903;2;2;4;2023-09-03
Sao Goncalo;20230915;2;1;3;2023-09-15
Sao Goncalo;20230916;2;2;4;2023-09-16
Sao Goncalo;20230918;2;1;3;2023-09-18
Sao Jose do Rio Preto;20230831;2;2;4;2023-08-31
Sao Lourenco;20230805;2;2;4;2023-08-05
Sao Paulo;20230904;2;2;4;2023-09-04
Sao Paulo;20230907;2;2;4;2023-09-07
Sao Pedro da Aldeia;20230819;2;1;3;2023-08-19
Teresina;20230803;2;2;4;2023-08-03
Teresopolis;20230811;2;2;4;2023-08-11
Teresopolis;20230813;2;1;3;2023-08-13
Uberlandia;20230824;2;2;4;2023-08-24
Ulyanovsk;20230803;2;1;3;2023-08-03
Ulyanovsk;20230807;2;0;2;2023-08-07
Varginha;20230824;2;1;3;2023-08-24
Vila Velha;20230810;2;1;3;2023-08-10
Vila Velha;20230824;2;1;3;2023-08-24
Vila Velha;20230825;2;1;3;2023-08-25
Vila Velha;20230827;2;1;3;2023-08-27
Vila Velha;20230828;2;0;2;2023-08-28
Vila Velha;20230903;2;0;2;2023-09-03
Vila Velha;20230912;2;1;3;2023-09-12
Vitoria;20230810;2;1;3;2023-08-10
Vitoria;20230819;2;2;4;2023-08-19
Vitoria;20230820;2;1;3;2023-08-20
Vitoria;20230822;2;1;3;2023-08-22
Vitoria;20230824;2;0;2;2023-08-24
Vitoria;20230826;2;2;4;2023-08-26
Vitoria;20230830;2;1;3;2023-08-30
Vitoria;20230901;2;0;2;2023-09-01
Vitoria;20230903;2;0;2;2023-09-03
Vitoria;20230912;2;1;3;2023-09-12
Vitoria;20230915;2;2;4;2023-09-15
Vitoria da Conquista;20230907;2;1;3;2023-09-07
Volta Redonda;20230908;2;2;4;2023-09-08
Xangri-la;20230810;2;1;3;2023-08-10
(not set);20230804;1;1;2;2023-08-04
(not set);20230821;1;0;1;2023-08-21
1154;20230903;1;1;2;2023-09-03
5551;20230902;1;0;1;2023-09-02
89032;20230831;1;1;2;2023-08-31
92364;20230826;1;1;2;2023-08-26
92364;20230828;1;0;1;2023-08-28
Abaetetuba;20230823;1;1;2;2023-08-23
Acu;20230808;1;1;2;2023-08-08
Acu;20230819;1;1;2;2023-08-19
Aguas Lindas de Goias;20230831;1;1;2;2023-08-31
Agudos;20230918;1;1;2;2023-09-18
Alem Paraiba;20230830;1;0;1;2023-08-30
Alem Paraiba;20230831;1;0;1;2023-08-31
Alem Paraiba;20230901;1;0;1;2023-09-01
Alem Paraiba;20230906;1;0;1;2023-09-06
Amadora;20230807;1;0;1;2023-08-07
Amadora;20230809;1;0;1;2023-08-09
Amadora;20230813;1;0;1;2023-08-13
Amadora;20230819;1;0;1;2023-08-19
Amadora;20230825;1;0;1;2023-08-25
Amadora;20230826;1;1;2;2023-08-26
Amadora;20230828;1;0;1;2023-08-28
Amadora;20230901;1;0;1;2023-09-01
Americana;20230826;1;1;2;2023-08-26
Amparo;20230824;1;1;2;2023-08-24
Ananindeua;20230827;1;1;2;2023-08-27
Anapolis;20230807;1;1;2;2023-08-07
Anapolis;20230809;1;1;2;2023-08-09
Anapolis;20230821;1;1;2;2023-08-21
Anapolis;20230824;1;1;2;2023-08-24
Anapolis;20230825;1;1;2;2023-08-25
Anapolis;20230903;1;1;2;2023-09-03
Anapolis;20230912;1;1;2;2023-09-12
Andradas;20230829;1;1;2;2023-08-29
Angra dos Reis;20230811;1;1;2;2023-08-11
Angra dos Reis;20230814;1;1;2;2023-08-14
Angra dos Reis;20230818;1;0;1;2023-08-18
Angra dos Reis;20230827;1;0;1;2023-08-27
Angra dos Reis;20230904;1;1;2;2023-09-04
Angra dos Reis;20230909;1;1;2;2023-09-09
Aparecida de Goiania;20230803;1;0;1;2023-08-03
Aparecida de Goiania;20230810;1;0;1;2023-08-10
Aparecida de Goiania;20230814;1;1;2;2023-08-14
Aparecida de Goiania;20230817;1;1;2;2023-08-17
Aquiraz;20230828;1;1;2;2023-08-28
Aracaju;20230805;1;1;2;2023-08-05
Aracaju;20230810;1;1;2;2023-08-10
Aracaju;20230828;1;1;2;2023-08-28
Aracaju;20230829;1;1;2;2023-08-29
Aracaju;20230830;1;1;2;2023-08-30
Aracaju;20230903;1;1;2;2023-09-03
Aracatuba;20230822;1;1;2;2023-08-22
Aracatuba;20230823;1;0;1;2023-08-23
Aracatuba;20230824;1;1;2;2023-08-24
Arapiraca;20230831;1;1;2;2023-08-31
Arapiraca;20230906;1;1;2;2023-09-06
Arapongas;20230813;1;1;2;2023-08-13
Araraquara;20230809;1;1;2;2023-08-09
Araraquara;20230811;1;1;2;2023-08-11
Araraquara;20230818;1;0;1;2023-08-18
Araraquara;20230819;1;1;2;2023-08-19
Araraquara;20230824;1;0;1;2023-08-24
Araraquara;20230825;1;0;1;2023-08-25
Araraquara;20230828;1;0;1;2023-08-28
Araraquara;20230901;1;0;1;2023-09-01
Araraquara;20230903;1;0;1;2023-09-03
Araraquara;20230905;1;0;1;2023-09-05
Araraquara;20230906;1;0;1;2023-09-06
Araraquara;20230907;1;0;1;2023-09-07
Araraquara;20230918;1;0;1;2023-09-18
Araripina;20230808;1;1;2;2023-08-08
Araruama;20230827;1;1;2;2023-08-27
Araruama;20230901;1;1;2;2023-09-01
Araruama;20230903;1;1;2;2023-09-03
Araruama;20230908;1;0;1;2023-09-08
Araruama;20230917;1;1;2;2023-09-17
Araruama;20230918;1;0;1;2023-09-18
Araucaria;20230821;1;1;2;2023-08-21
Araucaria;20230910;1;1;2;2023-09-10
Areal;20230817;1;1;2;2023-08-17
Areal;20230828;1;1;2;2023-08-28
Areal;20230902;1;1;2;2023-09-02
Arraial do Cabo;20230809;1;1;2;2023-08-09
Asuncion;20230830;1;1;2;2023-08-30
Atibaia;20230908;1;1;2;2023-09-08
Atlanta;20230826;1;1;2;2023-08-26
Atlanta;20230827;1;0;1;2023-08-27
Auckland;20230915;1;1;2;2023-09-15
Baku;20230807;1;0;1;2023-08-07
Baku;20230808;1;0;1;2023-08-08
Baku;20230809;1;0;1;2023-08-09
Baku;20230810;1;0;1;2023-08-10
Baku;20230819;1;1;2;2023-08-19
Baku;20230824;1;0;1;2023-08-24
Baku;20230903;1;1;2;2023-09-03
Baku;20230909;1;0;1;2023-09-09
Baku;20230911;1;0;1;2023-09-11
Balneario Camboriu;20230825;1;0;1;2023-08-25
Balneario Camboriu;20230901;1;0;1;2023-09-01
Balsas;20230831;1;1;2;2023-08-31
Bambui;20230818;1;1;2;2023-08-18
Bambui;20230909;1;1;2;2023-09-09
Banbury;20230827;1;1;2;2023-08-27
Banbury;20230915;1;1;2;2023-09-15
Barnsley;20230917;1;1;2;2023-09-17
Barra Mansa;20230804;1;1;2;2023-08-04
Barra Mansa;20230808;1;1;2;2023-08-08
Barra Mansa;20230809;1;1;2;2023-08-09
Barra Mansa;20230811;1;1;2;2023-08-11
Barra Mansa;20230826;1;1;2;2023-08-26
Barra Mansa;20230902;1;0;1;2023-09-02
Barra Mansa;20230915;1;1;2;2023-09-15
Barra do Garcas;20230913;1;0;1;2023-09-13
Barra do Pirai;20230805;1;1;2;2023-08-05
Barra do Pirai;20230810;1;1;2;2023-08-10
Barra do Pirai;20230818;1;0;1;2023-08-18
Barra do Pirai;20230902;1;1;2;2023-09-02
Barra do Pirai;20230906;1;1;2;2023-09-06
Barreiras;20230810;1;1;2;2023-08-10
Barueri;20230818;1;1;2;2023-08-18
Barueri;20230906;1;1;2;2023-09-06
Bauru;20230903;1;1;2;2023-09-03
Bauru;20230908;1;1;2;2023-09-08
Bauru;20230914;1;0;1;2023-09-14
Beira;20230810;1;1;2;2023-08-10
Belem;20230803;1;1;2;2023-08-03
Belem;20230804;1;0;1;2023-08-04
Belem;20230808;1;1;2;2023-08-08
Belem;20230809;1;0;1;2023-08-09
Belem;20230810;1;0;1;2023-08-10
Belem;20230811;1;0;1;2023-08-11
Belem;20230812;1;1;2;2023-08-12
Belem;20230814;1;1;2;2023-08-14
Belem;20230822;1;0;1;2023-08-22
Belem;20230823;1;0;1;2023-08-23
Belem;20230824;1;0;1;2023-08-24
Belem;20230825;1;0;1;2023-08-25
Belem;20230826;1;0;1;2023-08-26
Belem;20230828;1;0;1;2023-08-28
Belem;20230902;1;0;1;2023-09-02
Belem;20230904;1;0;1;2023-09-04
Belem;20230905;1;0;1;2023-09-05
Belem;20230909;1;1;2;2023-09-09
Belem;20230911;1;1;2;2023-09-11
Belem;20230913;1;0;1;2023-09-13
Belem;20230917;1;1;2;2023-09-17
Belford Roxo;20230826;1;0;1;2023-08-26
Belford Roxo;20230908;1;1;2;2023-09-08
Belo Horizonte;20230805;1;1;2;2023-08-05
Belo Horizonte;20230806;1;1;2;2023-08-06
Belo Horizonte;20230807;1;1;2;2023-08-07
Belo Horizonte;20230809;1;1;2;2023-08-09
Belo Horizonte;20230810;1;1;2;2023-08-10
Belo Horizonte;20230811;1;1;2;2023-08-11
Belo Horizonte;20230814;1;1;2;2023-08-14
Belo Horizonte;20230816;1;1;2;2023-08-16
Belo Horizonte;20230821;1;1;2;2023-08-21
Belo Horizonte;20230828;1;0;1;2023-08-28
Belo Horizonte;20230831;1;1;2;2023-08-31
Belo Horizonte;20230902;1;1;2;2023-09-02
Belo Horizonte;20230908;1;1;2;2023-09-08
Belo Horizonte;20230909;1;1;2;2023-09-09
Belo Horizonte;20230910;1;1;2;2023-09-10
Belo Horizonte;20230911;1;1;2;2023-09-11
Belo Horizonte;20230912;1;1;2;2023-09-12
Belo Horizonte;20230913;1;0;1;2023-09-13
Belo Horizonte;20230915;1;1;2;2023-09-15
Belo Horizonte;20230916;1;1;2;2023-09-16
Biritiba Mirim;20230807;1;1;2;2023-08-07
Blackshear;20230807;1;1;2;2023-08-07
Blumenau;20230807;1;1;2;2023-08-07
Blumenau;20230820;1;0;1;2023-08-20
Blumenau;20230823;1;1;2;2023-08-23
Blumenau;20230824;1;1;2;2023-08-24
Blumenau;20230825;1;1;2;2023-08-25
Blumenau;20230905;1;1;2;2023-09-05
Blumenau;20230913;1;1;2;2023-09-13
Blumenau;20230915;1;1;2;2023-09-15
Boa Vista;20230809;1;1;2;2023-08-09
Bologna;20230803;1;1;2;2023-08-03
Bologna;20230805;1;0;1;2023-08-05
Bologna;20230826;1;0;1;2023-08-26
Bom Jesus do Itabapoana;20230813;1;1;2;2023-08-13
Bom Jesus do Itabapoana;20230825;1;0;1;2023-08-25
Bom Jesus do Itabapoana;20230915;1;1;2;2023-09-15
Bonito;20230903;1;1;2;2023-09-03
Braco do Norte;20230907;1;0;1;2023-09-07
Braco do Norte;20230913;1;1;2;2023-09-13
Braco do Norte;20230914;1;1;2;2023-09-14
Braga;20230829;1;1;2;2023-08-29
Braga;20230901;1;1;2;2023-09-01
Braganca Paulista;20230811;1;1;2;2023-08-11
Braganca Paulista;20230824;1;1;2;2023-08-24
Brasilia;20230917;1;0;1;2023-09-17
Brest;20230803;1;1;2;2023-08-03
Brusque;20230822;1;1;2;2023-08-22
Brusque;20230825;1;1;2;2023-08-25
Buenos Aires;20230904;1;1;2;2023-09-04
Buenos Aires;20230915;1;1;2;2023-09-15
Bushey;20230915;1;1;2;2023-09-15
Cabedelo;20230831;1;1;2;2023-08-31
Cabo Frio;20230806;1;1;2;2023-08-06
Cabo Frio;20230808;1;1;2;2023-08-08
Cabo Frio;20230814;1;1;2;2023-08-14
Cabo Frio;20230819;1;1;2;2023-08-19
Cabo Frio;20230820;1;0;1;2023-08-20
Cabo Frio;20230826;1;1;2;2023-08-26
Cabo Frio;20230829;1;1;2;2023-08-29
Cabo Frio;20230830;1;1;2;2023-08-30
Cabo Frio;20230901;1;0;1;2023-09-01
Cabo Frio;20230902;1;1;2;2023-09-02
Cabo Frio;20230913;1;1;2;2023-09-13
Cacador;20230827;1;1;2;2023-08-27
Cachoeiras de Macacu;20230902;1;1;2;2023-09-02
Cachoeiro de Itapemirim;20230804;1;1;2;2023-08-04
Cachoeiro de Itapemirim;20230810;1;1;2;2023-08-10
Cachoeiro de Itapemirim;20230821;1;1;2;2023-08-21
Cachoeiro de Itapemirim;20230831;1;1;2;2023-08-31
Cagliari;20230908;1;0;1;2023-09-08
Caico;20230906;1;1;2;2023-09-06
Caieiras;20230910;1;1;2;2023-09-10
Camacari;20230910;1;0;1;2023-09-10
Camanducaia;20230815;1;1;2;2023-08-15
Cambe;20230830;1;1;2;2023-08-30
Camboriu;20230807;1;1;2;2023-08-07
Camboriu;20230816;1;1;2;2023-08-16
Cameta;20230818;1;1;2;2023-08-18
Campina Grande;20230811;1;1;2;2023-08-11
Campinas;20230803;1;1;2;2023-08-03
Campinas;20230806;1;1;2;2023-08-06
Campinas;20230810;1;0;1;2023-08-10
Campinas;20230813;1;1;2;2023-08-13
Campinas;20230825;1;0;1;2023-08-25
Campinas;20230826;1;1;2;2023-08-26
Campinas;20230829;1;0;1;2023-08-29
Campinas;20230830;1;1;2;2023-08-30
Campinas;20230901;1;0;1;2023-09-01
Campinas;20230902;1;1;2;2023-09-02
Campinas;20230906;1;1;2;2023-09-06
Campinas;20230915;1;1;2;2023-09-15
Campinas;20230916;1;1;2;2023-09-16
Campo Grande;20230806;1;1;2;2023-08-06
Campo Grande;20230808;1;0;1;2023-08-08
Campo Grande;20230811;1;0;1;2023-08-11
Campo Grande;20230817;1;1;2;2023-08-17
Campo Grande;20230819;1;1;2;2023-08-19
Campo Grande;20230820;1;1;2;2023-08-20
Campo Grande;20230822;1;1;2;2023-08-22
Campo Grande;20230824;1;0;1;2023-08-24
Campo Grande;20230826;1;0;1;2023-08-26
Campo Grande;20230827;1;0;1;2023-08-27
Campo Grande;20230830;1;0;1;2023-08-30
Campo Grande;20230831;1;0;1;2023-08-31
Campo Grande;20230902;1;0;1;2023-09-02
Campo Grande;20230903;1;1;2;2023-09-03
Campo Grande;20230905;1;1;2;2023-09-05
Campo Grande;20230906;1;0;1;2023-09-06
Campo Grande;20230909;1;1;2;2023-09-09
Campo Grande;20230911;1;0;1;2023-09-11
Campo Grande;20230912;1;1;2;2023-09-12
Campo Grande;20230914;1;0;1;2023-09-14
Campo Grande;20230915;1;0;1;2023-09-15
Campo Grande;20230917;1;0;1;2023-09-17
Campos dos Goytacazes;20230806;1;1;2;2023-08-06
Campos dos Goytacazes;20230809;1;1;2;2023-08-09
Campos dos Goytacazes;20230813;1;1;2;2023-08-13
Campos dos Goytacazes;20230820;1;1;2;2023-08-20
Campos dos Goytacazes;20230827;1;1;2;2023-08-27
Campos dos Goytacazes;20230829;1;1;2;2023-08-29
Campos dos Goytacazes;20230915;1;1;2;2023-09-15
Cangucu;20230815;1;1;2;2023-08-15
Cangucu;20230826;1;1;2;2023-08-26
Cangucu;20230914;1;0;1;2023-09-14
Canoas;20230910;1;1;2;2023-09-10
Cantagalo;20230805;1;1;2;2023-08-05
Cape Elizabeth;20230829;1;1;2;2023-08-29
Caraguatatuba;20230903;1;0;1;2023-09-03
Caraguatatuba;20230905;1;0;1;2023-09-05
Caraguatatuba;20230907;1;0;1;2023-09-07
Caraguatatuba;20230908;1;0;1;2023-09-08
Caraguatatuba;20230909;1;0;1;2023-09-09
Caraguatatuba;20230910;1;0;1;2023-09-10
Caraguatatuba;20230913;1;0;1;2023-09-13
Carangola;20230809;1;1;2;2023-08-09
Carangola;20230822;1;1;2;2023-08-22
Carangola;20230911;1;1;2;2023-09-11
Cascavel;20230811;1;1;2;2023-08-11
Cascavel;20230822;1;1;2;2023-08-22
Cascavel;20230829;1;1;2;2023-08-29
Castanhal;20230803;1;1;2;2023-08-03
Cataguases;20230805;1;1;2;2023-08-05
Catanduva;20230915;1;1;2;2023-09-15
Catole do Rocha;20230826;1;1;2;2023-08-26
Catu;20230907;1;1;2;2023-09-07
Caxias;20230820;1;1;2;2023-08-20
Caxias do Sul;20230809;1;0;1;2023-08-09
Caxias do Sul;20230831;1;1;2;2023-08-31
Ceara-Mirim;20230907;1;1;2;2023-09-07
Chapeco;20230829;1;1;2;2023-08-29
Chapeco;20230913;1;1;2;2023-09-13
Chelyabinsk;20230906;1;1;2;2023-09-06
Colatina;20230823;1;1;2;2023-08-23
Colombo;20230810;1;1;2;2023-08-10
Colombo;20230906;1;1;2;2023-09-06
Conceicao de Macabu;20230808;1;1;2;2023-08-08
Conceicao de Macabu;20230813;1;1;2;2023-08-13
Concordia;20230811;1;0;1;2023-08-11
Concordia;20230903;1;1;2;2023-09-03
Corrientes;20230805;1;0;1;2023-08-05
Covington;20230808;1;1;2;2023-08-08
Crawley;20230820;1;1;2;2023-08-20
Cruz das Almas;20230827;1;1;2;2023-08-27
Cubatao;20230803;1;1;2;2023-08-03
Cubatao;20230808;1;1;2;2023-08-08
Cubatao;20230821;1;1;2;2023-08-21
Cuiaba;20230807;1;1;2;2023-08-07
Cuiaba;20230811;1;1;2;2023-08-11
Cuiaba;20230901;1;1;2;2023-09-01
Cuiaba;20230907;1;1;2;2023-09-07
Cuiaba;20230911;1;1;2;2023-09-11
Cuiaba;20230912;1;1;2;2023-09-12
Cuiaba;20230913;1;1;2;2023-09-13
Cuiaba;20230915;1;1;2;2023-09-15
Curitiba;20230805;1;1;2;2023-08-05
Curitiba;20230811;1;0;1;2023-08-11
Curitiba;20230813;1;0;1;2023-08-13
Curitiba;20230822;1;1;2;2023-08-22
Curitiba;20230825;1;1;2;2023-08-25
Curitiba;20230826;1;0;1;2023-08-26
Curitiba;20230828;1;1;2;2023-08-28
Curitiba;20230903;1;0;1;2023-09-03
Curitiba;20230910;1;0;1;2023-09-10
Curitiba;20230913;1;0;1;2023-09-13
Daytona Beach;20230913;1;1;2;2023-09-13
Diamantina;20230822;1;0;1;2023-08-22
Diamantina;20230825;1;0;1;2023-08-25
Divinopolis;20230803;1;1;2;2023-08-03
Divinopolis;20230831;1;1;2;2023-08-31
Dublin;20230831;1;1;2;2023-08-31
Duque de Caxias;20230803;1;1;2;2023-08-03
Duque de Caxias;20230804;1;1;2;2023-08-04
Duque de Caxias;20230806;1;1;2;2023-08-06
Duque de Caxias;20230807;1;1;2;2023-08-07
Duque de Caxias;20230808;1;0;1;2023-08-08
Duque de Caxias;20230809;1;1;2;2023-08-09
Duque de Caxias;20230811;1;1;2;2023-08-11
Duque de Caxias;20230813;1;0;1;2023-08-13
Duque de Caxias;20230815;1;0;1;2023-08-15
Duque de Caxias;20230819;1;0;1;2023-08-19
Duque de Caxias;20230822;1;1;2;2023-08-22
Duque de Caxias;20230824;1;0;1;2023-08-24
Duque de Caxias;20230902;1;0;1;2023-09-02
Duque de Caxias;20230903;1;0;1;2023-09-03
Duque de Caxias;20230904;1;1;2;2023-09-04
Duque de Caxias;20230908;1;0;1;2023-09-08
Duque de Caxias;20230910;1;1;2;2023-09-10
Duque de Caxias;20230911;1;0;1;2023-09-11
Duque de Caxias;20230913;1;0;1;2023-09-13
Duque de Caxias;20230915;1;1;2;2023-09-15
Duque de Caxias;20230916;1;0;1;2023-09-16
Eidsvoll Municipality;20230909;1;1;2;2023-09-09
Extrema;20230808;1;1;2;2023-08-08
Feira de Santana;20230814;1;1;2;2023-08-14
Feira de Santana;20230826;1;1;2;2023-08-26
Feira de Santana;20230829;1;1;2;2023-08-29
Feira de Santana;20230906;1;0;1;2023-09-06
Feira de Santana;20230911;1;0;1;2023-09-11
Feira de Santana;20230916;1;1;2;2023-09-16
Feira de Santana;20230918;1;1;2;2023-09-18
Fernandopolis;20230810;1;0;1;2023-08-10
Fernandopolis;20230910;1;1;2;2023-09-10
Florianopolis;20230809;1;1;2;2023-08-09
Florianopolis;20230811;1;0;1;2023-08-11
Florianopolis;20230816;1;0;1;2023-08-16
Florianopolis;20230825;1;1;2;2023-08-25
Florianopolis;20230828;1;0;1;2023-08-28
Florianopolis;20230904;1;1;2;2023-09-04
Florianopolis;20230906;1;0;1;2023-09-06
Florianopolis;20230914;1;1;2;2023-09-14
Fohnsdorf;20230914;1;1;2;2023-09-14
Forest City;20230827;1;1;2;2023-08-27
Forest City;20230901;1;1;2;2023-09-01
Formosa;20230831;1;1;2;2023-08-31
Formosa;20230908;1;1;2;2023-09-08
Fortaleza;20230805;1;0;1;2023-08-05
Fortaleza;20230807;1;0;1;2023-08-07
Fortaleza;20230808;1;0;1;2023-08-08
Fortaleza;20230813;1;1;2;2023-08-13
Fortaleza;20230814;1;0;1;2023-08-14
Fortaleza;20230815;1;0;1;2023-08-15
Fortaleza;20230820;1;1;2;2023-08-20
Fortaleza;20230824;1;0;1;2023-08-24
Fortaleza;20230830;1;1;2;2023-08-30
Fortaleza;20230905;1;0;1;2023-09-05
Fortaleza;20230915;1;0;1;2023-09-15
Fortaleza;20230918;1;1;2;2023-09-18
Franca;20230813;1;1;2;2023-08-13
Francisco Morato;20230917;1;1;2;2023-09-17
Frankfurt;20230902;1;1;2;2023-09-02
Funchal;20230909;1;1;2;2023-09-09
Garca;20230811;1;1;2;2023-08-11
Garca;20230826;1;1;2;2023-08-26
Glenville;20230807;1;0;1;2023-08-07
Goiana;20230829;1;1;2;2023-08-29
Goiania;20230806;1;1;2;2023-08-06
Goiania;20230813;1;0;1;2023-08-13
Goiania;20230815;1;0;1;2023-08-15
Goiania;20230817;1;0;1;2023-08-17
Goiania;20230820;1;0;1;2023-08-20
Goiania;20230822;1;1;2;2023-08-22
Goiania;20230823;1;0;1;2023-08-23
Goiania;20230824;1;1;2;2023-08-24
Goiania;20230825;1;1;2;2023-08-25
Goiania;20230830;1;1;2;2023-08-30
Goiania;20230902;1;0;1;2023-09-02
Goiania;20230903;1;0;1;2023-09-03
Goiania;20230907;1;0;1;2023-09-07
Goiania;20230911;1;0;1;2023-09-11
Goiania;20230914;1;1;2;2023-09-14
Goiania;20230915;1;0;1;2023-09-15
Goiania;20230918;1;1;2;2023-09-18
Governador Valadares;20230807;1;1;2;2023-08-07
Guacui;20230826;1;1;2;2023-08-26
Guaira;20230803;1;1;2;2023-08-03
Guaira;20230810;1;1;2;2023-08-10
Guaira;20230820;1;0;1;2023-08-20
Guaira;20230903;1;1;2;2023-09-03
Guanambi;20230915;1;1;2;2023-09-15
Guapimirim;20230827;1;0;1;2023-08-27
Guapimirim;20230905;1;0;1;2023-09-05
Guapimirim;20230906;1;0;1;2023-09-06
Guara;20230805;1;1;2;2023-08-05
Guarapari;20230806;1;0;1;2023-08-06
Guarapari;20230810;1;0;1;2023-08-10
Guarapari;20230812;1;0;1;2023-08-12
Guarapari;20230813;1;0;1;2023-08-13
Guarapari;20230814;1;1;2;2023-08-14
Guarapari;20230817;1;0;1;2023-08-17
Guarapari;20230819;1;0;1;2023-08-19
Guarapari;20230821;1;0;1;2023-08-21
Guarapari;20230822;1;0;1;2023-08-22
Guarapari;20230826;1;0;1;2023-08-26
Guarapari;20230831;1;1;2;2023-08-31
Guarapari;20230918;1;0;1;2023-09-18
Guaratingueta;20230822;1;1;2;2023-08-22
Guaratingueta;20230916;1;0;1;2023-09-16
Guaratingueta;20230917;1;0;1;2023-09-17
Guaratingueta;20230918;1;0;1;2023-09-18
Guarulhos;20230805;1;1;2;2023-08-05
Guarulhos;20230824;1;1;2;2023-08-24
Guarulhos;20230913;1;1;2;2023-09-13
Guelph;20230915;1;1;2;2023-09-15
Gunungsitoli Barat;20230803;1;1;2;2023-08-03
Gunungsitoli Barat;20230828;1;0;1;2023-08-28
Hamburg;20230809;1;1;2;2023-08-09
High River;20230831;1;0;1;2023-08-31
Hortolandia;20230821;1;1;2;2023-08-21
Ibirite;20230824;1;0;1;2023-08-24
Ibitinga;20230815;1;0;1;2023-08-15
Iguaba Grande;20230820;1;1;2;2023-08-20
Ilhabela;20230830;1;0;1;2023-08-30
Imbituba;20230826;1;1;2;2023-08-26
Imbituba;20230903;1;1;2;2023-09-03
Imperatriz;20230806;1;1;2;2023-08-06
Imperatriz;20230829;1;1;2;2023-08-29
Indaiatuba;20230817;1;1;2;2023-08-17
Indaiatuba;20230818;1;0;1;2023-08-18
Indaiatuba;20230901;1;1;2;2023-09-01
Inhumas;20230809;1;1;2;2023-08-09
Itabira;20230815;1;1;2;2023-08-15
Itabira;20230826;1;0;1;2023-08-26
Itabira;20230906;1;0;1;2023-09-06
Itabirito;20230824;1;0;1;2023-08-24
Itaborai;20230804;1;1;2;2023-08-04
Itaborai;20230805;1;0;1;2023-08-05
Itaborai;20230808;1;1;2;2023-08-08
Itaborai;20230818;1;0;1;2023-08-18
Itaborai;20230831;1;1;2;2023-08-31
Itaborai;20230910;1;1;2;2023-09-10
Itaborai;20230916;1;1;2;2023-09-16
Itabuna;20230810;1;1;2;2023-08-10
Itabuna;20230913;1;1;2;2023-09-13
Itaguai;20230811;1;1;2;2023-08-11
Itaguai;20230827;1;1;2;2023-08-27
Itaguai;20230902;1;1;2;2023-09-02
Itaguai;20230912;1;1;2;2023-09-12
Itaguai;20230916;1;1;2;2023-09-16
Itajai;20230804;1;1;2;2023-08-04
Itajai;20230813;1;0;1;2023-08-13
Itajai;20230824;1;0;1;2023-08-24
Itajai;20230828;1;0;1;2023-08-28
Itajai;20230829;1;0;1;2023-08-29
Itajai;20230909;1;1;2;2023-09-09
Itajuba;20230810;1;1;2;2023-08-10
Itajuba;20230811;1;0;1;2023-08-11
Itajuba;20230907;1;1;2;2023-09-07
Itajuba;20230909;1;0;1;2023-09-09
Itanhaem;20230829;1;1;2;2023-08-29
Itaperuna;20230813;1;1;2;2023-08-13
Itaperuna;20230903;1;1;2;2023-09-03
Itaperuna;20230911;1;0;1;2023-09-11
Itapetininga;20230820;1;1;2;2023-08-20
Itarare;20230905;1;1;2;2023-09-05
Itatiaia;20230902;1;1;2;2023-09-02
Itauna;20230810;1;0;1;2023-08-10
Itauna;20230908;1;0;1;2023-09-08
Itupeva;20230831;1;1;2;2023-08-31
Itupeva;20230914;1;1;2;2023-09-14
Iuna;20230809;1;1;2;2023-08-09
Jaboatao dos Guararapes;20230823;1;1;2;2023-08-23
Jaboatao dos Guararapes;20230906;1;1;2;2023-09-06
Jacarei;20230810;1;1;2;2023-08-10
Jacarezinho;20230828;1;1;2;2023-08-28
Jaguariuna;20230918;1;1;2;2023-09-18
Japeri;20230826;1;1;2;2023-08-26
Japeri;20230827;1;1;2;2023-08-27
Jequie;20230914;1;1;2;2023-09-14
Jequie;20230916;1;1;2;2023-09-16
Joanopolis;20230807;1;0;1;2023-08-07
Joanopolis;20230810;1;0;1;2023-08-10
Joanopolis;20230908;1;1;2;2023-09-08
Joao Monlevade;20230828;1;0;1;2023-08-28
Joao Monlevade;20230830;1;0;1;2023-08-30
Joao Pessoa;20230813;1;1;2;2023-08-13
Joao Pessoa;20230822;1;1;2;2023-08-22
Joao Pessoa;20230828;1;0;1;2023-08-28
Joao Pessoa;20230831;1;1;2;2023-08-31
Joao Pessoa;20230916;1;0;1;2023-09-16
Joao Pessoa;20230918;1;1;2;2023-09-18
Joinville;20230805;1;1;2;2023-08-05
Joinville;20230810;1;1;2;2023-08-10
Joinville;20230821;1;1;2;2023-08-21
Joinville;20230822;1;1;2;2023-08-22
Joinville;20230907;1;1;2;2023-09-07
Joinville;20230917;1;1;2;2023-09-17
Joinville;20230918;1;0;1;2023-09-18
Jose Bonifacio;20230816;1;1;2;2023-08-16
Jose Bonifacio;20230818;1;0;1;2023-08-18
Jose Bonifacio;20230823;1;0;1;2023-08-23
Jose Bonifacio;20230902;1;0;1;2023-09-02
Jose Bonifacio;20230912;1;1;2;2023-09-12
Jose Bonifacio;20230915;1;1;2;2023-09-15
Juiz de Fora;20230804;1;1;2;2023-08-04
Juiz de Fora;20230805;1;1;2;2023-08-05
Juiz de Fora;20230806;1;1;2;2023-08-06
Juiz de Fora;20230807;1;0;1;2023-08-07
Juiz de Fora;20230808;1;0;1;2023-08-08
Juiz de Fora;20230812;1;1;2;2023-08-12
Juiz de Fora;20230813;1;1;2;2023-08-13
Juiz de Fora;20230814;1;0;1;2023-08-14
Juiz de Fora;20230815;1;0;1;2023-08-15
Juiz de Fora;20230816;1;0;1;2023-08-16
Juiz de Fora;20230819;1;0;1;2023-08-19
Juiz de Fora;20230821;1;0;1;2023-08-21
Juiz de Fora;20230822;1;0;1;2023-08-22
Juiz de Fora;20230905;1;0;1;2023-09-05
Juiz de Fora;20230906;1;0;1;2023-09-06
Juiz de Fora;20230908;1;0;1;2023-09-08
Juiz de Fora;20230909;1;0;1;2023-09-09
Juiz de Fora;20230910;1;1;2;2023-09-10
Juiz de Fora;20230912;1;0;1;2023-09-12
Juiz de Fora;20230913;1;0;1;2023-09-13
Juiz de Fora;20230916;1;0;1;2023-09-16
Juiz de Fora;20230917;1;0;1;2023-09-17
Jundiai;20230831;1;1;2;2023-08-31
Jundiai;20230908;1;0;1;2023-09-08
Jundiai;20230915;1;1;2;2023-09-15
Kazan;20230803;1;0;1;2023-08-03
Kent;20230810;1;1;2;2023-08-10
Kitchener;20230908;1;1;2;2023-09-08
Kitchener;20230914;1;0;1;2023-09-14
Kitchener;20230915;1;0;1;2023-09-15
Klaipeda;20230806;1;1;2;2023-08-06
Kurgan;20230916;1;1;2;2023-09-16
Lages;20230813;1;1;2;2023-08-13
Lajeado;20230913;1;1;2;2023-09-13
Lapa;20230823;1;1;2;2023-08-23
Lauro de Freitas;20230822;1;1;2;2023-08-22
Lauro de Freitas;20230830;1;1;2;2023-08-30
Leganes;20230822;1;1;2;2023-08-22
Leopoldina;20230819;1;1;2;2023-08-19
Leopoldina;20230827;1;1;2;2023-08-27
Limeira;20230830;1;1;2;2023-08-30
Linhares;20230804;1;1;2;2023-08-04
Linhares;20230901;1;1;2;2023-09-01
Lisbon;20230804;1;1;2;2023-08-04
Lisbon;20230805;1;1;2;2023-08-05
Lisbon;20230809;1;0;1;2023-08-09
Lisbon;20230817;1;1;2;2023-08-17
Lisbon;20230823;1;0;1;2023-08-23
Lisbon;20230824;1;0;1;2023-08-24
Lisbon;20230825;1;0;1;2023-08-25
Lisbon;20230828;1;0;1;2023-08-28
Lisbon;20230911;1;0;1;2023-09-11
London;20230915;1;0;1;2023-09-15
London;20230918;1;1;2;2023-09-18
Londrina;20230823;1;1;2;2023-08-23
Londrina;20230827;1;1;2;2023-08-27
Lorena;20230825;1;0;1;2023-08-25
Lorena;20230826;1;0;1;2023-08-26
Lorena;20230827;1;0;1;2023-08-27
Lorena;20230905;1;0;1;2023-09-05
Luanda;20230830;1;1;2;2023-08-30
Luanda;20230903;1;1;2;2023-09-03
Lulea;20230827;1;1;2;2023-08-27
Luziania;20230824;1;1;2;2023-08-24
Luziania;20230825;1;1;2;2023-08-25
Macae;20230806;1;0;1;2023-08-06
Macae;20230815;1;1;2;2023-08-15
Macae;20230822;1;1;2;2023-08-22
Macae;20230905;1;1;2;2023-09-05
Macae;20230909;1;0;1;2023-09-09
Macae;20230910;1;0;1;2023-09-10
Macaiba;20230810;1;1;2;2023-08-10
Maceio;20230812;1;1;2;2023-08-12
Maceio;20230814;1;1;2;2023-08-14
Maceio;20230815;1;0;1;2023-08-15
Maceio;20230816;1;0;1;2023-08-16
Maceio;20230817;1;0;1;2023-08-17
Maceio;20230818;1;0;1;2023-08-18
Maceio;20230823;1;0;1;2023-08-23
Maceio;20230829;1;0;1;2023-08-29
Maceio;20230830;1;0;1;2023-08-30
Maceio;20230901;1;0;1;2023-09-01
Maceio;20230905;1;0;1;2023-09-05
Maceio;20230907;1;0;1;2023-09-07
Machado;20230906;1;1;2;2023-09-06
Mage;20230813;1;1;2;2023-08-13
Mage;20230825;1;0;1;2023-08-25
Mage;20230827;1;0;1;2023-08-27
Mage;20230831;1;0;1;2023-08-31
Mage;20230910;1;1;2;2023-09-10
Manaus;20230805;1;1;2;2023-08-05
Manaus;20230809;1;1;2;2023-08-09
Manaus;20230810;1;1;2;2023-08-10
Manaus;20230815;1;1;2;2023-08-15
Manaus;20230817;1;1;2;2023-08-17
Manaus;20230820;1;1;2;2023-08-20
Manaus;20230824;1;1;2;2023-08-24
Manaus;20230825;1;1;2;2023-08-25
Manaus;20230828;1;0;1;2023-08-28
Manaus;20230901;1;1;2;2023-09-01
Manaus;20230902;1;1;2;2023-09-02
Manaus;20230903;1;1;2;2023-09-03
Manaus;20230905;1;0;1;2023-09-05
Manaus;20230911;1;0;1;2023-09-11
Manaus;20230915;1;0;1;2023-09-15
Manaus;20230916;1;1;2;2023-09-16
Mangaratiba;20230918;1;1;2;2023-09-18
Mannheim;20230905;1;1;2;2023-09-05
Maraba;20230804;1;1;2;2023-08-04
Maracanau;20230829;1;1;2;2023-08-29
Marataizes;20230805;1;1;2;2023-08-05
Marataizes;20230814;1;1;2;2023-08-14
Marataizes;20230915;1;1;2;2023-09-15
Marataizes;20230916;1;1;2;2023-09-16
Marechal Deodoro;20230819;1;0;1;2023-08-19
Marechal Deodoro;20230820;1;0;1;2023-08-20
Marechal Deodoro;20230825;1;0;1;2023-08-25
Marechal Deodoro;20230826;1;0;1;2023-08-26
Marechal Deodoro;20230829;1;0;1;2023-08-29
Marechal Deodoro;20230831;1;0;1;2023-08-31
Marechal Deodoro;20230904;1;0;1;2023-09-04
Marechal Deodoro;20230905;1;0;1;2023-09-05
Marechal Deodoro;20230912;1;0;1;2023-09-12
Mariana;20230824;1;1;2;2023-08-24
Mariana;20230912;1;0;1;2023-09-12
Marica;20230803;1;1;2;2023-08-03
Marica;20230804;1;1;2;2023-08-04
Marica;20230814;1;1;2;2023-08-14
Marica;20230815;1;1;2;2023-08-15
Marica;20230817;1;1;2;2023-08-17
Marica;20230819;1;0;1;2023-08-19
Marica;20230820;1;1;2;2023-08-20
Marica;20230823;1;0;1;2023-08-23
Marica;20230825;1;0;1;2023-08-25
Marica;20230827;1;0;1;2023-08-27
Marica;20230829;1;0;1;2023-08-29
Marica;20230830;1;1;2;2023-08-30
Marica;20230831;1;0;1;2023-08-31
Marica;20230904;1;1;2;2023-09-04
Marica;20230913;1;0;1;2023-09-13
Marica;20230915;1;0;1;2023-09-15
Marica;20230917;1;0;1;2023-09-17
Marietta;20230912;1;1;2;2023-09-12
Maringa;20230806;1;1;2;2023-08-06
Maringa;20230812;1;0;1;2023-08-12
Maringa;20230815;1;1;2;2023-08-15
Maringa;20230831;1;1;2;2023-08-31
Maringa;20230902;1;0;1;2023-09-02
Marino;20230821;1;1;2;2023-08-21
Maua;20230828;1;1;2;2023-08-28
Maua;20230911;1;1;2;2023-09-11
Mesquita;20230809;1;1;2;2023-08-09
Mexico City;20230810;1;1;2;2023-08-10
Mexico City;20230819;1;1;2;2023-08-19
Mexico City;20230824;1;0;1;2023-08-24
Miami;20230826;1;0;1;2023-08-26
Milan;20230806;1;1;2;2023-08-06
Milan;20230807;1;1;2;2023-08-07
Milan;20230810;1;1;2;2023-08-10
Milan;20230817;1;1;2;2023-08-17
Milan;20230821;1;1;2;2023-08-21
Milan;20230901;1;1;2;2023-09-01
Milan;20230906;1;1;2;2023-09-06
Milan;20230911;1;0;1;2023-09-11
Milan;20230917;1;0;1;2023-09-17
Miracema;20230831;1;1;2;2023-08-31
Mococa;20230807;1;1;2;2023-08-07
Modena;20230819;1;0;1;2023-08-19
Mogi Guacu;20230824;1;1;2;2023-08-24
Mogi das Cruzes;20230813;1;1;2;2023-08-13
Mogi das Cruzes;20230824;1;1;2;2023-08-24
Monte Aprazivel;20230809;1;1;2;2023-08-09
Monte Aprazivel;20230813;1;0;1;2023-08-13
Monte Aprazivel;20230819;1;1;2;2023-08-19
Monte Aprazivel;20230823;1;1;2;2023-08-23
Monte Aprazivel;20230824;1;0;1;2023-08-24
Monte Aprazivel;20230909;1;0;1;2023-09-09
Monte Carmelo;20230804;1;1;2;2023-08-04
Montenegro;20230821;1;1;2;2023-08-21
Montreal;20230817;1;1;2;2023-08-17
Morrinhos;20230828;1;1;2;2023-08-28
Mossoro;20230804;1;0;1;2023-08-04
Mossoro;20230823;1;1;2;2023-08-23
Mossoro;20230903;1;1;2;2023-09-03
Mossoro;20230905;1;1;2;2023-09-05
Mossoro;20230906;1;0;1;2023-09-06
Mossoro;20230907;1;0;1;2023-09-07
Mossoro;20230908;1;0;1;2023-09-08
Mountain View;20230915;1;1;2;2023-09-15
Muriae;20230804;1;1;2;2023-08-04
Muriae;20230816;1;1;2;2023-08-16
Muriae;20230821;1;0;1;2023-08-21
Muriae;20230825;1;1;2;2023-08-25
Muriae;20230901;1;1;2;2023-09-01
Muriae;20230915;1;1;2;2023-09-15
Nao-Me-Toque;20230816;1;1;2;2023-08-16
Naples;20230826;1;1;2;2023-08-26
Natal;20230804;1;1;2;2023-08-04
Natal;20230805;1;1;2;2023-08-05
Natal;20230807;1;1;2;2023-08-07
Natal;20230809;1;0;1;2023-08-09
Natal;20230813;1;0;1;2023-08-13
Natal;20230815;1;0;1;2023-08-15
Natal;20230820;1;0;1;2023-08-20
Natal;20230828;1;1;2;2023-08-28
Natal;20230902;1;0;1;2023-09-02
Natal;20230908;1;1;2;2023-09-08
Natal;20230911;1;1;2;2023-09-11
Natal;20230914;1;1;2;2023-09-14
New Westminster;20230810;1;1;2;2023-08-10
New York;20230820;1;1;2;2023-08-20
New York;20230908;1;1;2;2023-09-08
New York;20230916;1;1;2;2023-09-16
Nilopolis;20230809;1;0;1;2023-08-09
Nilopolis;20230810;1;1;2;2023-08-10
Nilopolis;20230817;1;1;2;2023-08-17
Nilopolis;20230823;1;1;2;2023-08-23
Nilopolis;20230827;1;0;1;2023-08-27
Nilopolis;20230901;1;1;2;2023-09-01
Niteroi;20230822;1;0;1;2023-08-22
Niteroi;20230905;1;0;1;2023-09-05
Niteroi;20230909;1;0;1;2023-09-09
Niteroi;20230917;1;0;1;2023-09-17
Nizhny Novgorod;20230826;1;1;2;2023-08-26
Nova Friburgo;20230805;1;1;2;2023-08-05
Nova Friburgo;20230812;1;1;2;2023-08-12
Nova Friburgo;20230813;1;0;1;2023-08-13
Nova Friburgo;20230815;1;0;1;2023-08-15
Nova Friburgo;20230822;1;1;2;2023-08-22
Nova Friburgo;20230825;1;1;2;2023-08-25
Nova Friburgo;20230826;1;1;2;2023-08-26
Nova Friburgo;20230831;1;0;1;2023-08-31
Nova Friburgo;20230901;1;0;1;2023-09-01
Nova Friburgo;20230909;1;1;2;2023-09-09
Nova Friburgo;20230912;1;1;2;2023-09-12
Nova Friburgo;20230913;1;1;2;2023-09-13
Nova Friburgo;20230914;1;1;2;2023-09-14
Nova Friburgo;20230916;1;1;2;2023-09-16
Nova Friburgo;20230918;1;1;2;2023-09-18
Nova Iguacu;20230805;1;1;2;2023-08-05
Nova Iguacu;20230809;1;1;2;2023-08-09
Nova Iguacu;20230813;1;1;2;2023-08-13
Nova Iguacu;20230815;1;1;2;2023-08-15
Nova Iguacu;20230816;1;1;2;2023-08-16
Nova Iguacu;20230817;1;0;1;2023-08-17
Nova Iguacu;20230823;1;0;1;2023-08-23
Nova Iguacu;20230824;1;0;1;2023-08-24
Nova Iguacu;20230826;1;1;2;2023-08-26
Nova Iguacu;20230828;1;1;2;2023-08-28
Nova Iguacu;20230902;1;0;1;2023-09-02
Nova Iguacu;20230904;1;1;2;2023-09-04
Nova Iguacu;20230908;1;0;1;2023-09-08
Nova Iguacu;20230909;1;1;2;2023-09-09
Nova Iguacu;20230910;1;1;2;2023-09-10
Nova Iguacu;20230912;1;1;2;2023-09-12
Nova Iguacu;20230914;1;0;1;2023-09-14
Nova Iguacu;20230916;1;0;1;2023-09-16
Nova Iguacu;20230918;1;1;2;2023-09-18
Nova Lima;20230903;1;1;2;2023-09-03
Nova Vicosa;20230823;1;1;2;2023-08-23
Novo Gama;20230804;1;1;2;2023-08-04
Novo Gama;20230809;1;1;2;2023-08-09
Novo Hamburgo;20230809;1;1;2;2023-08-09
Novo Hamburgo;20230826;1;1;2;2023-08-26
Ocean Shores;20230809;1;1;2;2023-08-09
Olinda;20230809;1;1;2;2023-08-09
Olinda;20230917;1;1;2;2023-09-17
Oliveira;20230824;1;1;2;2023-08-24
Osasco;20230805;1;1;2;2023-08-05
Osasco;20230806;1;0;1;2023-08-06
Osasco;20230807;1;1;2;2023-08-07
Osasco;20230914;1;1;2;2023-09-14
Osorio;20230810;1;0;1;2023-08-10
Osorio;20230829;1;0;1;2023-08-29
Ottawa;20230803;1;1;2;2023-08-03
Palhoca;20230806;1;1;2;2023-08-06
Palhoca;20230819;1;0;1;2023-08-19
Palhoca;20230902;1;1;2;2023-09-02
Palhoca;20230916;1;0;1;2023-09-16
Palmas;20230808;1;1;2;2023-08-08
Palmas;20230810;1;0;1;2023-08-10
Palmas;20230825;1;1;2;2023-08-25
Palmas;20230826;1;0;1;2023-08-26
Palmas;20230915;1;1;2;2023-09-15
Palmas;20230916;1;1;2;2023-09-16
Paracambi;20230822;1;1;2;2023-08-22
Paracambi;20230826;1;1;2;2023-08-26
Paracambi;20230907;1;1;2;2023-09-07
Paranagua;20230821;1;1;2;2023-08-21
Paranagua;20230825;1;0;1;2023-08-25
Paranagua;20230902;1;0;1;2023-09-02
Paranagua;20230903;1;0;1;2023-09-03
Paranagua;20230909;1;0;1;2023-09-09
Paranagua;20230912;1;1;2;2023-09-12
Paranagua;20230913;1;0;1;2023-09-13
Paranagua;20230915;1;0;1;2023-09-15
Paranagua;20230917;1;0;1;2023-09-17
Paranavai;20230807;1;0;1;2023-08-07
Paranavai;20230828;1;0;1;2023-08-28
Paranavai;20230830;1;1;2;2023-08-30
Paris;20230806;1;1;2;2023-08-06
Paris;20230917;1;0;1;2023-09-17
Parnaiba;20230818;1;1;2;2023-08-18
Parnaiba;20230827;1;0;1;2023-08-27
Parnamirim;20230804;1;1;2;2023-08-04
Parnamirim;20230903;1;0;1;2023-09-03
Patos de Minas;20230911;1;0;1;2023-09-11
Paulista;20230916;1;1;2;2023-09-16
Pavia;20230908;1;0;1;2023-09-08
Pelotas;20230823;1;1;2;2023-08-23
Pelotas;20230828;1;1;2;2023-08-28
Peruibe;20230806;1;0;1;2023-08-06
Petropolis;20230806;1;1;2;2023-08-06
Petropolis;20230808;1;1;2;2023-08-08
Petropolis;20230810;1;0;1;2023-08-10
Petropolis;20230811;1;1;2;2023-08-11
Petropolis;20230813;1;1;2;2023-08-13
Petropolis;20230814;1;0;1;2023-08-14
Petropolis;20230817;1;0;1;2023-08-17
Petropolis;20230820;1;1;2;2023-08-20
Petropolis;20230822;1;0;1;2023-08-22
Petropolis;20230829;1;1;2;2023-08-29
Petropolis;20230830;1;0;1;2023-08-30
Petropolis;20230902;1;0;1;2023-09-02
Petropolis;20230906;1;0;1;2023-09-06
Petropolis;20230908;1;0;1;2023-09-08
Petropolis;20230910;1;0;1;2023-09-10
Petropolis;20230911;1;0;1;2023-09-11
Petropolis;20230913;1;0;1;2023-09-13
Petropolis;20230917;1;1;2;2023-09-17
Picos;20230821;1;1;2;2023-08-21
Picos;20230916;1;1;2;2023-09-16
Pinheiro;20230808;1;1;2;2023-08-08
Piracicaba;20230808;1;1;2;2023-08-08
Pirassununga;20230915;1;1;2;2023-09-15
Piripiri;20230917;1;1;2;2023-09-17
Plaisir;20230827;1;1;2;2023-08-27
Pombal;20230803;1;1;2;2023-08-03
Pombal;20230804;1;0;1;2023-08-04
Pombal;20230817;1;0;1;2023-08-17
Pombal;20230824;1;0;1;2023-08-24
Pombal;20230903;1;0;1;2023-09-03
Ponta Grossa;20230805;1;1;2;2023-08-05
Ponta Grossa;20230815;1;1;2;2023-08-15
Ponta Grossa;20230819;1;1;2;2023-08-19
Ponta Grossa;20230820;1;1;2;2023-08-20
Ponta Grossa;20230831;1;1;2;2023-08-31
Ponta Grossa;20230907;1;0;1;2023-09-07
Ponte Nova;20230915;1;1;2;2023-09-15
Pontes e Lacerda;20230912;1;1;2;2023-09-12
Porto;20230811;1;1;2;2023-08-11
Porto;20230825;1;1;2;2023-08-25
Porto;20230906;1;1;2;2023-09-06
Porto;20230914;1;0;1;2023-09-14
Porto Alegre;20230809;1;1;2;2023-08-09
Porto Alegre;20230820;1;1;2;2023-08-20
Porto Alegre;20230824;1;1;2;2023-08-24
Porto Alegre;20230826;1;0;1;2023-08-26
Porto Alegre;20230827;1;0;1;2023-08-27
Porto Alegre;20230829;1;1;2;2023-08-29
Porto Alegre;20230902;1;1;2;2023-09-02
Porto Alegre;20230903;1;1;2;2023-09-03
Porto Alegre;20230908;1;1;2;2023-09-08
Porto Alegre;20230916;1;1;2;2023-09-16
Porto Nacional;20230831;1;1;2;2023-08-31
Porto Uniao;20230807;1;1;2;2023-08-07
Porto Velho;20230813;1;1;2;2023-08-13
Pouso Alegre;20230822;1;1;2;2023-08-22
Pouso Alegre;20230906;1;1;2;2023-09-06
Praia Grande;20230816;1;1;2;2023-08-16
Presidente Venceslau;20230806;1;1;2;2023-08-06
Primavera do Leste;20230827;1;1;2;2023-08-27
Primavera do Leste;20230908;1;1;2;2023-09-08
Puebla;20230803;1;1;2;2023-08-03
Queimadas;20230817;1;1;2;2023-08-17
Queimados;20230814;1;1;2;2023-08-14
Quito;20230904;1;1;2;2023-09-04
Recife;20230805;1;1;2;2023-08-05
Recife;20230806;1;1;2;2023-08-06
Recife;20230807;1;1;2;2023-08-07
Recife;20230808;1;1;2;2023-08-08
Recife;20230824;1;0;1;2023-08-24
Recife;20230828;1;0;1;2023-08-28
Recife;20230909;1;1;2;2023-09-09
Recife;20230912;1;0;1;2023-09-12
Recife;20230913;1;1;2;2023-09-13
Recife;20230916;1;1;2;2023-09-16
Regente Feijo;20230805;1;1;2;2023-08-05
Regente Feijo;20230913;1;1;2;2023-09-13
Resende;20230822;1;1;2;2023-08-22
Resende;20230826;1;1;2;2023-08-26
Resende;20230908;1;1;2;2023-09-08
Resende;20230910;1;0;1;2023-09-10
Resende;20230912;1;1;2;2023-09-12
Resende;20230915;1;1;2;2023-09-15
Ribeirao Preto;20230812;1;1;2;2023-08-12
Ribeirao Preto;20230817;1;1;2;2023-08-17
Ribeirao Preto;20230819;1;1;2;2023-08-19
Ribeirao Preto;20230820;1;1;2;2023-08-20
Ribeirao Preto;20230907;1;1;2;2023-09-07
Ribeirao Preto;20230909;1;1;2;2023-09-09
Ribeirao Preto;20230910;1;1;2;2023-09-10
Ribeirao das Neves;20230810;1;1;2;2023-08-10
Ribeirao das Neves;20230915;1;1;2;2023-09-15
Richmond Hill;20230912;1;1;2;2023-09-12
Riga;20230824;1;1;2;2023-08-24
Rio Bonito;20230805;1;1;2;2023-08-05
Rio Bonito;20230807;1;0;1;2023-08-07
Rio Bonito;20230808;1;0;1;2023-08-08
Rio Bonito;20230812;1;0;1;2023-08-12
Rio Bonito;20230813;1;0;1;2023-08-13
Rio Bonito;20230819;1;0;1;2023-08-19
Rio Bonito;20230821;1;0;1;2023-08-21
Rio Bonito;20230824;1;0;1;2023-08-24
Rio Bonito;20230827;1;0;1;2023-08-27
Rio Bonito;20230828;1;1;2;2023-08-28
Rio Bonito;20230903;1;0;1;2023-09-03
Rio Bonito;20230904;1;0;1;2023-09-04
Rio Bonito;20230915;1;0;1;2023-09-15
Rio Bonito;20230916;1;1;2;2023-09-16
Rio Branco;20230808;1;1;2;2023-08-08
Rio Branco;20230821;1;1;2;2023-08-21
Rio Branco;20230824;1;1;2;2023-08-24
Rio Grande;20230908;1;1;2;2023-09-08
Rio das Ostras;20230803;1;1;2;2023-08-03
Rio das Ostras;20230813;1;0;1;2023-08-13
Rio das Ostras;20230814;1;1;2;2023-08-14
Rio das Ostras;20230816;1;1;2;2023-08-16
Rio das Ostras;20230817;1;1;2;2023-08-17
Rio das Ostras;20230826;1;0;1;2023-08-26
Rio das Ostras;20230902;1;1;2;2023-09-02
Rio das Ostras;20230904;1;0;1;2023-09-04
Rio das Ostras;20230905;1;0;1;2023-09-05
Rio das Ostras;20230907;1;0;1;2023-09-07
Rio das Ostras;20230909;1;0;1;2023-09-09
Rio das Ostras;20230916;1;0;1;2023-09-16
Rio das Ostras;20230917;1;0;1;2023-09-17
Rio do Sul;20230831;1;1;2;2023-08-31
Rolandia;20230805;1;1;2;2023-08-05
Rolandia;20230811;1;1;2;2023-08-11
Rolandia;20230814;1;0;1;2023-08-14
Rolandia;20230829;1;1;2;2023-08-29
Rolandia;20230902;1;0;1;2023-09-02
Rome;20230827;1;1;2;2023-08-27
Rome;20230908;1;0;1;2023-09-08
Saint-Denis;20230918;1;1;2;2023-09-18
Sakado;20230818;1;1;2;2023-08-18
Salvador;20230803;1;1;2;2023-08-03
Salvador;20230808;1;0;1;2023-08-08
Salvador;20230811;1;1;2;2023-08-11
Salvador;20230812;1;1;2;2023-08-12
Salvador;20230813;1;1;2;2023-08-13
Salvador;20230815;1;1;2;2023-08-15
Salvador;20230817;1;0;1;2023-08-17
Salvador;20230820;1;1;2;2023-08-20
Salvador;20230823;1;1;2;2023-08-23
Salvador;20230825;1;0;1;2023-08-25
Salvador;20230830;1;1;2;2023-08-30
Salvador;20230831;1;0;1;2023-08-31
Salvador;20230901;1;0;1;2023-09-01
Salvador;20230903;1;1;2;2023-09-03
Salvador;20230907;1;0;1;2023-09-07
Salvador;20230912;1;0;1;2023-09-12
Salvador;20230914;1;1;2;2023-09-14
Salvador;20230916;1;1;2;2023-09-16
San Francisco;20230808;1;1;2;2023-08-08
San Juan;20230805;1;1;2;2023-08-05
San Salvador;20230810;1;1;2;2023-08-10
Santa Ana;20230918;1;1;2;2023-09-18
Santa Luzia;20230804;1;1;2;2023-08-04
Santa Maria;20230810;1;1;2;2023-08-10
Santa Maria;20230831;1;1;2;2023-08-31
Santa Vitoria do Palmar;20230819;1;1;2;2023-08-19
Santana;20230813;1;1;2;2023-08-13
Santo Andre;20230809;1;1;2;2023-08-09
Santo Andre;20230823;1;1;2;2023-08-23
Santo Andre;20230901;1;1;2;2023-09-01
Santo Andre;20230905;1;1;2;2023-09-05
Santo Andre;20230917;1;1;2;2023-09-17
Santo Antonio da Platina;20230821;1;1;2;2023-08-21
Santo Antonio de Jesus;20230808;1;1;2;2023-08-08
Santo Antonio de Padua;20230916;1;1;2;2023-09-16
Santos;20230806;1;1;2;2023-08-06
Santos;20230807;1;1;2;2023-08-07
Santos;20230813;1;1;2;2023-08-13
Santos;20230819;1;1;2;2023-08-19
Santos;20230824;1;1;2;2023-08-24
Santos;20230828;1;1;2;2023-08-28
Santos;20230830;1;1;2;2023-08-30
Santos;20230901;1;0;1;2023-09-01
Santos;20230904;1;0;1;2023-09-04
Santos;20230906;1;0;1;2023-09-06
Santos;20230913;1;0;1;2023-09-13
Sao Bernardo do Campo;20230816;1;0;1;2023-08-16
Sao Bernardo do Campo;20230821;1;1;2;2023-08-21
Sao Bernardo do Campo;20230902;1;0;1;2023-09-02
Sao Bernardo do Campo;20230907;1;1;2;2023-09-07
Sao Bernardo do Campo;20230910;1;1;2;2023-09-10
Sao Borja;20230909;1;1;2;2023-09-09
Sao Borja;20230916;1;0;1;2023-09-16
Sao Caetano do Sul;20230807;1;1;2;2023-08-07
Sao Carlos;20230808;1;1;2;2023-08-08
Sao Carlos;20230810;1;1;2;2023-08-10
Sao Carlos;20230908;1;1;2;2023-09-08
Sao Carlos;20230914;1;0;1;2023-09-14
Sao Francisco de Paula;20230807;1;0;1;2023-08-07
Sao Francisco de Paula;20230913;1;0;1;2023-09-13
Sao Gabriel;20230822;1;1;2;2023-08-22
Sao Goncalo;20230803;1;1;2;2023-08-03
Sao Goncalo;20230807;1;0;1;2023-08-07
Sao Goncalo;20230808;1;1;2;2023-08-08
Sao Goncalo;20230811;1;0;1;2023-08-11
Sao Goncalo;20230812;1;1;2;2023-08-12
Sao Goncalo;20230813;1;0;1;2023-08-13
Sao Goncalo;20230815;1;1;2;2023-08-15
Sao Goncalo;20230816;1;1;2;2023-08-16
Sao Goncalo;20230817;1;0;1;2023-08-17
Sao Goncalo;20230818;1;1;2;2023-08-18
Sao Goncalo;20230821;1;1;2;2023-08-21
Sao Goncalo;20230823;1;1;2;2023-08-23
Sao Goncalo;20230826;1;1;2;2023-08-26
Sao Goncalo;20230904;1;0;1;2023-09-04
Sao Goncalo;20230908;1;0;1;2023-09-08
Sao Goncalo;20230909;1;0;1;2023-09-09
Sao Goncalo;20230911;1;0;1;2023-09-11
Sao Goncalo;20230913;1;0;1;2023-09-13
Sao Joao da Boa Vista;20230904;1;1;2;2023-09-04
Sao Joao de Meriti;20230805;1;1;2;2023-08-05
Sao Joao de Meriti;20230811;1;1;2;2023-08-11
Sao Joao de Meriti;20230815;1;1;2;2023-08-15
Sao Joao de Meriti;20230823;1;1;2;2023-08-23
Sao Joao de Meriti;20230827;1;1;2;2023-08-27
Sao Joao de Meriti;20230830;1;1;2;2023-08-30
Sao Joao de Meriti;20230901;1;1;2;2023-09-01
Sao Joao de Meriti;20230903;1;1;2;2023-09-03
Sao Joao de Meriti;20230905;1;1;2;2023-09-05
Sao Joao de Meriti;20230910;1;0;1;2023-09-10
Sao Joao de Meriti;20230911;1;1;2;2023-09-11
Sao Joao de Meriti;20230914;1;0;1;2023-09-14
Sao Joao de Meriti;20230915;1;0;1;2023-09-15
Sao Joao de Meriti;20230916;1;0;1;2023-09-16
Sao Joao del Rei;20230822;1;1;2;2023-08-22
Sao Joao del Rei;20230831;1;1;2;2023-08-31
Sao Jose;20230915;1;1;2;2023-09-15
Sao Jose do Rio Preto;20230808;1;1;2;2023-08-08
Sao Jose do Rio Preto;20230821;1;1;2;2023-08-21
Sao Jose do Rio Preto;20230912;1;1;2;2023-09-12
Sao Jose dos Campos;20230808;1;1;2;2023-08-08
Sao Jose dos Campos;20230814;1;0;1;2023-08-14
Sao Jose dos Campos;20230830;1;1;2;2023-08-30
Sao Jose dos Campos;20230831;1;1;2;2023-08-31
Sao Jose dos Campos;20230902;1;1;2;2023-09-02
Sao Jose dos Pinhais;20230826;1;1;2;2023-08-26
Sao Jose dos Pinhais;20230905;1;0;1;2023-09-05
Sao Jose dos Pinhais;20230913;1;1;2;2023-09-13
Sao Jose dos Pinhais;20230915;1;1;2;2023-09-15
Sao Jose dos Pinhais;20230917;1;1;2;2023-09-17
Sao Lourenco;20230808;1;1;2;2023-08-08
Sao Lourenco;20230814;1;0;1;2023-08-14
Sao Lourenco da Mata;20230901;1;1;2;2023-09-01
Sao Luis;20230806;1;1;2;2023-08-06
Sao Luis;20230824;1;1;2;2023-08-24
Sao Luis;20230916;1;1;2;2023-09-16
Sao Mateus do Sul;20230812;1;1;2;2023-08-12
Sao Mateus do Sul;20230829;1;0;1;2023-08-29
Sao Miguel dos Campos;20230821;1;1;2;2023-08-21
Sao Paulo;20230813;1;1;2;2023-08-13
Sao Paulo;20230814;1;1;2;2023-08-14
Sao Paulo;20230909;1;1;2;2023-09-09
Sao Pedro da Aldeia;20230809;1;1;2;2023-08-09
Sao Pedro da Aldeia;20230813;1;1;2;2023-08-13
Sao Pedro da Aldeia;20230818;1;0;1;2023-08-18
Sao Pedro da Aldeia;20230820;1;0;1;2023-08-20
Sao Pedro da Aldeia;20230823;1;0;1;2023-08-23
Sao Pedro da Aldeia;20230830;1;0;1;2023-08-30
Sao Sebastiao;20230826;1;1;2;2023-08-26
Sao Sebastiao;20230915;1;0;1;2023-09-15
Sao Sebastiao;20230916;1;0;1;2023-09-16
Sao Sebastiao;20230918;1;0;1;2023-09-18
Sao Vicente;20230903;1;0;1;2023-09-03
Sapucaia do Sul;20230818;1;1;2;2023-08-18
Saquarema;20230809;1;1;2;2023-08-09
Saquarema;20230814;1;1;2;2023-08-14
Saquarema;20230824;1;1;2;2023-08-24
Saquarema;20230917;1;1;2;2023-09-17
Seattle;20230915;1;1;2;2023-09-15
Senhor do Bonfim;20230819;1;1;2;2023-08-19
Seropedica;20230807;1;1;2;2023-08-07
Seropedica;20230811;1;0;1;2023-08-11
Serra;20230807;1;1;2;2023-08-07
Serra;20230809;1;1;2;2023-08-09
Serra;20230910;1;1;2;2023-09-10
Serra;20230916;1;1;2;2023-09-16
Serra Talhada;20230824;1;1;2;2023-08-24
Serrinha;20230826;1;0;1;2023-08-26
Serrinha;20230902;1;1;2;2023-09-02
Sete Lagoas;20230829;1;1;2;2023-08-29
Shrewsbury;20230823;1;1;2;2023-08-23
Shrewsbury;20230825;1;0;1;2023-08-25
Shrewsbury;20230827;1;0;1;2023-08-27
Shrewsbury;20230901;1;0;1;2023-09-01
Shrewsbury;20230902;1;0;1;2023-09-02
Shrewsbury;20230903;1;0;1;2023-09-03
Shrewsbury;20230904;1;0;1;2023-09-04
Shrewsbury;20230905;1;0;1;2023-09-05
Shrewsbury;20230908;1;0;1;2023-09-08
Shrewsbury;20230913;1;0;1;2023-09-13
Shrewsbury;20230917;1;0;1;2023-09-17
Sorocaba;20230808;1;0;1;2023-08-08
Sorocaba;20230817;1;1;2;2023-08-17
Sorocaba;20230906;1;1;2;2023-09-06
Sorocaba;20230914;1;0;1;2023-09-14
Sorriso;20230916;1;1;2;2023-09-16
St. John's;20230912;1;1;2;2023-09-12
Sumare;20230909;1;1;2;2023-09-09
Surubim;20230818;1;1;2;2023-08-18
Tatui;20230811;1;1;2;2023-08-11
Taubate;20230918;1;0;1;2023-09-18
Teresina;20230809;1;0;1;2023-08-09
Teresina;20230810;1;1;2;2023-08-10
Teresina;20230815;1;0;1;2023-08-15
Teresina;20230826;1;1;2;2023-08-26
Teresina;20230827;1;0;1;2023-08-27
Teresina;20230916;1;1;2;2023-09-16
Teresina;20230918;1;1;2;2023-09-18
Teresopolis;20230803;1;1;2;2023-08-03
Teresopolis;20230804;1;0;1;2023-08-04
Teresopolis;20230807;1;0;1;2023-08-07
Teresopolis;20230810;1;0;1;2023-08-10
Teresopolis;20230812;1;0;1;2023-08-12
Teresopolis;20230815;1;0;1;2023-08-15
Teresopolis;20230902;1;1;2;2023-09-02
Teresopolis;20230906;1;1;2;2023-09-06
Teresopolis;20230915;1;0;1;2023-09-15
Teresopolis;20230916;1;0;1;2023-09-16
Tiangua;20230812;1;1;2;2023-08-12
Tiangua;20230906;1;0;1;2023-09-06
Timbo;20230811;1;1;2;2023-08-11
Timoteo;20230906;1;1;2;2023-09-06
Toronto;20230808;1;1;2;2023-08-08
Toronto;20230909;1;1;2;2023-09-09
Torres;20230819;1;1;2;2023-08-19
Tres Marias;20230810;1;1;2;2023-08-10
Tres Rios;20230830;1;1;2;2023-08-30
Tres Rios;20230915;1;1;2;2023-09-15
Tres Rios;20230916;1;1;2;2023-09-16
Tubarao;20230813;1;0;1;2023-08-13
Tucurui;20230825;1;1;2;2023-08-25
Uba;20230915;1;1;2;2023-09-15
Uba;20230918;1;1;2;2023-09-18
Uberaba;20230915;1;1;2;2023-09-15
Uberlandia;20230806;1;1;2;2023-08-06
Uberlandia;20230809;1;1;2;2023-08-09
Uberlandia;20230820;1;1;2;2023-08-20
Uberlandia;20230823;1;1;2;2023-08-23
Uberlandia;20230826;1;0;1;2023-08-26
Uberlandia;20230901;1;1;2;2023-09-01
Uberlandia;20230910;1;1;2;2023-09-10
Uberlandia;20230911;1;0;1;2023-09-11
Uberlandia;20230915;1;0;1;2023-09-15
Uberlandia;20230917;1;1;2;2023-09-17
Ufa;20230806;1;0;1;2023-08-06
Ufa;20230807;1;0;1;2023-08-07
Ulyanovsk;20230805;1;0;1;2023-08-05
Ulyanovsk;20230806;1;0;1;2023-08-06
Ulyanovsk;20230810;1;0;1;2023-08-10
Ulyanovsk;20230811;1;0;1;2023-08-11
Ulyanovsk;20230812;1;0;1;2023-08-12
Ulyanovsk;20230813;1;0;1;2023-08-13
Ulyanovsk;20230814;1;0;1;2023-08-14
Ulyanovsk;20230821;1;0;1;2023-08-21
Ulyanovsk;20230825;1;0;1;2023-08-25
Ulyanovsk;20230830;1;0;1;2023-08-30
Ulyanovsk;20230901;1;0;1;2023-09-01
Ulyanovsk;20230907;1;0;1;2023-09-07
Ulyanovsk;20230908;1;0;1;2023-09-08
Ulyanovsk;20230909;1;0;1;2023-09-09
Ulyanovsk;20230910;1;0;1;2023-09-10
Ulyanovsk;20230911;1;0;1;2023-09-11
Ulyanovsk;20230913;1;0;1;2023-09-13
Ulyanovsk;20230914;1;0;1;2023-09-14
Umuarama;20230901;1;1;2;2023-09-01
Valinhos;20230816;1;1;2;2023-08-16
Valrico;20230918;1;1;2;2023-09-18
Varginha;20230804;1;1;2;2023-08-04
Varginha;20230805;1;1;2;2023-08-05
Varginha;20230807;1;0;1;2023-08-07
Varginha;20230808;1;0;1;2023-08-08
Varginha;20230811;1;0;1;2023-08-11
Varginha;20230818;1;0;1;2023-08-18
Varginha;20230821;1;0;1;2023-08-21
Varginha;20230822;1;1;2;2023-08-22
Varginha;20230823;1;0;1;2023-08-23
Varginha;20230831;1;0;1;2023-08-31
Varginha;20230901;1;0;1;2023-09-01
Varginha;20230908;1;0;1;2023-09-08
Varginha;20230917;1;1;2;2023-09-17
Venancio Aires;20230824;1;0;1;2023-08-24
Venancio Aires;20230829;1;1;2;2023-08-29
Viamao;20230805;1;1;2;2023-08-05
Viamao;20230816;1;1;2;2023-08-16
Viamao;20230824;1;0;1;2023-08-24
Viamao;20230829;1;1;2;2023-08-29
Viamao;20230831;1;0;1;2023-08-31
Viamao;20230905;1;1;2;2023-09-05
Viamao;20230908;1;1;2;2023-09-08
Viamao;20230912;1;0;1;2023-09-12
Viana;20230819;1;1;2;2023-08-19
Vicosa;20230805;1;1;2;2023-08-05
Vicosa;20230818;1;1;2;2023-08-18
Vicosa;20230826;1;0;1;2023-08-26
Vicosa;20230830;1;1;2;2023-08-30
Vienna;20230901;1;1;2;2023-09-01
Vila Nova de Gaia;20230804;1;1;2;2023-08-04
Vila Nova de Gaia;20230816;1;0;1;2023-08-16
Vila Nova de Gaia;20230904;1;1;2;2023-09-04
Vila Nova de Gaia;20230906;1;0;1;2023-09-06
Vila Nova de Gaia;20230907;1;0;1;2023-09-07
Vila Nova de Gaia;20230908;1;0;1;2023-09-08
Vila Nova de Gaia;20230914;1;0;1;2023-09-14
Vila Velha;20230807;1;0;1;2023-08-07
Vila Velha;20230809;1;0;1;2023-08-09
Vila Velha;20230811;1;1;2;2023-08-11
Vila Velha;20230814;1;1;2;2023-08-14
Vila Velha;20230820;1;1;2;2023-08-20
Vila Velha;20230901;1;0;1;2023-09-01
Vila Velha;20230902;1;1;2;2023-09-02
Vila Velha;20230904;1;0;1;2023-09-04
Vila Velha;20230905;1;0;1;2023-09-05
Vila Velha;20230906;1;0;1;2023-09-06
Vila Velha;20230914;1;1;2;2023-09-14
Vila Velha;20230917;1;0;1;2023-09-17
Vila Velha;20230918;1;1;2;2023-09-18
Vincennes;20230916;1;1;2;2023-09-16
Vitoria;20230808;1;1;2;2023-08-08
Vitoria;20230811;1;0;1;2023-08-11
Vitoria;20230823;1;0;1;2023-08-23
Vitoria;20230825;1;0;1;2023-08-25
Vitoria;20230829;1;0;1;2023-08-29
Vitoria;20230831;1;0;1;2023-08-31
Vitoria;20230904;1;1;2;2023-09-04
Vitoria;20230906;1;0;1;2023-09-06
Vitoria;20230914;1;0;1;2023-09-14
Vitoria;20230918;1;0;1;2023-09-18
Vitoria da Conquista;20230803;1;1;2;2023-08-03
Vitoria da Conquista;20230811;1;0;1;2023-08-11
Vitoria da Conquista;20230818;1;0;1;2023-08-18
Vitoria da Conquista;20230821;1;1;2;2023-08-21
Vitoria da Conquista;20230915;1;0;1;2023-09-15
Vitoria da Conquista;20230917;1;1;2;2023-09-17
Volta Redonda;20230910;1;0;1;2023-09-10
Votorantim;20230822;1;1;2;2023-08-22
Waterloo;20230808;1;1;2;2023-08-08
Windermere;20230914;1;0;1;2023-09-14
Wolverhampton;20230914;1;1;2;2023-09-14
Xangri-la;20230807;1;1;2;2023-08-07
Xangri-la;20230813;1;1;2;2023-08-13
Xangri-la;20230824;1;0;1;2023-08-24
Xangri-la;20230826;1;0;1;2023-08-26
Xangri-la;20230902;1;0;1;2023-09-02
Xanxere;20230821;1;1;2;2023-08-21
Zurich;20230803;1;1;2;2023-08-03
Rio de Janeiro;20230919;52;21;54;2023-09-19
Rio de Janeiro;20230921;48;14;63;2023-09-21
Rio de Janeiro;20230918;38;19;40;2023-09-18
Rio de Janeiro;20230920;38;16;38;2023-09-20
Rio de Janeiro;20230922;27;11;31;2023-09-22
Rio de Janeiro;20230923;23;11;28;2023-09-23
Rio de Janeiro;20230924;13;3;18;2023-09-24
Sao Paulo;20230921;9;6;8;2023-09-21
Sao Paulo;20230924;9;8;9;2023-09-24
(not set);20230922;8;4;7;2023-09-22
(not set);20230923;7;5;6;2023-09-23
Sao Paulo;20230919;7;4;8;2023-09-19
Sao Paulo;20230923;7;5;6;2023-09-23
(not set);20230919;6;6;6;2023-09-19
Brasilia;20230918;6;4;5;2023-09-18
Brasilia;20230920;6;2;7;2023-09-20
Sao Paulo;20230918;6;5;4;2023-09-18
(not set);20230918;5;4;2;2023-09-18
(not set);20230920;5;5;4;2023-09-20
(not set);20230924;5;5;3;2023-09-24
Brasilia;20230922;5;0;6;2023-09-22
Sao Paulo;20230920;5;3;5;2023-09-20
Sao Paulo;20230922;5;3;4;2023-09-22
(not set);20230921;4;3;4;2023-09-21
Brasilia;20230923;4;1;6;2023-09-23
Brasilia;20230924;4;3;4;2023-09-24
Niteroi;20230921;4;2;4;2023-09-21
Petropolis;20230920;4;2;4;2023-09-20
Belem;20230918;3;2;1;2023-09-18
Brasilia;20230921;3;1;4;2023-09-21
Goiania;20230919;3;2;2;2023-09-19
Juiz de Fora;20230921;3;0;3;2023-09-21
Niteroi;20230918;3;0;3;2023-09-18
Niteroi;20230919;3;3;3;2023-09-19
Niteroi;20230920;3;2;2;2023-09-20
Petropolis;20230918;3;0;3;2023-09-18
Petropolis;20230919;3;2;3;2023-09-19
Recife;20230918;3;2;2;2023-09-18
Aracaju;20230919;2;2;1;2023-09-19
Araraquara;20230924;2;1;1;2023-09-24
Belo Horizonte;20230922;2;2;1;2023-09-22
Blumenau;20230923;2;2;1;2023-09-23
Brasilia;20230919;2;0;3;2023-09-19
Chiyoda City;20230919;2;2;0;2023-09-19
Contagem;20230920;2;2;2;2023-09-20
Curitiba;20230924;2;2;1;2023-09-24
Duque de Caxias;20230920;2;1;3;2023-09-20
Juiz de Fora;20230920;2;1;3;2023-09-20
Manaus;20230918;2;1;3;2023-09-18
Manaus;20230921;2;1;4;2023-09-21
Manaus;20230923;2;2;1;2023-09-23
Niteroi;20230922;2;1;2;2023-09-22
Petropolis;20230921;2;0;2;2023-09-21
Recife;20230924;2;1;2;2023-09-24
Rio das Ostras;20230922;2;1;2;2023-09-22
Salvador;20230918;2;2;2;2023-09-18
Salvador;20230919;2;1;1;2023-09-19
Sao Goncalo;20230918;2;1;1;2023-09-18
Sao Goncalo;20230919;2;1;1;2023-09-19
Sao Goncalo;20230924;2;1;2;2023-09-24
Sete Lagoas;20230922;2;2;1;2023-09-22
Uba;20230921;2;2;3;2023-09-21
Vila Velha;20230922;2;1;2;2023-09-22
Vitoria;20230922;2;1;2;2023-09-22
Abaetetuba;20230919;1;1;1;2023-09-19
Agudos;20230918;1;1;0;2023-09-18
Amadora;20230923;1;1;1;2023-09-23
Americo Brasiliense;20230921;1;1;0;2023-09-21
Anapolis;20230922;1;1;1;2023-09-22
Arapiraca;20230923;1;1;0;2023-09-23
Ararangua;20230921;1;1;1;2023-09-21
Araraquara;20230918;1;0;0;2023-09-18
Araruama;20230918;1;0;1;2023-09-18
Arcos;20230924;1;1;1;2023-09-24
Armacao dos Buzios;20230921;1;1;1;2023-09-21
Banbury;20230921;1;1;2;2023-09-21
Bauru;20230923;1;1;1;2023-09-23
Bauru;20230924;1;1;1;2023-09-24
Beja;20230922;1;1;1;2023-09-22
Belem;20230919;1;1;1;2023-09-19
Belem;20230920;1;1;0;2023-09-20
Belo Horizonte;20230921;1;0;1;2023-09-21
Belo Horizonte;20230923;1;1;1;2023-09-23
Belo Horizonte;20230924;1;0;1;2023-09-24
Bergen Municipality;20230919;1;1;1;2023-09-19
Berisso;20230919;1;1;0;2023-09-19
Blumenau;20230919;1;1;1;2023-09-19
Braco do Norte;20230922;1;1;1;2023-09-22
Cabo Frio;20230920;1;1;1;2023-09-20
Cabo Frio;20230922;1;1;0;2023-09-22
Cabo Frio;20230924;1;1;0;2023-09-24
Caetite;20230922;1;1;1;2023-09-22
Cagliari;20230921;1;0;1;2023-09-21
Camboriu;20230921;1;1;1;2023-09-21
Campo Largo;20230920;1;1;0;2023-09-20
Campos dos Goytacazes;20230921;1;0;1;2023-09-21
Campos dos Goytacazes;20230922;1;1;1;2023-09-22
Campos dos Goytacazes;20230923;1;0;1;2023-09-23
Campos dos Goytacazes;20230924;1;1;1;2023-09-24
Canton;20230919;1;1;0;2023-09-19
Canton;20230921;1;1;0;2023-09-21
Cataguases;20230919;1;1;1;2023-09-19
Caxias do Sul;20230922;1;0;1;2023-09-22
Chiyoda City;20230920;1;1;1;2023-09-20
Codo;20230919;1;1;1;2023-09-19
Criciuma;20230919;1;1;1;2023-09-19
Curitiba;20230923;1;1;1;2023-09-23
Duque de Caxias;20230919;1;0;1;2023-09-19
Duque de Caxias;20230921;1;0;1;2023-09-21
Duque de Caxias;20230923;1;1;0;2023-09-23
Extrema;20230922;1;1;0;2023-09-22
Feira de Santana;20230918;1;1;1;2023-09-18
Feira de Santana;20230921;1;1;1;2023-09-21
Florianopolis;20230919;1;0;1;2023-09-19
Florianopolis;20230920;1;1;1;2023-09-20
Florianopolis;20230924;1;1;1;2023-09-24
Fortaleza;20230918;1;1;0;2023-09-18
Fortaleza;20230919;1;1;1;2023-09-19
Fortaleza;20230922;1;0;1;2023-09-22
Fortaleza;20230923;1;1;1;2023-09-23
Fortaleza;20230924;1;1;0;2023-09-24
Goiania;20230918;1;1;1;2023-09-18
Goiania;20230922;1;0;1;2023-09-22
Goiania;20230923;1;1;1;2023-09-23
Governador Valadares;20230923;1;1;1;2023-09-23
Guarapari;20230918;1;0;0;2023-09-18
Guarapari;20230920;1;0;1;2023-09-20
Guarapari;20230921;1;0;1;2023-09-21
Guarapari;20230922;1;0;1;2023-09-22
Guarapari;20230923;1;0;1;2023-09-23
Guaratingueta;20230918;1;0;1;2023-09-18
Guaratingueta;20230919;1;0;1;2023-09-19
Horizonte;20230924;1;1;1;2023-09-24
Ico;20230921;1;1;0;2023-09-21
Ilhabela;20230921;1;0;1;2023-09-21
Indaiatuba;20230920;1;0;1;2023-09-20
Indaiatuba;20230921;1;0;0;2023-09-21
Itabuna;20230923;1;1;1;2023-09-23
Itaguai;20230920;1;1;1;2023-09-20
Itaguai;20230922;1;1;1;2023-09-22
Itaperuna;20230920;1;0;1;2023-09-20
Itapetininga;20230923;1;1;1;2023-09-23
Jaguariuna;20230918;1;1;1;2023-09-18
Joao Pessoa;20230918;1;1;2;2023-09-18
Joao Pessoa;20230919;1;0;1;2023-09-19
Joao Pessoa;20230920;1;1;0;2023-09-20
Joinville;20230918;1;0;1;2023-09-18
Jose Bonifacio;20230924;1;0;1;2023-09-24
Juiz de Fora;20230922;1;0;1;2023-09-22
Juiz de Fora;20230923;1;0;2;2023-09-23
Jundiai;20230921;1;1;1;2023-09-21
Jundiai;20230922;1;1;1;2023-09-22
Jundiai;20230923;1;1;1;2023-09-23
Lages;20230919;1;1;1;2023-09-19
Lages;20230924;1;1;1;2023-09-24
Lencois Paulista;20230921;1;1;1;2023-09-21
London;20230918;1;1;2;2023-09-18
Macae;20230919;1;0;1;2023-09-19
Macaiba;20230921;1;1;1;2023-09-21
Maceio;20230919;1;0;0;2023-09-19
Maceio;20230920;1;1;1;2023-09-20
Maceio;20230923;1;0;1;2023-09-23
Manaus;20230919;1;0;2;2023-09-19
Manaus;20230920;1;0;2;2023-09-20
Manaus;20230922;1;0;1;2023-09-22
Manaus;20230924;1;1;1;2023-09-24
Mangaratiba;20230918;1;1;1;2023-09-18
Marechal Deodoro;20230920;1;0;1;2023-09-20
Marica;20230922;1;0;1;2023-09-22
Marica;20230923;1;0;1;2023-09-23
Maringa;20230923;1;1;0;2023-09-23
Mesquita;20230924;1;1;1;2023-09-24
Mexico City;20230921;1;1;2;2023-09-21
Milan;20230921;1;0;1;2023-09-21
Monte Aprazivel;20230922;1;0;1;2023-09-22
Monte Aprazivel;20230924;1;0;0;2023-09-24
Montevideo;20230919;1;1;1;2023-09-19
Natal;20230920;1;1;2;2023-09-20
Niteroi;20230923;1;1;1;2023-09-23
Nova Friburgo;20230918;1;1;1;2023-09-18
Nova Friburgo;20230921;1;1;0;2023-09-21
Nova Friburgo;20230922;1;1;1;2023-09-22
Nova Iguacu;20230918;1;1;1;2023-09-18
Nova Iguacu;20230921;1;1;1;2023-09-21
Nova Iguacu;20230922;1;1;0;2023-09-22
Nova Iguacu;20230923;1;1;1;2023-09-23
Nova Iguacu;20230924;1;1;1;2023-09-24
Novo Hamburgo;20230924;1;1;1;2023-09-24
Ouro Preto;20230920;1;0;1;2023-09-20
Palhoca;20230919;1;1;0;2023-09-19
Palmas;20230920;1;1;1;2023-09-20
Paranagua;20230922;1;1;1;2023-09-22
Paris;20230922;1;0;1;2023-09-22
Paris;20230923;1;0;1;2023-09-23
Parnamirim;20230920;1;0;1;2023-09-20
Patos de Minas;20230919;1;0;1;2023-09-19
Paulista;20230922;1;1;1;2023-09-22
Pelotas;20230919;1;0;0;2023-09-19
Pelotas;20230922;1;1;1;2023-09-22
Petropolis;20230924;1;1;1;2023-09-24
Pinheiral;20230922;1;1;0;2023-09-22
Pombal;20230920;1;0;1;2023-09-20
Porto Alegre;20230922;1;1;0;2023-09-22
Porto Alegre;20230924;1;1;0;2023-09-24
Primavera do Leste;20230920;1;1;1;2023-09-20
Recife;20230919;1;1;1;2023-09-19
Resende;20230923;1;0;1;2023-09-23
Ribeirao Preto;20230919;1;1;1;2023-09-19
Rio Bonito;20230919;1;0;2;2023-09-19
Rio Bonito;20230920;1;0;2;2023-09-20
Rio Bonito;20230923;1;0;1;2023-09-23
Rio Branco;20230921;1;1;1;2023-09-21
Rio Verde;20230921;1;1;0;2023-09-21
Rolandia;20230919;1;1;1;2023-09-19
Rolandia;20230921;1;1;1;2023-09-21
Saint-Denis;20230918;1;1;1;2023-09-18
Saint-Denis;20230919;1;0;1;2023-09-19
Salvador;20230920;1;0;1;2023-09-20
Santa Ana;20230918;1;1;0;2023-09-18
Santa Izabel do Para;20230919;1;1;1;2023-09-19
Santa Rita;20230921;1;1;1;2023-09-21
Santos;20230923;1;1;1;2023-09-23
Sao Goncalo;20230921;1;0;0;2023-09-21
Sao Goncalo;20230922;1;0;0;2023-09-22
Sao Joao de Meriti;20230924;1;1;1;2023-09-24
Sao Leopoldo;20230920;1;1;1;2023-09-20
Sao Lourenco;20230922;1;0;2;2023-09-22
Sao Lourenco;20230923;1;0;1;2023-09-23
Sao Sebastiao;20230918;1;0;1;2023-09-18
Sao Sebastiao;20230919;1;0;4;2023-09-19
Sao Sebastiao;20230920;1;0;4;2023-09-20
Sao Sebastiao;20230921;1;0;3;2023-09-21
Sao Sebastiao;20230922;1;0;1;2023-09-22
Sao Sebastiao;20230923;1;0;5;2023-09-23
Seropedica;20230921;1;1;1;2023-09-21
Seropedica;20230924;1;1;0;2023-09-24
Shrewsbury;20230919;1;0;1;2023-09-19
Shrewsbury;20230922;1;1;0;2023-09-22
Shrewsbury;20230923;1;0;1;2023-09-23
Sorocaba;20230919;1;1;1;2023-09-19
Taubate;20230918;1;0;1;2023-09-18
Teresina;20230918;1;1;1;2023-09-18
Teresina;20230920;1;0;1;2023-09-20
Teresina;20230922;1;0;1;2023-09-22
Teresopolis;20230921;1;0;2;2023-09-21
Teresopolis;20230922;1;0;2;2023-09-22
Teresopolis;20230923;1;0;3;2023-09-23
Teresopolis;20230924;1;0;4;2023-09-24
Timbo;20230922;1;1;1;2023-09-22
Tres Pontas;20230919;1;1;0;2023-09-19
Tres Rios;20230920;1;1;1;2023-09-20
Uba;20230918;1;1;1;2023-09-18
Valinhos;20230920;1;1;0;2023-09-20
Valrico;20230918;1;1;1;2023-09-18
Vila Velha;20230918;1;1;1;2023-09-18
Vitoria;20230918;1;0;1;2023-09-18
Vitoria;20230919;1;0;2;2023-09-19
Vitoria;20230920;1;0;1;2023-09-20
Vitoria;20230921;1;0;1;2023-09-21
Vitoria;20230923;1;1;1;2023-09-23
Vitoria da Conquista;20230922;1;0;1;2023-09-22
Volta Redonda;20230920;1;1;1;2023-09-20
Xanxere;20230920;1;1;1;2023-09-20
Aracaju;20230920;0;0;0;2023-09-20
Barra do Garcas;20230918;0;0;0;2023-09-18
Camboriu;20230919;0;0;0;2023-09-19
Camboriu;20230922;0;0;0;2023-09-22
Carmo do Paranaiba;20230920;0;0;0;2023-09-20
Cuiaba;20230919;0;0;0;2023-09-19
Cuiaba;20230921;0;0;0;2023-09-21
Cuiaba;20230924;0;0;0;2023-09-24
Joao Pessoa;20230924;0;0;0;2023-09-24
Marechal Deodoro;20230921;0;0;0;2023-09-21
Marica;20230919;0;0;0;2023-09-19
Nova Iguacu;20230920;0;0;0;2023-09-20
Nova Iguacu;20230920;0;0;0;2023-09-28
Rio de Janeiro;20230928;55;18;68;2023-09-27
Rio de Janeiro;20230927;45;21;42;2023-09-29
Rio de Janeiro;20230929;43;13;47;2023-09-25
Rio de Janeiro;20230925;40;18;49;2023-09-26
Rio de Janeiro;20230926;37;10;43;2023-09-30
Rio de Janeiro;20230930;33;14;35;2023-10-01
Rio de Janeiro;20231001;22;9;25;2023-09-27
Sao Paulo;20230927;19;15;15;2023-09-27
(not set);20230927;11;10;7;2023-09-30
(not set);20230930;11;10;7;2023-09-26
Brasilia;20230926;9;5;10;2023-09-28
Sao Paulo;20230928;9;4;8;2023-09-27
Brasilia;20230927;8;2;9;2023-09-26
(not set);20230926;7;6;5;2023-09-28
Brasilia;20230928;7;1;9;2023-10-02
Rio de Janeiro;20231002;7;2;0;2023-09-30
Sao Paulo;20230930;7;5;7;2023-10-01
Sao Paulo;20231001;7;5;4;2023-09-28
Niteroi;20230928;6;3;9;2023-09-26
Sao Paulo;20230926;6;4;11;2023-09-29
Sao Paulo;20230929;6;4;6;2023-09-29
(not set);20230929;5;4;5;2023-09-26
Niteroi;20230926;5;4;5;2023-09-27
Niteroi;20230927;5;3;6;2023-09-25
Sao Paulo;20230925;5;4;5;2023-09-28
(not set);20230928;4;4;4;2023-09-25
Brasilia;20230925;4;2;4;2023-09-30
Brasilia;20230930;4;0;4;2023-09-27
Porto Alegre;20230927;4;4;4;2023-10-01
Sao Goncalo;20231001;4;2;3;2023-09-25
(not set);20230925;3;3;2;2023-09-27
Belem;20230927;3;2;4;2023-09-29
Brasilia;20230929;3;1;3;2023-09-29
Niteroi;20230929;3;2;3;2023-09-28
Petropolis;20230928;3;1;3;2023-09-27
Salvador;20230927;3;3;2;2023-09-30
Salvador;20230930;3;3;1;2023-09-29
Vitoria;20230929;3;2;3;2023-09-29
Belem;20230929;2;1;2;2023-10-01
Belem;20231001;2;1;2;2023-09-28
Brusque;20230928;2;2;0;2023-09-30
Caraguatatuba;20230930;2;1;2;2023-09-30
Cuiaba;20230930;2;2;1;2023-10-01
Cuiaba;20231001;2;2;1;2023-09-27
Duque de Caxias;20230927;2;1;3;2023-10-01
Fortaleza;20231001;2;2;1;2023-09-28
Goiania;20230928;2;0;2;2023-10-01
Goiania;20231001;2;1;2;2023-09-28
Itaperuna;20230928;2;2;2;2023-09-25
Juiz de Fora;20230925;2;0;2;2023-10-01
Juiz de Fora;20231001;2;0;3;2023-09-27
Maceio;20230927;2;1;7;2023-09-28
Maceio;20230928;2;0;6;2023-09-30
Maceio;20230930;2;0;9;2023-09-27
Manaus;20230927;2;2;1;2023-10-01
Manaus;20231001;2;2;2;2023-09-28
Marica;20230928;2;0;2;2023-09-27
Natal;20230927;2;1;2;2023-09-28
Natal;20230928;2;1;2;2023-09-25
Niteroi;20230925;2;1;2;2023-09-30
Niteroi;20230930;2;2;1;2023-09-28
Nova Friburgo;20230928;2;1;1;2023-09-26
Nova Iguacu;20230926;2;1;2;2023-09-28
Nova Iguacu;20230928;2;1;2;2023-10-01
Porto Alegre;20231001;2;1;1;2023-09-26
Sao Bernardo do Campo;20230926;2;1;1;2023-09-30
Sao Goncalo;20230930;2;1;1;2023-09-27
Serra;20230927;2;2;3;2023-09-28
Uberlandia;20230928;2;2;1;2023-09-30
Vila Velha;20230930;2;1;1;2023-09-30
Vitoria;20230930;2;0;2;2023-10-01
(not set);20231001;1;1;1;2023-09-29
Aalborg;20230929;1;1;0;2023-09-28
Amadora;20230928;1;0;1;2023-09-25
Angra dos Reis;20230925;1;1;0;2023-09-30
Aparecida de Goiania;20230930;1;1;1;2023-09-27
Araguari;20230927;1;1;1;2023-09-26
Araraquara;20230926;1;0;2;2023-09-30
Araraquara;20230930;1;0;2;2023-09-28
Araruama;20230928;1;1;2;2023-09-29
Araruama;20230929;1;0;1;2023-10-01
Araruama;20231001;1;0;1;2023-09-26
Atlanta;20230926;1;0;0;2023-09-26
Barra Mansa;20230926;1;1;1;2023-10-01
Barra Mansa;20231001;1;1;2;2023-09-26
Barra do Garcas;20230926;1;0;0;2023-09-28
Barra do Garcas;20230928;1;1;0;2023-09-28
Belem;20230928;1;1;0;2023-09-26
Belford Roxo;20230926;1;1;1;2023-09-29
Belford Roxo;20230929;1;1;1;2023-09-25
Belo Horizonte;20230925;1;1;1;2023-09-27
Belo Horizonte;20230927;1;0;1;2023-09-28
Belo Horizonte;20230928;1;0;1;2023-10-01
Belo Horizonte;20231001;1;0;0;2023-09-28
Birigui;20230928;1;1;1;2023-09-25
Blumenau;20230925;1;1;1;2023-09-26
Blumenau;20230926;1;1;1;2023-09-28
Blumenau;20230928;1;1;1;2023-10-01
Brasilia;20231001;1;1;1;2023-09-25
Buenos Aires;20230925;1;1;1;2023-09-26
Buenos Aires;20230926;1;1;1;2023-09-27
Cabo Frio;20230927;1;1;1;2023-09-28
Cabo Frio;20230928;1;1;1;2023-09-29
Cabo Frio;20230929;1;1;0;2023-09-27
Cacoal;20230927;1;1;0;2023-09-28
Cagliari;20230928;1;1;0;2023-10-01
Camaqua;20231001;1;1;1;2023-09-25
Campinas;20230925;1;0;1;2023-09-27
Campinas;20230927;1;1;0;2023-09-28
Campinas;20230928;1;1;1;2023-09-30
Campinas;20230930;1;1;1;2023-09-27
Campo Grande;20230927;1;0;2;2023-09-28
Campo Grande;20230928;1;0;0;2023-09-30
Campos dos Goytacazes;20230930;1;1;1;2023-10-01
Caraguatatuba;20231001;1;0;1;2023-09-27
Carangola;20230927;1;1;1;2023-09-25
Casimiro de Abreu;20230925;1;1;1;2023-09-26
Casimiro de Abreu;20230926;1;0;0;2023-09-28
Caxias do Sul;20230928;1;1;1;2023-09-29
Caxias do Sul;20230929;1;1;1;2023-09-30
Cerqueira Cesar;20230930;1;1;1;2023-09-29
Chesaning;20230929;1;0;1;2023-09-26
Cidade Ocidental;20230926;1;1;0;2023-09-29
Clarksburg;20230929;1;1;1;2023-09-29
Concordia;20230929;1;1;1;2023-09-27
Cordoba;20230927;1;1;0;2023-10-01
Cruz das Almas;20231001;1;1;1;2023-09-26
Cuiaba;20230926;1;1;1;2023-09-27
Cuiaba;20230927;1;1;0;2023-09-28
Curitiba;20230928;1;1;1;2023-09-29
Curitiba;20230929;1;1;1;2023-10-01
Curitiba;20231001;1;0;1;2023-09-30
Duque de Caxias;20230930;1;0;1;2023-10-01
Duque de Caxias;20231001;1;0;0;2023-09-28
Extrema;20230928;1;1;1;2023-09-27
Feira de Santana;20230927;1;1;1;2023-09-27
Florianopolis;20230927;1;0;1;2023-09-26
Fortaleza;20230926;1;1;1;2023-09-28
Fortaleza;20230928;1;0;2;2023-09-30
Fortaleza;20230930;1;1;1;2023-09-26
Foz do Iguacu;20230926;1;0;1;2023-09-25
Franca;20230925;1;1;1;2023-09-29
Goiania;20230929;1;0;1;2023-09-30
Goiania;20230930;1;0;1;2023-09-27
Governador Valadares;20230927;1;1;0;2023-09-28
Gravatai;20230928;1;1;1;2023-09-27
Guarapari;20230927;1;0;1;2023-09-29
Guarulhos;20230929;1;1;1;2023-09-27
Gunungsitoli Barat;20230927;1;1;0;2023-09-30
Gunungsitoli Barat;20230930;1;0;1;2023-09-26
Houston;20230926;1;1;1;2023-10-01
Indaial;20231001;1;1;1;2023-09-27
Issaquah;20230927;1;1;1;2023-09-25
Itaguai;20230925;1;1;1;2023-09-25
Itajuba;20230925;1;0;1;2023-09-26
Itajuba;20230926;1;1;1;2023-09-27
Itajuba;20230927;1;0;1;2023-10-01
Itajuba;20231001;1;1;1;2023-09-25
Itanhaem;20230925;1;1;1;2023-09-27
Itapecerica da Serra;20230927;1;1;1;2023-09-27
Itaperuna;20230927;1;0;1;2023-09-27
Itapevi;20230927;1;1;1;2023-09-28
Joao Monlevade;20230928;1;0;1;2023-10-01
Joao Pessoa;20231001;1;1;1;2023-09-27
Joinville;20230927;1;1;1;2023-09-29
Joinville;20230929;1;1;1;2023-09-26
Jose Bonifacio;20230926;1;1;1;2023-09-27
Jose Bonifacio;20230927;1;1;1;2023-10-01
Jose Bonifacio;20231001;1;1;1;2023-09-27
Juiz de Fora;20230927;1;0;1;2023-09-28
Juiz de Fora;20230928;1;0;1;2023-09-29
Juiz de Fora;20230929;1;0;1;2023-09-28
Jundiai;20230928;1;1;1;2023-09-28
Limoeiro do Norte;20230928;1;1;1;2023-09-26
Lugo;20230926;1;1;1;2023-09-28
Macae;20230928;1;0;1;2023-09-25
Maceio;20230925;1;0;1;2023-09-26
Maceio;20230926;1;0;5;2023-09-29
Maceio;20230929;1;0;4;2023-09-27
Machado;20230927;1;1;0;2023-09-25
Mafra;20230925;1;1;1;2023-09-25
Mage;20230925;1;1;1;2023-09-26
Manaus;20230926;1;0;2;2023-09-29
Manaus;20230929;1;1;1;2023-10-01
Maracanau;20231001;1;1;0;2023-09-29
Marataizes;20230929;1;1;1;2023-09-28
Marechal Deodoro;20230928;1;0;1;2023-09-30
Marechal Deodoro;20230930;1;0;1;2023-09-26
Marica;20230926;1;0;2;2023-09-27
Marica;20230927;1;0;2;2023-09-29
Marica;20230929;1;0;1;2023-09-30
Marica;20230930;1;0;1;2023-09-26
Mexico City;20230926;1;0;1;2023-09-27
Montes Claros;20230927;1;1;1;2023-09-29
Montijo;20230929;1;1;0;2023-09-30
New York;20230930;1;1;0;2023-10-01
Niteroi;20231001;1;1;2;2023-09-30
Nova Friburgo;20230930;1;1;1;2023-09-29
Novo Gama;20230929;1;1;1;2023-09-30
Novo Hamburgo;20230930;1;1;0;2023-09-25
Osasco;20230925;1;1;1;2023-09-27
Paranavai;20230927;1;1;1;2023-09-26
Paris;20230926;1;0;2;2023-09-28
Pedreira;20230928;1;1;1;2023-09-30
Petrolina;20230930;1;0;1;2023-09-29
Petropolis;20230929;1;1;1;2023-09-30
Petropolis;20230930;1;0;1;2023-10-01
Petropolis;20231001;1;1;1;2023-09-28
Piracicaba;20230928;1;1;1;2023-09-27
Pombal;20230927;1;0;1;2023-09-25
Porto Alegre;20230925;1;1;1;2023-09-29
Porto Alegre;20230929;1;1;1;2023-09-30
Porto Alegre;20230930;1;1;1;2023-10-02
Porto Alegre;20231002;1;0;0;2023-09-30
Rafael Castillo;20230930;1;1;0;2023-09-26
Recife;20230926;1;1;1;2023-09-30
Recife;20230930;1;1;0;2023-09-26
Ribeirao Preto;20230926;1;1;1;2023-09-27
Ribeirao das Neves;20230927;1;1;1;2023-09-29
Ribeirao das Neves;20230929;1;0;0;2023-09-26
Rio Bonito;20230926;1;0;1;2023-09-27
Rio Bonito;20230927;1;0;1;2023-09-29
Rio Bonito;20230929;1;0;1;2023-09-30
Rio Bonito;20230930;1;0;1;2023-10-01
Rio Bonito;20231001;1;1;1;2023-09-27
Rio Branco;20230927;1;1;2;2023-09-29
Rio Branco;20230929;1;0;1;2023-09-28
Rio das Ostras;20230928;1;1;1;2023-09-30
Rio das Ostras;20230930;1;0;1;2023-10-01
Rio das Ostras;20231001;1;1;1;2023-09-30
Roberval;20230930;1;1;1;2023-09-28
Salerno;20230928;1;1;1;2023-09-26
Salvador;20230926;1;1;1;2023-10-01
San Antonio;20231001;1;1;0;2023-09-29
Santos;20230929;1;1;1;2023-09-30
Sao Bernardo do Campo;20230930;1;1;0;2023-09-27
Sao Gabriel;20230927;1;1;1;2023-09-26
Sao Goncalo;20230926;1;1;1;2023-09-28
Sao Goncalo;20230928;1;1;1;2023-09-27
Sao Joao de Meriti;20230927;1;1;1;2023-09-30
Sao Joao de Meriti;20230930;1;0;1;2023-09-26
Sao Jose dos Campos;20230926;1;0;1;2023-09-27
Sao Jose dos Campos;20230927;1;1;1;2023-09-29
Sao Jose dos Campos;20230929;1;0;1;2023-09-26
Sao Luis;20230926;1;1;1;2023-10-01
Sao Roque;20231001;1;1;0;2023-09-25
Sao Sebastiao;20230925;1;0;3;2023-09-26
Sao Sebastiao;20230926;1;0;1;2023-09-27
Sao Sebastiao;20230927;1;0;1;2023-10-01
Sapucaia;20231001;1;0;1;2023-09-25
Serra;20230925;1;1;2;2023-09-29
Serra;20230929;1;0;1;2023-09-30
Serra;20230930;1;0;1;2023-10-01
Serra;20231001;1;1;1;2023-09-27
Setubal;20230927;1;1;1;2023-09-29
Shrewsbury;20230929;1;0;3;2023-10-01
Teresina;20231001;1;0;1;2023-09-25
Teresopolis;20230925;1;0;2;2023-09-30
Toronto;20230930;1;0;0;2023-09-26
Tres Rios;20230926;1;1;1;2023-09-27
Tres Rios;20230927;1;1;1;2023-09-25
Troy;20230925;1;1;1;2023-09-30
Ulyanovsk;20230930;1;0;1;2023-10-01
Ulyanovsk;20231001;1;0;1;2023-09-26
Varginha;20230926;1;0;1;2023-09-30
Varginha;20230930;1;0;1;2023-09-26
Viamao;20230926;1;0;1;2023-09-27
Viamao;20230927;1;0;1;2023-09-29
Viamao;20230929;1;1;0;2023-09-27
Vicosa;20230927;1;1;1;2023-09-25
Vila Nova de Gaia;20230925;1;1;0;2023-09-27
Vila Velha;20230927;1;1;1;2023-09-29
Vila Velha;20230929;1;1;1;2023-10-01
Vila Velha;20231001;1;0;1;2023-09-25
Vitoria;20230925;1;1;1;2023-09-26
Vitoria;20230926;1;0;2;2023-09-28
Vitoria;20230928;1;0;1;2023-09-26
Volta Redonda;20230926;1;1;1;2023-09-26
Xangri-la;20230926;1;0;1;2023-09-28
Xinguara;20230928;1;1;0;2023-10-02
Caraguatatuba;20231002;0;1;0;2023-09-27
Rio de Janeiro;20231005;64;29;69;2023-10-05
Rio de Janeiro;20231006;57;29;58;2023-10-06
Rio de Janeiro;20231003;38;15;40;2023-10-03
Rio de Janeiro;20231007;38;17;41;2023-10-07
Rio de Janeiro;20231002;35;15;44;2023-10-02
Rio de Janeiro;20231004;34;21;35;2023-10-04
Rio de Janeiro;20231008;34;14;37;2023-10-08
Sao Paulo;20231004;14;13;7;2023-10-04
Sao Paulo;20231003;13;10;10;2023-10-03
(not set);20231007;11;11;8;2023-10-07
(not set);20231005;10;9;9;2023-10-05
(not set);20231008;9;7;9;2023-10-08
Sao Paulo;20231005;9;7;8;2023-10-05
Belo Horizonte;20231005;8;7;6;2023-10-05
Brasilia;20231005;8;4;9;2023-10-05
Brasilia;20231006;8;3;7;2023-10-06
(not set);20231006;7;5;6;2023-10-06
Niteroi;20231008;7;3;8;2023-10-08
Sao Paulo;20231002;7;7;6;2023-10-02
Sao Paulo;20231007;6;2;9;2023-10-07
Sao Paulo;20231008;6;2;4;2023-10-08
(not set);20231003;5;4;4;2023-10-03
Brasilia;20231004;5;3;8;2023-10-04
Manaus;20231003;5;4;6;2023-10-03
Niteroi;20231005;5;1;7;2023-10-05
Porto Alegre;20231005;5;3;3;2023-10-05
Sao Paulo;20231006;5;3;6;2023-10-06
(not set);20231004;4;4;1;2023-10-04
Brasilia;20231002;4;3;4;2023-10-02
Brasilia;20231007;4;3;3;2023-10-07
Juiz de Fora;20231005;4;1;5;2023-10-05
Manaus;20231002;4;3;4;2023-10-02
Niteroi;20231006;4;2;4;2023-10-06
(not set);20231002;3;3;2;2023-10-02
Belem;20231006;3;2;3;2023-10-06
Belo Horizonte;20231008;3;2;2;2023-10-08
Brasilia;20231003;3;0;4;2023-10-03
Duque de Caxias;20231008;3;1;2;2023-10-08
Fortaleza;20231004;3;2;3;2023-10-04
Fortaleza;20231005;3;2;2;2023-10-05
Fortaleza;20231006;3;2;3;2023-10-06
Goiania;20231004;3;2;2;2023-10-04
Macae;20231005;3;2;2;2023-10-05
Manaus;20231007;3;3;3;2023-10-07
Niteroi;20231003;3;0;3;2023-10-03
Niteroi;20231004;3;1;3;2023-10-04
Porto Alegre;20231004;3;1;2;2023-10-04
Vitoria;20231004;3;1;3;2023-10-04
Angra dos Reis;20231005;2;1;2;2023-10-05
Araruama;20231006;2;0;2;2023-10-06
Belo Horizonte;20231003;2;2;1;2023-10-03
Belo Horizonte;20231004;2;2;2;2023-10-04
Belo Horizonte;20231006;2;1;3;2023-10-06
Caraguatatuba;20231002;2;1;3;2023-10-02
Caxias do Sul;20231004;2;2;2;2023-10-04
Caxias do Sul;20231008;2;2;1;2023-10-08
Curitiba;20231008;2;2;0;2023-10-08
Duque de Caxias;20231004;2;0;2;2023-10-04
Goiania;20231008;2;2;2;2023-10-08
Itanhaem;20231005;2;1;1;2023-10-05
Itapemirim;20231007;2;2;1;2023-10-07
Macae;20231006;2;1;2;2023-10-06
Manaus;20231006;2;1;1;2023-10-06
Natal;20231003;2;1;2;2023-10-03
Natal;20231004;2;1;1;2023-10-04
Natal;20231005;2;2;1;2023-10-05
Nova Friburgo;20231005;2;2;3;2023-10-05
Nova Friburgo;20231006;2;1;2;2023-10-06
Nova Iguacu;20231008;2;2;2;2023-10-08
Porto Alegre;20231002;2;1;1;2023-10-02
Porto Alegre;20231003;2;0;7;2023-10-03
Porto Alegre;20231006;2;1;2;2023-10-06
Recife;20231008;2;2;1;2023-10-08
Rolandia;20231006;2;1;1;2023-10-06
Salvador;20231005;2;0;2;2023-10-05
Sao Goncalo;20231002;2;1;3;2023-10-02
Sao Goncalo;20231008;2;2;1;2023-10-08
Vila Velha;20231002;2;1;2;2023-10-02
Vila Velha;20231003;2;2;2;2023-10-03
Vila Velha;20231005;2;1;3;2023-10-05
Vila Velha;20231008;2;2;2;2023-10-08
Vitoria;20231007;2;0;2;2023-10-07
Vitoria;20231008;2;1;1;2023-10-08
89032;20231008;1;1;1;2023-10-08
92364;20231008;1;0;1;2023-10-08
Acarau;20231004;1;1;0;2023-10-04
Angra dos Reis;20231006;1;1;1;2023-10-06
Araguaina;20231003;1;1;1;2023-10-03
Araraquara;20231002;1;0;2;2023-10-02
Araruama;20231005;1;0;1;2023-10-05
Assis;20231008;1;1;1;2023-10-08
Atibaia;20231005;1;1;1;2023-10-05
Bambui;20231005;1;0;1;2023-10-05
Barao de Cocais;20231004;1;1;0;2023-10-04
Barra do Garcas;20231007;1;1;0;2023-10-07
Barra do Garcas;20231008;1;1;0;2023-10-08
Bauru;20231005;1;1;1;2023-10-05
Belem;20231003;1;1;1;2023-10-03
Belem;20231005;1;0;2;2023-10-05
Belford Roxo;20231004;1;1;1;2023-10-04
Bergamo;20231007;1;1;1;2023-10-07
Blumenau;20231003;1;1;1;2023-10-03
Blumenau;20231005;1;1;1;2023-10-05
Boa Esperanca;20231007;1;1;1;2023-10-07
Bom Jesus do Itabapoana;20231005;1;0;1;2023-10-05
Braco do Norte;20231007;1;0;1;2023-10-07
Brasilia;20231008;1;0;1;2023-10-08
Buenos Aires;20231006;1;1;1;2023-10-06
Cabo Frio;20231007;1;1;1;2023-10-07
Cabo Frio;20231008;1;1;0;2023-10-08
Cachoeiro de Itapemirim;20231004;1;1;1;2023-10-04
Cachoeiro de Itapemirim;20231008;1;1;1;2023-10-08
Campina Grande;20231004;1;1;1;2023-10-04
Campinas;20231003;1;1;1;2023-10-03
Campinas;20231004;1;1;1;2023-10-04
Campinas;20231005;1;1;0;2023-10-05
Campinas;20231006;1;1;1;2023-10-06
Campinas;20231008;1;1;1;2023-10-08
Campo Grande;20231007;1;0;1;2023-10-07
Campo Grande;20231008;1;0;1;2023-10-08
Campos dos Goytacazes;20231006;1;0;1;2023-10-06
Campos dos Goytacazes;20231008;1;1;1;2023-10-08
Canela;20231004;1;1;1;2023-10-04
Canoas;20231006;1;0;1;2023-10-06
Caraguatatuba;20231004;1;0;1;2023-10-04
Caraguatatuba;20231005;1;1;1;2023-10-05
Caxias do Sul;20231002;1;0;0;2023-10-02
Chennai;20231004;1;1;1;2023-10-04
Colatina;20231004;1;1;0;2023-10-04
Concordia;20231006;1;1;1;2023-10-06
Curitiba;20231002;1;0;1;2023-10-02
Curitiba;20231003;1;0;1;2023-10-03
Curitiba;20231005;1;0;0;2023-10-05
Curitiba;20231006;1;1;1;2023-10-06
Currais Novos;20231007;1;1;1;2023-10-07
Divinopolis;20231005;1;1;1;2023-10-05
Divinopolis;20231007;1;1;1;2023-10-07
Duque de Caxias;20231002;1;1;1;2023-10-02
Esmeraldas;20231004;1;1;1;2023-10-04
Esmeraldas;20231005;1;0;0;2023-10-05
Faro;20231007;1;1;1;2023-10-07
Feira de Santana;20231005;1;1;1;2023-10-05
Flores da Cunha;20231007;1;1;1;2023-10-07
Florianopolis;20231004;1;0;1;2023-10-04
Florianopolis;20231005;1;1;0;2023-10-05
Fortaleza;20231002;1;0;1;2023-10-02
Fortaleza;20231003;1;0;1;2023-10-03
Franca;20231005;1;0;2;2023-10-05
Franca;20231007;1;1;1;2023-10-07
Fredericton;20231004;1;1;0;2023-10-04
Goiania;20231005;1;0;1;2023-10-05
Governador Valadares;20231007;1;1;1;2023-10-07
Guarabira;20231007;1;1;1;2023-10-07
Guarapari;20231002;1;0;1;2023-10-02
Guarulhos;20231005;1;1;0;2023-10-05
Guelph;20231003;1;0;0;2023-10-03
Ilheus;20231006;1;0;1;2023-10-06
Imperatriz;20231002;1;1;1;2023-10-02
Indio;20231008;1;1;0;2023-10-08
Itabira;20231005;1;0;1;2023-10-05
Itaborai;20231005;1;0;1;2023-10-05
Itaborai;20231006;1;0;1;2023-10-06
Itaborai;20231007;1;0;1;2023-10-07
Itacoatiara;20231006;1;1;1;2023-10-06
Itajuba;20231002;1;0;1;2023-10-02
Itaperuna;20231003;1;0;1;2023-10-03
Itaperuna;20231004;1;1;1;2023-10-04
Itaperuna;20231005;1;0;1;2023-10-05
Jaboatao dos Guararapes;20231003;1;1;1;2023-10-03
Jaboatao dos Guararapes;20231004;1;1;1;2023-10-04
Jequie;20231003;1;1;1;2023-10-03
Jequie;20231007;1;1;0;2023-10-07
Ji-Parana;20231002;1;1;0;2023-10-02
Joanopolis;20231006;1;1;0;2023-10-06
Joao Pessoa;20231003;1;0;1;2023-10-03
Joao Pessoa;20231005;1;1;1;2023-10-05
Joao Pessoa;20231007;1;1;1;2023-10-07
Joinville;20231006;1;1;1;2023-10-06
Jose Bonifacio;20231005;1;0;1;2023-10-05
Juiz de Fora;20231003;1;0;1;2023-10-03
Juiz de Fora;20231004;1;1;1;2023-10-04
Juiz de Fora;20231006;1;0;1;2023-10-06
Juiz de Fora;20231008;1;1;0;2023-10-08
Kuala Lumpur;20231006;1;1;0;2023-10-06
Lajeado;20231004;1;1;1;2023-10-04
Leopoldina;20231008;1;0;1;2023-10-08
Liverpool;20231005;1;1;1;2023-10-05
London;20231002;1;1;1;2023-10-02
Macae;20231003;1;0;1;2023-10-03
Macaiba;20231008;1;0;1;2023-10-08
Maceio;20231007;1;0;6;2023-10-07
Maceio;20231008;1;0;4;2023-10-08
Mage;20231004;1;1;1;2023-10-04
Mage;20231007;1;1;0;2023-10-07
Manaus;20231004;1;0;2;2023-10-04
Manaus;20231005;1;0;2;2023-10-05
Marechal Deodoro;20231005;1;0;1;2023-10-05
Marica;20231002;1;0;1;2023-10-02
Marica;20231003;1;0;2;2023-10-03
Marica;20231005;1;0;3;2023-10-05
Marica;20231006;1;0;3;2023-10-06
Marica;20231007;1;0;1;2023-10-07
Muriae;20231006;1;1;1;2023-10-06
Natal;20231002;1;1;1;2023-10-02
Natal;20231008;1;1;1;2023-10-08
Nilopolis;20231005;1;1;1;2023-10-05
Nilopolis;20231006;1;0;1;2023-10-06
Nilopolis;20231007;1;0;1;2023-10-07
Niteroi;20231002;1;0;1;2023-10-02
Niteroi;20231007;1;1;1;2023-10-07
Nova Iguacu;20231002;1;1;1;2023-10-02
Nova Iguacu;20231007;1;1;1;2023-10-07
Novo Gama;20231003;1;0;1;2023-10-03
Paraiba do Sul;20231007;1;1;1;2023-10-07
Paranavai;20231003;1;1;0;2023-10-03
Paraty;20231008;1;1;1;2023-10-08
Parnamirim;20231005;1;0;1;2023-10-05
Patos;20231007;1;1;0;2023-10-07
Peruibe;20231005;1;0;1;2023-10-05
Petropolis;20231003;1;1;1;2023-10-03
Petropolis;20231006;1;0;1;2023-10-06
Piracicaba;20231002;1;1;1;2023-10-02
Pirassununga;20231006;1;1;1;2023-10-06
Piuma;20231005;1;1;1;2023-10-05
Porto;20231004;1;0;1;2023-10-04
Porto Alegre;20231007;1;1;1;2023-10-07
Porto Real;20231002;1;1;1;2023-10-02
Porto Seguro;20231008;1;1;1;2023-10-08
Pouso Alegre;20231002;1;1;1;2023-10-02
Queimados;20231008;1;1;1;2023-10-08
Recife;20231007;1;0;1;2023-10-07
Resende;20231008;1;1;1;2023-10-08
Ribeirao Preto;20231004;1;1;0;2023-10-04
Ribeirao Preto;20231006;1;0;0;2023-10-06
Ribeirao Preto;20231008;1;1;1;2023-10-08
Rio Bonito;20231008;1;0;2;2023-10-08
Rio das Ostras;20231006;1;0;0;2023-10-06
Rio das Ostras;20231007;1;1;1;2023-10-07
Salvador;20231002;1;0;1;2023-10-02
Salvador;20231003;1;0;1;2023-10-03
Salvador;20231004;1;1;1;2023-10-04
Salvador;20231006;1;1;0;2023-10-06
Santa Cruz do Capibaribe;20231006;1;1;1;2023-10-06
Santa Maria;20231003;1;1;1;2023-10-03
Santa Maria;20231008;1;1;1;2023-10-08
Santo Andre;20231002;1;0;1;2023-10-02
Sao Bernardo do Campo;20231002;1;0;1;2023-10-02
Sao Carlos;20231005;1;0;1;2023-10-05
Sao Goncalo;20231004;1;1;1;2023-10-04
Sao Goncalo;20231005;1;1;1;2023-10-05
Sao Goncalo;20231006;1;1;1;2023-10-06
Sao Luis;20231008;1;1;1;2023-10-08
Sao Mateus do Sul;20231006;1;1;1;2023-10-06
Sao Mateus do Sul;20231008;1;0;1;2023-10-08
Sao Pedro da Aldeia;20231005;1;0;1;2023-10-05
Sao Sebastiao;20231007;1;0;2;2023-10-07
Serra;20231002;1;0;1;2023-10-02
Serra;20231007;1;1;1;2023-10-07
Sete Lagoas;20231005;1;1;2;2023-10-05
Setubal;20231005;1;1;1;2023-10-05
Shrewsbury;20231005;1;0;1;2023-10-05
Shrewsbury;20231006;1;0;1;2023-10-06
Sobral;20231004;1;1;1;2023-10-04
Sumare;20231004;1;1;1;2023-10-04
Teresina;20231004;1;0;1;2023-10-04
Teresina;20231006;1;1;1;2023-10-06
Teresopolis;20231005;1;0;1;2023-10-05
Tiangua;20231003;1;1;1;2023-10-03
Uberlandia;20231004;1;1;1;2023-10-04
Uberlandia;20231006;1;0;0;2023-10-06
Varginha;20231005;1;0;1;2023-10-05
Viamao;20231005;1;0;1;2023-10-05
Viana;20231002;1;1;1;2023-10-02
Vicosa;20231002;1;1;1;2023-10-02
Vila Nova de Gaia;20231005;1;1;0;2023-10-05
Vila Velha;20231004;1;0;1;2023-10-04
Vitoria;20231003;1;1;2;2023-10-03
Vitoria;20231005;1;1;1;2023-10-05
Vitoria;20231006;1;0;1;2023-10-06
Vitoria da Conquista;20231008;1;0;1;2023-10-08
Volta Redonda;20231004;1;1;0;2023-10-04
Volta Redonda;20231005;1;1;1;2023-10-05
Wroclaw;20231007;1;1;1;2023-10-07
Goiania;20231002;0;0;0;2023-10-02
Joao Pessoa;20231002;0;0;0;2023-10-02
Joao Pessoa;20231004;0;0;0;2023-10-04
Joao Pessoa;20231006;0;0;0;2023-10-06
Jundiai;20231005;0;0;0;2023-10-05
Macae;20231004;0;0;0;2023-10-04
Recife;20231003;0;0;0;2023-10-03
Recife;20231006;0;0;0;2023-10-06
Shrewsbury;20231007;0;0;0;2023-10-07
Taubate;20231007;0;0;0;2023-10-07
